ID,Conteúdo,Autor,Categoria,Subcategoria,Status,Tags,Última Sincronização,Excluir?
3155,As botoeiras do painel da cabina estão com os números ilegíveis.,Eliseu,,Botoeira,revisar,,08/07/2026,FALSE
3156,O botão para fechamento da porta da cabina está inoperante.,Eliseu,,Botoeira,revisar,botão para fechamento inoperante,08/07/2026,FALSE
3157,"O interfone para elevador é um sistema de comunicação bidirecional essencial para emergências. Ele permite que passageiros presos na cabina contatem instantaneamente a portaria, a casa de máquinas ou uma central de monitoramento. ",,,Interfone,ok,interfone,08/07/2026,FALSE
3158,"O dispositivo do controle da inspeção instalado no topo da cabina não atende ao item 14.2.1.3b) da norma. Necessita substituição.14.2.1.3 Controle da operação de inspeção. Para facilitar a inspeção e a manutenção, deve ser provida no topo da cabina uma botoeira de controle, facilmente acessível. b)o movimento do carro deve ser dependente do acionamento de três botões de pressão constante sendo um de subida, um de descida, com os sentidos de movimento claramente indicados, e um botão comum a ambos os sentidos, protegidos contra acionamento acidental. O movimento do carro deve ser conseguido com a atuação simultânea de um dos botões de sentido de movimento e o botão comum. O movimento do carro é obtido pressionando-se apenas um botão, contrariando a norma e sujeitando os operadores a acidentes.",Eliseu,,Comando de Inspeção,revisar,"comando de inspeção não atende a norma, norma",08/07/2026,FALSE
3159,A botoeira do comando sobe/desce do elevador não atende à Norma. Tal irregularidade compromete a segurança dos técnicos de manutenção. Os dispositivos de parada devem consistir de dispositivos elétricos de segurança de acordo com 14.1.2. Eles devem ser biestáveis e de modo que o retorno ao serviço não possa resultar de uma ação involuntária. Estes dispositivos devem ser do tipo “botão de soco”.,Eliseu,,Comando de Inspeção,ok,"botoeira de comando, não atende a norma, biestáveis, tipo soco, norma",08/07/2026,FALSE
3160,"Comando manutenção sobre a cabina: Recomenda-se a substituição dos comandos em manutenção sobre a cabina dos elevadores por novos, dispondo de botão de emergência tipo soco, comandos de segurança, iluminação e tomada.",Eliseu,,Comando de Inspeção,arquivado,"recomendação de substituição, tipo soco",08/07/2026,FALSE
3161,"A botoeira de comando em manutenção sobre a cabina está com os circuitos adulterados, não permite o elevador movimentar na baixa velocidade, que é ideal para a realização de manutenção. Tal irregularidade compromete a segurança dos técnicos de manutenção. Necessita regularização.",Eliseu,,Comando de Inspeção,ok,"não opera em baixa, regularização",08/07/2026,FALSE
3162,A botoeira de comando em manutenção sobre a cabina não executa manobra de subida. Esta irregularidade impossibilita a realização adequada e segura dos trabalhos de inspeção e manutenção dos elevadores. Este é item de segurança obrigatório por por norma. Necessita regularização.,Eliseu,,Comando de Inspeção,revisar,"não executa subida, inadequada",08/07/2026,FALSE
3163,"A botoeira de comando em manutenção sobre a cabina não possui identificações para operação, conforme determina a norma. Esta irregularidade impossibilita a realização adequada e segura dos trabalhos de inspeção e manutenção dos elevadores.",Eliseu,,Comando de Inspeção,revisar,"não possui identificação para operação, segurança",08/07/2026,FALSE
3164,A botoeira do comando sobe/desce não atende à Norma. Os dispositivos de parada devem consistir de dispositivos elétricos de segurança de acordo com 14.1.2. Eles devem ser biestáveis e de modo que o retorno ao serviço não possa resultar de uma ação involuntária. Estes dispositivos devem ser do tipo “botão de soco”.,Eliseu,,Comando de Inspeção,revisar,"não atende a norma, biestáveis, norma",08/07/2026,FALSE
3165,Falta proteção na entrada da fiação na botoeira de comando sujeitando a acidentes por acionamento involuntário da cabina caso ocorra o rompimento do isolamento da fiação. Neste caso se sujeita a acidentes,Eliseu,,Comando de Inspeção,revisar,"proteção da fiação, acidentes",08/07/2026,FALSE
3166,"O comando sobre a cabina não atende o exigido pela Norma NM207 conforme citado acima. O acionamento é feito com apenas um botão, não existe o botão comum, destinado à segurança. Compromete a segurança",Eliseu,,Comando de Inspeção,revisar,"não atende a norma, acionamento apenas por um botão",08/07/2026,FALSE
3167,"A botoeira do comando sobe/desce não atende a norma, o dispositivo de parada deve ser do tipo “botão de soco”.  NM207:14.2.2 Dispositivos de parada: Eles devem ser bi-estáveis e de modo que o retorno ao serviço não possa resultar de uma ação involuntária. Estes dispositivos devem ser do tipo “botão de soco”.",Eliseu,,Comando de Inspeção,ok,"Botoeira de Comando não atende a norma, tipo soco, norma",08/07/2026,FALSE
3168,"Vistas mostrando a botoeira de controle do elevador, no topo da cabina, que possibilita a movimentação da cabina em modo de inspeção. O botão comum, obrigatório por norma, foi constatado inoperante. O movimento do carro é obtido pressionando-se apenas um botão, contrariando a norma e sujeitando os operadores a acidentes.
NM 207 14.2.1.3 Controle da operação de inspeção. Para facilitar a inspeção e a manutenção, deve ser provida no topo da cabina uma botoeira de controle, facilmente acessível. b)o movimento do carro deve ser dependente do acionamento de três botões de pressão constante sendo um de subida, um de descida, com os sentidos de movimento claramente indicados, e um botão comum a ambos os sentidos, protegidos contra acionamento acidental. O movimento do carro deve ser conseguido com a atuação simultânea de um dos botões de sentido de movimento e o botão comum.
Necessita regularização.",Eliseu,,Comando de Inspeção,ok,"falta o botão comum, norma",08/07/2026,FALSE
4350,"O contato elétrico de confirmação de fechamento da porta da cabina (operador de portas) encontra-se sem a tampa de proteção, deixando as fiações e conexões com as partes vivas expostas. 
Esta condição contraria o item 4.3.2 da norma NBR 7192 técnica (Proteção de equipamentos sob tensão: Todas as partes sob tensão do sistema elétrico, na caixa do elevador, nas paradas, dentro ou em cima da cabina, devem ser protegidas contra contato acidental). 
A exposição dos terminais elétricos sujeita o elevador a falhas de funcionamento por acúmulo de resíduos, riscos de curto-circuito e acidentes por choque elétrico para os técnicos de manutenção. 
Necessita de regularização.
",Romulo,,Operador de Portas,revisar,"Operador de Portas, Contato Elétrico, Partes Vivas Expostas, NBR 7192, Risco de Choque Elétrico, Tampa de Proteção, Porta da Cabina.",23/07/2026,FALSE
3169,"Vistas mostrando a botoeira de controle do elevador, no topo da cabina, que possibilita a movimentação da cabina em modo de inspeção.",Rômulo,,Comando de Inspeção,arquivado,"botoeira de controle, explicação do mecanismo",08/07/2026,FALSE
3170,"Falta instalar o dispositivo de bloqueio no carro do elevador, conforme norma. Essa irregularidade compromete a segurança dos técnicos de manutenção.
NM 16042 6.4.3.1 Se o trabalho de manutenção ou inspeção da maquinaria for para ser executado de dentro da cabina ou a partir do teto da cabina e se qualquer tipo de movimento não controlado ou não esperado do carro resultante da manutenção ou inspeção puder ser perigoso para as pessoas, o seguinte se aplica:
a) qualquer movimento perigoso do carro deve ser impedido por um dispositivo mecânico;
b) todo movimento do carro deve ser impedido por meio de um dispositivo elétrico de segurança em conformidade com 14.1.2, a menos que o dispositivo mecânico esteja em sua posição inativa; [...]",Rômulo,,Estrutura Externa e Corrediças,ok,dispositivo de bloqueio,08/07/2026,FALSE
3171,"Vista mostrando os contatos elétricos dos limites de percurso superior e inferior da cabina, responsáveis por interromper o funcionamento do elevador na situação da cabina atravessar sua zona regular de funcionamento.",Eliseu,,Estrutura Externa e Corrediças,arquivado,"limites de percurso, explicação do funcionamento",08/07/2026,FALSE
3172,"Foram efetuados testes de carga na cabine do elevador. 
O elevador possui carga máxima nominal de 600 kg. Com cargas superiores a 100%, o elevador deve interromper seu funcionamento e sinalizar o excesso de carga.
O elevador indicou excesso de carga corretamente e fez bom nivelamento nos pavimentos sob carga nominal.",Rômulo,,Estrutura Externa e Corrediças,ok,"testes de carga, pesador de carga",08/07/2026,FALSE
3173,"A folga entre a cabina e as estruturas da guia do contrapeso (0,8cm) está abaixo do admitido pela norma(3,0 cm) sujeitando a colisões e acidentes. Compromete a segurança. Necessita regularização. NBR 7192 4.4.4.2 As folgas entre o carro, contrapeso e paredes das caixas, devem obedecer ao seguinte: b)entre as partes mais salientes dos carros e as partes mais salientes do contrapeso ou qualquer peça aos mesmo fixada, mínimo: 3 cm",Eliseu,,Estrutura Externa e Corrediças,ok,"pequena folga entre cabina e contrapeso, norma",08/07/2026,FALSE
3174,A suspensão da cabina está ressecada e as molas estão provocando ruídos excessivos. Os ruídos provocam desconforto e insegurança nos usuários. Necessita regularização.,Eliseu,,Estrutura Externa e Corrediças,ok,"Fixação da Cabina, suspensão ressecada, ruídos",08/07/2026,FALSE
3175,"A norma não exige, todavia, entendemos ser fortemente recomendável por razões de segurança, que os elevadores disponham de portinhola de salvamento sobre a cabina.",Eliseu,,Estrutura Externa e Corrediças,arquivado,"portinhola de salvamento, recomendação",08/07/2026,FALSE
3176,"Falta uma das borrachas mordentes responsáveis pela fixação da cabina na estrutura. A falta das borrachas mordentes sujeita a cabina a deslocamentos e torções, sujeitando a desgaste prematuro e funcionamento ruidoso. Necessita regularização.",Eliseu,,Estrutura Externa e Corrediças,ok,"Fixação da Cabina, faltam borrachas mordentes, deslocamentos, torções",08/07/2026,FALSE
3177,Os dispositivos mordentes responsáveis pela fixação da cabina na estrutura estão devidamente fixados e apresentam-se em perfeitas condições de uso. Não constatamos necessidade de substituição ou reparos.,Eliseu,,Estrutura Externa e Corrediças,arquivado,"Fixação da Cabina, devidamente fixada, ok",08/07/2026,FALSE
3178,"Os dispositivos mordentes responsáveis pela fixação da cabina na estrutura estão folgados, permitindo movimentações da cabina. Devem ser substituídos e ajustados.",Eliseu,,Estrutura Externa e Corrediças,ok,"Fixação da Cabina, mordentes folgados, movimentações, substituição",08/07/2026,FALSE
3179,"Existe peso abandonado sobre a cabina sujeitando os técnicos de manutenção a acidentes. Devem ser retirados, verificando-se o balanceamento do conjunto cabina/contra peso.",Eliseu,,Estrutura Externa e Corrediças,ok,"peso abandonado, retirar, verificar balanceamento",08/07/2026,FALSE
3180,Detalhes mostrando as corrediças das cabinas. As corrediças apresentam-se em perfeitas condições de uso. Não constatamos necessidade de substituição ou reparos.,Eliseu,,Estrutura Externa e Corrediças,arquivado,ok,08/07/2026,FALSE
3181,"Falta dispositivo separador dos cabos de tração na suspensão da cabina. O separador de cabos tem a função de evitar torções e atenuar vibrações, evitando a repercussão de ruídos na cabina, melhorando as condições de conforto dos passageiros. Necessita regularização.",Eliseu,,Estrutura Externa e Corrediças,ok,"Separador de Cabos, falta separador, vibrações, conforto",08/07/2026,FALSE
3182,"As corrediças de rolo estão com as articulações ressecadas, desajustadas e com acúmulo de sujeira. Tal irregularidade sujeita o equipamento a um funcionamento pesado e ruidoso que compromete a segurança psicológica dos usuários. Necessita regularização.",Eliseu,,Estrutura Externa e Corrediças,revisado_por_pablo,"Corrediças ressecadas, sujas, funcionamento pesado e ruidoso",08/07/2026,FALSE
3183,"As corrediças da cabina estão frouxas e com acúmulo excessivo de sujeira. As corrediças da cabina, frouxas, sujeitam a cabina a balanços e solavancos desconfortáveis. As folgas excessivas nas corrediças possibilitam que a cabina entre em colisão com estruturas ao longo da caixa de corrida. Necessita regularização.",Eliseu,,Estrutura Externa e Corrediças,revisado_por_pablo,"Corrediças frouxas, balanços, colisão",08/07/2026,FALSE
3184,"Porta-corrediça inferior da cabina está quebrado, sujeitando a cabina a fortes vibrações, quando em movimento de descida. Necessita regularização.",Eliseu,,Estrutura Externa e Corrediças,revisado_por_pablo,"porta corrediça quebrado, vibrações",08/07/2026,FALSE
3185,Falta óleo no reservatório do para-choques sob a cabina. Compromete a segurança dos usuários. Necessita regularização.,Eliseu,,Estrutura Externa e Corrediças,revisado_por_pablo,"Para Choques, falta óleo, segurança",08/07/2026,FALSE
3186,"A foto ao lado mostra as chaves magnéticas e placas de sinalização instaladas na cabina e ao longo da caixa de corrida. Esses dispositivos são responsáveis por encaminhar ao quadro de comando informações do posicionamento da cabina ao longo dos pavimentos de forma que os módulos eletrônicos realizem as rotinas de redução, nivelamento e parada dos elevadores.",Eliseu,,Estrutura Externa e Corrediças,revisado_por_pablo,"chaves magnéticas, explicação do mecanismo",08/07/2026,FALSE
3187,As chaves magnéticas da cabina estão roçando nas placas de sinalização dos pavimentos ao longo da caixa de corrida. Sujeita a colisões e acidentes graves. Necessita regularização.,Eliseu,,Estrutura Externa e Corrediças,revisado_por_pablo,chaves magnéticas roçando com as placas de sinalização,08/07/2026,FALSE
3188,Detalhe mostrando sensores de aproximação para paradas e nivelamento no topo da cabina instalados de forma improvisada e sujeitos a escape. Necessita regularização.,Eliseu,,Estrutura Externa e Corrediças,revisado_por_pablo,"sensores de aproximação, instalação improvisada",08/07/2026,FALSE
3189,O circuito de segurança do alçapão do topo da cabina foi curto-circuitado (eliminado). A prática de adulteração ou eliminação de circuitos de segurança dos elevadores é altamente condenável e compromete a segurança. Os componentes de segurança dos elevadores devem ser mantidos permanentemente em perfeitas condições de funcionamento e integridade. Necessita regularização.,Eliseu,,Estrutura Externa e Corrediças,revisado_por_pablo,"alçapão, contato eliminado, segurança",08/07/2026,FALSE
3373,"Vista geral da parte interna da cabina.
Os componentes de segurança: iluminação de emergência, alarme e interfone foram testados e constatados em perfeitas condições de uso. Não constatamos irregularidade.",Eliseu,,Sem Subcategoria,ok,ok,08/07/2026,FALSE
3190,"Os contatos de segurança do alçapão, da fita seletora e do freio de segurança, instalados sobre a cabina estão tomados por sujeira, sujeitando a ficarem presos quando operados, causando falhas de funcionamento que comprometem a segurança. Os componentes de segurança dos elevadores devem ser mantidos permanentemente em perfeitas condições de funcionamento e integridade. Necessita regularização.",Eliseu,,Estrutura Externa e Corrediças,revisado_por_pablo,"alçapão, contatos, sujeira, travamento, falha de funcionamento",08/07/2026,FALSE
3191,O acionamento do limite de segurança da tampa do alçapão é biestável e permite a movimentação da cabina com a tampa do alçapão aberta. Compromete a segurança. Necessita regularização.,Eliseu,,Estrutura Externa e Corrediças,revisado_por_pablo,"Alçapão, contato eliminado, segurança",08/07/2026,FALSE
3192,"A saia tapa vistas, dispositivo de segurança, está danificada (amassada).",Eliseu,,Estrutura Externa e Corrediças,revisado_por_pablo,Chapa Tapa Vista amassada,08/07/2026,FALSE
3193,"A cabina é montada sobre uma plataforma, em uma armação de aço constituída por duas longarinas fixadas em cabeçotes. O conjunto cabina, armação e plataforma denomina-se carro. A cabina destina-se ao transporte dos passageiros. O operador de portas, mecanismo motorizado situado sobre a porta da cabina, garante abertura e fechamento das portas do elevador ao chegar no pavimento determinado, permitindo o embarque e o desembarque dos passageiros. O aparelho de segurança montado normalmente na armação do carro deve atuar somente em casos de emergência, ocasionando o travamento da cabina às guias pela atuação do freio de emergência, quando acionado o limitador de velocidade.",Eliseu,,Estrutura Externa e Corrediças,revisado_por_pablo,"cabina, definição",08/07/2026,FALSE
3194,As chapas tapa vistas e as partes inferiores da cabina estão tomadas por oxidações. Deve-se providenciar tratamento anticorrosivo.,Eliseu,,Estrutura Externa e Corrediças,revisado_por_pablo,"Chapa Tapa Vista, oxidadas, tratamento anticorrosivo",08/07/2026,FALSE
3195,Falta instalar a saia tapa vistas da cabina. Trata-se de dispositivo de segurança.,Eliseu,,Estrutura Externa e Corrediças,revisado_por_pablo,"Chapa Tapa Vista, falta instalar, segurança",08/07/2026,FALSE
3196,"A cabina do elevador está viajando enforcada nas entre guias (sem folga entre as corrediças da cabina e as guias), tal irregularidade sujeita o elevador a funcionamento pesado e provoca sobrecarga no sistema de tração (motor, máquina e cabos).",Eliseu,,Estrutura Externa e Corrediças,revisado_por_pablo,"cabina enforcada entre as guias, sobrecarga",08/07/2026,FALSE
3197,"Existem folgas excessivas entre as corrediças e as entre-guias da cabina do elevador. Tal irregularidade sujeita a cabina a movimentos laterais excessivos e eventuais colisões com as guias, que causam sobressalto aos passageiros e desgaste de componentes. Necessita regularização.",Eliseu,,Estrutura Externa e Corrediças,revisado_por_pablo,"folga nas guias, colisão",08/07/2026,FALSE
3198," Os rolos de guia danificados devem ser substituidos por novos, de procedencia certificada, e que suportem os esforços a que são submetidos sem sofrerem trincas ou descolamentos.",Eliseu,,Estrutura Externa e Corrediças,revisado_por_pablo,rolos de guias devem ser substituidos,08/07/2026,FALSE
3199,"Este elevador é acionado por quadro de comando eletromecânico.
A parada destes elevadores no pavimento é feita através da atuação do freio eletromecânico da máquina de tração. Este sistema provoca paradas bruscas e nivelamento impreciso com formação de degrau entre o piso da cabina e o piso do pavimento. A troca do quadro de comando atual a relés por um quadro de comando eletrônico com acionamento VVVF (variação de voltagem e frequência) proporcionaria viagens mais confortáveis, com aceleração e paradas suaves, e paradas com nivelamento preciso em todos os pavimentos, independentemente do número de passageiros na cabina.",Eliseu,,Estrutura Externa e Corrediças,revisado_por_pablo,"Nivelamento, elevador não fazendo bom nivelamento, acionamento por quadro eletromecânico",08/07/2026,FALSE
3237,"P1 –Os dutos de ventilação mecânica da cabina estão tomados por sujeira, além de um funcionamento ruidoso e dificultado, sujeita os passageiros a contaminações do ar. A limpeza deve parte dos procedimentos regulares de manutenção.",Eliseu,,Iluminação e Ventilação,ok,"Sistema de Ventilação, dutos sujos, funcionamento ruidoso, contaminação, limpeza",08/07/2026,FALSE
3238,"P1 –Os dutos de ventilação mecânica da cabina estão tomados por sujeira, além de um funcionamento ruidoso e dificultado, sujeita os passageiros a contaminações do ar. A limpeza deve parte dos procedimentos regulares de manutenção.",Eliseu,,Iluminação e Ventilação,ok,"sujeira no sistema de ventilação, contaminação",08/07/2026,FALSE
3239,"A grade difusora para entrada de ar no topo da cabina está solta, sem fixação adequada. Necessita regularização. ",Eliseu,,Iluminação e Ventilação,ok,grade difusora de ar solta ventilação,08/07/2026,FALSE
3240,"A cabine do elevador não possui ventilação forçada, recomenda-se a instalação, com o objetivo de aumentar a condição de conforto dos passageiros. ",Eliseu,,Iluminação e Ventilação,ok,falta ventilador na cabine,08/07/2026,FALSE
3248,"P6-Algumas fiações no teto da cabina estão desprotegidas e expostas a pisoteio. Contraria a Norma.4.3.2 Proteção de equipamentos sob tensão: Todas as partes sob tensão do sistema elétrico, na caixa do elevador, nas paradas, dentro ou em cima da cabinas, devem ser protegidas contra contato acidental. Os condutores localizados na caixa, nas cabinas e na casa de máquinas, com exceção dos cabos de comando que ligam a fiação à caixa, devem ser instalados em condutos.13.5.3.5 A fim de assegurar a continuidade da proteção mecânica, a capa protetora dos condutores e cabos deve ser totalmente introduzida na caixa de interruptores e aparelhagens, ou deve ter uma manga de construção adequada nas extremidades.",Eliseu,,Instalação Elétrica,ok,"fiações expostas, norma",08/07/2026,FALSE
3249,"P6-Algumas fiações no teto da cabina estão desprotegidas e expostas a pisoteio.4.3.2 Proteção de equipamentos sob tensão: Todas as partes sob tensão do sistema elétrico, na caixa do elevador, nas paradas, dentro ou em cima da cabinas, devem ser protegidas contra contato acidental. Os condutores localizados na caixa, nas cabinas e na casa de máquinas, com exceção dos cabos de comando que ligam a fiação à caixa, devem ser instalados em condutos.13.5.3.5 A fim de assegurar a continuidade da proteção mecânica, a capa protetora dos condutores e cabos deve ser totalmente introduzida na caixa de interruptores e aparelhagens, ou deve ter uma manga de construção adequada nas extremidades.",Eliseu,,Instalação Elétrica,ok,"fiações expostas, norma",08/07/2026,FALSE
3250,"P6-As instalações elétricas da caixa de interligações sobre a cabina estão em desarranjo. Existem diversos fios expostos. Deve-se proceder a uma reinstalação das fiações em conduites, identificando-as4.3.2 Proteção de equipamentos sob tensão: Todas as partes sob tensão do sistema elétrico, na caixa do elevador, nas paradas, dentro ou em cima da cabinas, devem ser protegidas contra contato acidental. Os condutores localizados na caixa, nas cabinas e na casa de máquinas, com exceção dos cabos de comando que ligam a fiação à caixa, devem ser instalados em condutos conforme a NBR 5410.",Eliseu,,Instalação Elétrica,ok,"fiações em desarranjo, expostas, norma",08/07/2026,FALSE
3200,"Falta o contato elétrico de confirmação de fechamento no alçapão. Necessita regularização.
NM 207 8.11.4.1 Alçapões e portas de emergência devem ser providas com meios manuais de travamento.
8.11.4.2 A trava mencionada em 8.11.4.1 deve ser verificada por meio de um dispositivo elétrico de segurança de acordo com 14.1.2.
a) este dispositivo deve causar a parada do elevador se o travamento deixa de ser efetivo.
b) a volta do elevador ao serviço somente deve ser possível depois de um travamento voluntário por uma pessoa competente. ",Rômulo,,Estrutura Externa e Corrediças,revisado_por_pablo,alçapão sem contato,08/07/2026,FALSE
3201,"Falta a trava no alçapão da cabina dos elevadores, item exigido por norma:
NM 207 8.11.4.1 Alçapões e portas de emergência devem ser providas com meios manuais de travamento.
A falta de trava possibilita a abertura do alçapão pela parte interna da cabina, sujeitando a vandalismo e acidentes.
Necessita regularização.",Rômulo,,Estrutura Externa e Corrediças,revisado_por_pablo,alçapão sem trava no teto da cabina,08/07/2026,FALSE
3202,"Deve-se instalar uma balaustrada (guarda-corpo) no topo da cabina, para evitar acidentes graves envolvendo a queda de pessoas no poço, ao realizar trabalhos sobre a cabina. 
NM 207 8.12 Teto da cabina 8.12.1 Além dos requisitos de 8.3, o teto da cabina deve: 8.12.1 [...] c) dispor de uma balaustrada quando o espaço livre no plano horizontal para além da extremidade do teto da cabina exceder 0,30 m.",Rômulo,,Estrutura Externa e Corrediças,revisado_por_pablo,"cabina sem balaustrada, instalar. Norma",08/07/2026,FALSE
3203,"A balaustrada instalada não possui rigidez adequada ao uso, defletindo excessivamente quando forçada, comprometendo a segurança.
A balaustrada sobre a cabina é item de segurança obrigatório por norma.
Necessita regularização.",Eliseu,,Estrutura Externa e Corrediças,revisado_por_pablo,balaustrada defletindo excessivamente,08/07/2026,FALSE
3204,"A cabina deste elevador é dotada de dispositivo de bloqueio, que possibilita o travamento da cabina nas guias por segurança para determinados procedimentos de manutenção.
Para realizar o travamento, uma barra metálica sobre a cabina é atravessada em um ponto de fixação na guia.
Todavia, falta a instalação do ponto de fixação na guia deste elevador, impossibilitando o procedimento de bloqueio da cabina.
O dispositivo de bloqueio é item de segurança obrigatório por norma para elevadores sem casa de máquinas. Necessita regularização.
 
NM 16042 6.4.3.1 Se o trabalho de manutenção ou inspeção da maquinaria for para ser executado de dentro da cabina ou a partir do teto da cabina e se qualquer tipo de movimento não controlado ou não esperado do carro resultante da manutenção ou inspeção puder ser perigoso para as pessoas, o seguinte se aplica:
a) qualquer movimento perigoso do carro deve ser impedido por um dispositivo mecânico;
b) todo movimento do carro deve ser impedido por meio de um dispositivo elétrico de segurança em conformidade com 14.1.2, a menos que o dispositivo mecânico esteja em sua posição inativa; [...]",Eliseu,,Estrutura Externa e Corrediças,revisado_por_pablo,"dispositivo de bloqueio, faltando instalar o ponto de fixação na guia",08/07/2026,FALSE
3205,"Vista da parte superior da cabina do elevador.
 
A cabina destes elevadores dispensam a instalação de guarda corpo, uma vez que o espaço livre entre a extremidade do teto e as paredes da caixa de corrida são inferiores à 0,30 m.
 
NM 207 8.12.1 [...] c) dispor de uma balaustrada quando o espaço livre no plano horizontal para além da extremidade do teto da cabina exceder 0,30 m.",Rômulo,,Estrutura Externa e Corrediças,revisado_por_pablo,cabina dispensa instalação de guarda corpo,08/07/2026,FALSE
3206,"Vistas geral dos dispositivos instalados na parte superior da cabina.
Os equipamentos foram inspecionados e testados.
Não constatamos irregularidade.",Rômulo,,Estrutura Externa e Corrediças,revisado_por_pablo,"parte superior da cabina, OK",08/07/2026,FALSE
3207,"Pela norma de acessibilidade, a exatidão de nivelamento do elevador no pavimento deve ser de +- 15 mm.
NM 313 5.3.3 Exatidão de parada/nivelamento e distância entre soleiras 5.3.3.1 Em condições normais de funcionamento, a exatidão de parada da cabina do elevador em cada pavimento deve ser de ± 10 mm e deve ser mantida uma exatidão de nivelamento de ± 20 mm.NOTA MERCOSUL – Para o Brasil deve ser mantida uma exatidão de nivelamento de ± 15 mm",Eliseu,,Estrutura Externa e Corrediças,revisado_por_pablo,"exatidão de nivelamento, soleira cabina pavimento",08/07/2026,FALSE
3208,A cabina apresenta um aspecto velho que deprecia o equipamento e o imóvel de uma forma geral. Recomenda-se a revitalização dos internos da cabina.,Eliseu,,Estrutura Interna e Acabamento,revisado_por_pablo,"velho, deprecia o imóvel, revitalização",08/07/2026,FALSE
3209,"O aspecto geral da cabina está desatualizado. As botoeiras estão desgastadas e com sujeira, os painéis têm um aspecto velho e desbotado. A iluminação do subteto é deficiente. Recomenda-se o rejuvenescimento da cabina com a aplicação de componentes como um design mais moderno e eficiente.",Eliseu,,Estrutura Interna e Acabamento,revisado_por_pablo,"desatualizado, desgastado, revitalização",08/07/2026,FALSE
3210," O aspecto geral da cabina está desatualizado. As botoeiras estão desgastadas, os painéis inox estão arranhados. Recomenda-se o rejuvenescimento da cabina.",Eliseu,,Estrutura Interna e Acabamento,revisado_por_pablo,"desatualizado, desgastado, revitalização",08/07/2026,FALSE
3211,As grelhas do subteto da cabina estão fora de posição sujeitando-se a queda sobre os passageiros. Necessita de regularização.,Eliseu,,Estrutura Interna e Acabamento,revisado_por_pablo,"Subteto, grelhas fora de posição, sujeitas a queda",08/07/2026,FALSE
3212,As placas de acrílico do subteto da cabina estão quebradas sujeitando-se a queda sobre os passageiros. Necessita de regularização.,Eliseu,,Estrutura Interna e Acabamento,revisado_por_pablo,"Subteto, placas de acrílico quebradas, queda",08/07/2026,FALSE
3213,A sujeira das partes externas da cabina são visíveis através das grelhas de ventilação da cabina dando um aspecto de abandono e insegurança ao equipamento. Necessita de regularização.,Eliseu,,Estrutura Interna e Acabamento,revisado_por_pablo,"Subteto, parte externa visível através da grelha, insegurança",08/07/2026,FALSE
3214,"Falta o subteto da cabina do elevador. Esta irregularidade deprecia o equipamento. Além disto, o aspecto descuidado do elevador causa insegurança aos usuários. Necessita de regularização.",Eliseu,,Estrutura Interna e Acabamento,revisado_por_pablo,"Subteto, falta subteto, depreciação, insegurança",08/07/2026,FALSE
3215,"O elevador e componentes da cabina têm recebido reparos improvisados. Estas irregularidades depreciam o equipamento, além disto, o aspecto descuidado do elevador causa insegurança aos usuários.",Eliseu,,Estrutura Interna e Acabamento,revisado_por_pablo,"Aspecto Físico, descuidado, reparos improvisados, insegurança",08/07/2026,FALSE
3216,"O suporte de fixação do subteto está frouxo, possibilitando a queda do subteto sobre os passageiros. Deve-se regularizar a fixação.",Eliseu,,Estrutura Interna e Acabamento,ok,"Subteto, fixação frouxa, queda do subteto",08/07/2026,FALSE
3217,"O piso de granito foi instalado sobreposto ao piso da cabina, criando um ressalto que sujeita a risco de tropeços e quedas.
As irregularidades de nivelamento e ressaltos comprometem a segurança; especialmente de pessoas idosas.",Eliseu,,Estrutura Interna e Acabamento,ok,"piso de granito sobreposto ao piso da cabina, degrau",08/07/2026,FALSE
3251,"P6-As instalações elétricas sobre a cabina estão em completo desarranjo. Existem diversos fios expostos. Deve-se proceder a uma total reinstalação das fiações, identificando-as e isolando as partes vivas.",Eliseu,,Instalação Elétrica,ok,"fiações em desarranjo, expostas, reinstalação",08/07/2026,FALSE
3374,Vista geral da parte superior da cabina. Botões de inspeção. Pesador de carga. Operador de porta. Os equipamentos foram testados e encontram-se em boas condições de uso e funcionamento.,Eliseu,,Sem Subcategoria,ok,"vista da parte superior, ok",08/07/2026,FALSE
3218,"NM313 5.3.2 Equipamentos na cabina 5.3.2.1 Deve-se instalar um corrimão localizado nos painéis laterais e no de fundo, O corrimão deve ter uma seção transversal entre 30 mm e 45 mm, com raio mínimo de 5 mm ± 1 mm. Deve permitir boa empunhadura, sendo preferencialmente de seção circular, com espaço livre entre o painel da cabina e o corrimão de 40 mm mm. A altura da parte superior do corrimão deve estar entre 875 mm ± 25 mm do piso acabado e ter contraste com os
painéis de cabina (ver Anexo E).
O corrimão deve ser interrompido junto a botoeira da cabina para não obstruir botões ou comandos. Nesta situação a  extremidade deve ser voltada para a parede para minimizar o risco de acidente. Se não houver continuidade entre os corrimãos instalados entre os painéis laterais e de fundo, a distância entre os mesmos deve ser entre 40 mm e 45 mm, com extremidades fechadas e não ter cantos vivos.",Rômulo,,Estrutura Interna e Acabamento,ok,"corrimao na cabina, acessibilidade, NM313",08/07/2026,FALSE
3219,"A norma de acessibilidade NM313:2003 exige que existam corrimãos situados em ambos os painéis laterais da cabina.
NM313 5.3.2 Equipamentos na cabina
5.3.2.1 Deve-se instalar um corrimão localizado nos painéis laterais e no de fundo, O corrimão deve ter uma seção transversal entre 30 mm e 45 mm, com raio mínimo de 5 mm ± 1 mm(...)",Rômulo,,Estrutura Interna e Acabamento,ok,corrimão em apenas um lado,08/07/2026,FALSE
3220,As partes inferiores da cabina estão com oxidações. Deve-se proceder a limpeza e tratamentos anticorrosivos.,Eliseu,,Estrutura Interna e Acabamento,ok,"Aspecto Físico, parte inferior oxidada, tratamento anticorrosivo",08/07/2026,FALSE
3221,"A norma determina que deve existir guarda corpo no topo da cabina devendo consistir de pelo menos um corrimão, um rodapé de 0,1 m de altura e uma barra intermediária a meia altura. A falta do guarda corpo sujeita o pessoal técnico a quedas e acidentes.",Eliseu,,Guarda Corpo,ok,deve existir guarda corpo,08/07/2026,FALSE
3222,"A balaustrada no topo da cabina deve consistir de pelo menos um corrimão, um rodapé de 0,1 m de altura e uma barra intermediária a meia altura.(Falta o rodapé e a barra intermediária a meia altura)",Eliseu,,Guarda Corpo,ok,falta rodapé e barra intermediária,08/07/2026,FALSE
3223,"Recomenda-se a instalação de guarda corpo no topo da cabina devendo consistir de pelo menos um corrimão, um rodapé de 0,1 m de altura e uma barra intermediária a meia altura. A falta do guarda corpo sujeita o pessoal técnico a quedas e acidentes.",Eliseu,,Guarda Corpo,ok,"deve existir guarda corpo, quedas",08/07/2026,FALSE
3224,"Falta o a instalação do guarda corpo sobre a cabina.
A norma NM 207 determina: Deve existir guarda corpo no topo da cabina devendo consistir de pelo menos um corrimão, um rodapé de 0,1 m de altura e uma barra intermediária a meia altura.
A falta do guarda corpo sujeita o pessoal técnico a quedas e acidentes.",Eliseu,,Guarda Corpo,ok,"falta guarda corpo, norma",08/07/2026,FALSE
3225,"Falta o rodapé do guarda corpo. A norma NM207 determina: Deve existir guarda corpo no topo da cabina devendo consistir de pelo menos um corrimão, um rodapé de 0,1 m de altura e uma barra intermediária a meia altura. A falta do guarda corpo sujeita o pessoal técnico a quedas e acidentes.",Eliseu,,Guarda Corpo,ok,"falta rodapé, norma",08/07/2026,FALSE
3226,"a cabina desse elevador não atende à Norma no que se refere a ventilação natural da mesma. Tal irregularidade sujeita os passageiros a falta de ar que podem se tornar graves quando os passageiros estão presos no interior da cabina. Recomenda-se a regularização fazendo-se aberturas nas laterais, na parte superior e inferior da cabina, conforme determina a Norma:8.15.1 As cabinas devem ser providas com aberturas de ventilação na sua parte superior e inferior.8.15.2 A área efetiva das aberturas de ventilação situadas na parte superior da cabina deve ser pelo menos 1% da área útil da cabina, e o mesmo se aplica para as aberturas na parte inferior da cabina. As folgas ao redor das portas da cabina podem ser consideradas no cálculo da área dos furos de ventilação, até 50% da área efetiva requerida.",Eliseu,,Iluminação e Ventilação,ok,"deficiente, aberturas de ventilação, norma",08/07/2026,FALSE
3227," A cabina desse elevador não possui aberturas na parte inferior de forma a proporcionar a ventilação natural da mesma. Tal irregularidade sujeita os passageiros a falta de ar que podem se tornar graves quando os passageiros estão presos no interior da cabina em situações de emergência. Recomenda-se a regularização fazendo-se aberturas nas laterais, na parte superior e inferior das cabinas, conforme determina a Norma atual:8.15.1 As cabinas devem ser providas com aberturas de ventilação na sua parte superior e inferior.8.15.2 A área efetiva das aberturas de ventilação situadas na parte superior da cabina deve ser pelo menos 1% da área útil da cabina, e o mesmo se aplica para as aberturas na parte inferior da cabina. As folgas ao redor das portas da cabina podem ser consideradas no cálculo da área dos furos de ventilação, até 50% da área efetiva requerida.",Eliseu,,Iluminação e Ventilação,ok,"deficiente, aberturas de ventilação, norma",08/07/2026,FALSE
3228," As cabinas desse elevador apresentam condição de ventilação natural deficiente. Tal irregularidade sujeita os passageiros a falta de ar quando presos no interior da cabina. Recomenda-se a regularização fazendo-se aberturas nas laterais, na parte superior e inferior da cabina, conforme determina a Norma:",Eliseu,,Iluminação e Ventilação,ok,"deficiente, aberturas de ventilação",08/07/2026,FALSE
3229," As pás do ventilador da cabina 4 estão expostas (sem grades), sujeitando-as pessoas e o equipamento a danos e acidentes.",Eliseu,,Iluminação e Ventilação,ok,"pás do ventilador expostas, acidentes",08/07/2026,FALSE
3230,"O detalhe abaixo mostra a grelha da cabina destinada à ventilação forçada, ligada ao duto. (na falta de energia esse sistema fica inoperante, desta forma os passageiros dependem das boas condições da ventilação natural)",Eliseu,,Iluminação e Ventilação,ok,"Ventilação, falta de energia, importante ventilação natural",08/07/2026,FALSE
3231,"Algumas luminárias estão soltas sobre o subteto, de forma irregular.",Eliseu,,Iluminação e Ventilação,ok,"Iluminação, luminárias soltas",08/07/2026,FALSE
3232," As fiações do ventilador sobre a cabina estão expostas e sujeitas à pisoteio. Todas as partes sob tensão do sistema elétrico, na caixa do elevador, nas paradas, dentro ou em cima da cabinas, devem ser protegidas contra contato acidental.",Eliseu,,Iluminação e Ventilação,ok,"Ventilação, fiações do ventilador soltas",08/07/2026,FALSE
3233,"As pás do ventilador sobre a cabina estão expostas, sem grade de proteção. Sujeita a acidentes e danos com a penetração de objetos e contato acidental.
Recomenda-se a instalação da grade.",Eliseu,,Iluminação e Ventilação,ok,"Ventilação, pás do ventilador expostas, acidentes",08/07/2026,FALSE
3234,"Falta reforçar a iluminação no interior da cabina. O valor obtido foi 29lx. 4.9.4.13 As cabinas devem ter iluminação com um mínimo de duas lâmpadas, de forma a assegurar iluminamento médio mínimo de 50 lux ao nível do piso.",Eliseu,,Iluminação e Ventilação,ok,"iluminação fraca, norma",08/07/2026,FALSE
3235,"Faltam luminárias no interior da cabina.4.9.4.13 As cabinas devem ter iluminação com um mínimo de duas lâmpadas, de forma a assegurar iluminamento médio mínimo de 50 lx ao nível do piso.",Eliseu,,Iluminação e Ventilação,ok,"faltam luminárias, iluminação mínima, norma",08/07/2026,FALSE
3236,"O duto de ventilação da cabina está esmagado, impossibilitando a passagem do ar para ventilação da cabina.",Eliseu,,Iluminação e Ventilação,ok,"duto esmagado, impedindo ventilação",08/07/2026,FALSE
3241,"Vistas gerais mostrando a parte interna da cabina.
 
A cabina desse elevador não atende à Norma no que se refere a ventilação natural da mesma.
Tal irregularidade sujeita os passageiros a falta de ar que podem se tornar graves quando os passageiros estão presos no interior da cabina.
Recomenda-se a regularização fazendo-se aberturas laterais, na parte superior e inferior da cabina, conforme determina a Norma:
NM 207 8.15.1 As cabinas devem ser providas com aberturas de ventilação na sua parte superior e inferior. 8.15.2 A área efetiva das aberturas de ventilação situadas na parte superior da cabina deve ser pelo menos 1% da área útil da cabina, e o mesmo se aplica para as aberturas na parte inferior da cabina. As folgas ao redor das portas da cabina podem ser consideradas no cálculo da área dos furos de ventilação, até 50% da área efetiva requerida.
 
A entrada de ar existente na parte inferior é insuficiente para atender às condições mínimas de ventilação natural da cabina (1% da área útil da cabina na parte inferior).
Área útil da cabina: 2,24 m²
Área efetiva de ventilação na parte superior: 0,00 m²
Área efetiva de ventilação na parte inferior: aprox. 0,015 m² (~ 0,4% da área útil da cabina).
 
Para a execução dos serviços de regularização, deve-se considerar que:
NM 207 8.15.3 As aberturas de ventilação devem ser feitas ou arranjadas de modo que não seja possível passar, através dos painéis da cabina, a partir de dentro, uma vareta rígida reta de 10 mm de diâmetro.",Eliseu,,Iluminação e Ventilação,ok,ventilação deficiente na cabina. NM 207,08/07/2026,FALSE
3242,"A ventoinha da ventilação forçada da cabina apresenta ruídos excessivos, típicos de rolamento danificado, necessita regularização.",Eliseu,,Iluminação e Ventilação,ok,ventoinha ruidosa Ventilação,08/07/2026,FALSE
3243," É recomendável que se faça aberturas na parte inferior (rodapé) e superior da cabina de forma a proporcionar circulação de ar que garanta as condições de conforto dos passageiros presos no interior da cabina, na ausência do funcionamento da ventilação forçada pelos ventiladores.",Eliseu,,Iluminação e Ventilação,ok,recomendação para ventilação natural,08/07/2026,FALSE
3244,"Necessita de regularização envolvendo a sua proteção contra danos.
NM207 13.5.1.1 Exceto para os circuitos de potência da máquina, podem ser usados em todos os circuitos os condutores selecionados conforme CENELEC HD 21.3 S2, partes 2 (HO7V-U e HO7V-R), 3 (HO7V-K), 4 (HO5V-U) e 5 (HO5V-K), desde que eles estejam instalados em conduites (ou canaletas) feitas de metal ou plásticos ou os condutores estejam protegidos de maneira equivalente.",Eliseu,,Instalação Elétrica,ok,"Fiações expostas, NM207",08/07/2026,FALSE
3245,"As instalações elétricas sobre a cabina estão em completo desarranjo. Existem diversos fios expostos. Deve-se proceder a uma total reinstalação das fiações, identificando-as e isolando as partes vivas.",Eliseu,,Instalação Elétrica,ok,"em desarranjo, reinstalação",08/07/2026,FALSE
3246,"As instalações elétricas sobre a cabina estão em desarranjo e sujeitas a pisoteio provocando mau contato e danos aos cabos e causando falhas de funcionamento aos elevadores. Existem diversos fios expostos. Deve-se proceder a uma reinstalação das fiações em conduites, identificando-as4.3.2 Proteção de equipamentos sob tensão: Todas as partes sob tensão do sistema elétrico, na caixa do elevador, nas paradas, dentro ou em cima da cabinas, devem ser protegidas contra contato acidental. Os condutores localizados na caixa, nas cabinas e na casa de máquinas, com exceção dos cabos de comando que ligam a fiação à caixa, devem ser instalados em condutos conforme a NBR 5410.",Eliseu,,Instalação Elétrica,ok,"em desarranjo, reinstalação, norma",08/07/2026,FALSE
3247,"P6- Algumas fiações estão com as partes vivas expostas e sem identificação. 4.3.2 Proteção de equipamentos sob tensão: Todas as partes sob tensão do sistema elétrico, na caixa do elevador, nas paradas, dentro ou em cima da cabinas, devem ser protegidas contra contato acidental. Os condutores localizados na caixa, nas cabinas e na casa de máquinas, com exceção dos cabos de comando que ligam a fiação à caixa, devem ser instalados em condutos conforme a NBR 5410.Pode ser usado eletroduto flexível em cabinas, casa de máquinas, caixas entre limitadores, fechos eletromagnéticos, botoeiras e dispositivos semelhantes, desde que não ultrapasse 1,50 m em comprimento. Em outros locais não sujeitos a danos, as derivações poderão ser igualmente feitas em eletrodutos flexíveis.",Eliseu,,Instalação Elétrica,ok,"fiações expostas, sem identificação, norma",08/07/2026,FALSE
3375,Vista geral da parte superior da cabina. Botões de inspeção. Pesador de carga. Operador de porta. Os equipamentos foram testados e encontram-se em boas condições de uso e funcionamento.,Eliseu,,Sem Subcategoria,ok,Parte Superior da Cabina inspecionado OK,08/07/2026,FALSE
3376,"Vistas gerais mostrando a parte superior, inferior e interior da cabina.",Rômulo,,Sem Subcategoria,ok,"Vistas gerais mostrando a parte superior, inferior e interior da cabina.",08/07/2026,FALSE
3377,"NBR 5410 6.2.11.1.9 Devem ser empregadas caixas:
b) em todos os pontos de emenda ou de derivação de condutores;
 
 6.2.11.1.11 Os condutores devem formar trechos contínuos entre as caixas, não se admitindo emendas e
derivações senão no interior das caixas. Condutores emendados ou cuja isolação tenha sido danificada e
recomposta com fita isolante ou outro material não devem ser enfiados em eletrodutos.",Eliseu,,Cabos de Manobra,ok,Instalações Elétricas,08/07/2026,FALSE
3378,"Cabos de manobra no percurso do elevador, sujeitando a danos contra a cabina. Norma proíbe.",Eliseu,,Cabos de Manobra,ok,no percurso do elevador,08/07/2026,FALSE
3379,Falta instalar fiação de arames suportes de guia para impedir que os cabos de comando prendam-se nos suportes e rompam-se.,Eliseu,,Cabos de Manobra,ok,suporte para os cabos,08/07/2026,FALSE
3380,"Em alguns pontos os cabos de comando estão roçando nas estruturas, iniciando um processo de danos ao isolamento. Ao longo do tempo os fios ficam expostos sujeitando a curto circuitos que muitas vezes causam a condenação destes cabos elétricos. Preventivamente deve-se aplicar proteção isolante nestes pontos.",Eliseu,,Cabos de Manobra,ok,"roçando nas estruturas, norma, proteção",08/07/2026,FALSE
3381,"Vistas mostrando os cabos de comando ao longo da caixa de corrida.
Os cabos de comando são cabos elétricos flexíveis destinados à comunicação entre a cabina, dispositivos da caixa de corrida e o quadro de comando.
Os cabos de comando estão se apoiando nas estruturas ao longo da caixa de corrida.
No funcionamento do elevador, esses cabos estão roçando nas quinas danificando seu isolamento, podendo vir a causar curtos e fechar circuitos, comprometendo a condição de uso seguro do equipamento.
Os cabos de comando devem ser posicionados e fixados visando eliminar o contato entre o cabo e as estruturas e equipamentos na caixa de corrida.",Rômulo,,Cabos de Manobra,ok,cabos roçando nas estruturas,08/07/2026,FALSE
3252,"  Cortina luminosa eletrônica para segurança dos passageiros (régua eletrônica): Necessita instalar e regularizar as cortinas luminosa eletrônica, com emissores de raios infravermelhos, para retroceder a porta da cabina automaticamente sem tocar os passageiros, quando interceptada. Apenas as réguas de segurança dos elevadores 1 e 3 apresentaram condições de funcionamento.",Eliseu,,Instalação Elétrica,ok,"Régua eletrõnica, falta instalar, explicação do mecanismo",08/07/2026,FALSE
3253,"P9-A régua de segurança das portas da cabina estão em boas condições de funcionamento, todavia, face à utilização comercial do edifico ser voltada para idosos e pessoas com deficiências físicas é recomendável que o sistema mecânico de reabertura das portas seja substituído por sistema com régua eletrônica.",Eliseu,,Instalação Elétrica,ok,"Régua Eletrônica, régua de segurança, substituição, idosos",08/07/2026,FALSE
3254,P9-Este elevador possui apenas um sensor de aproximação na porta da cabina é recomendável que este sistema de reabertura das portas seja substituído por sistema com régua eletrônica com sensores ao longo de toda sua extensão.,Eliseu,,Instalação Elétrica,ok,"Régua Eletrônica, sensor de aproximação, substituição",08/07/2026,FALSE
3255,P9-O circuito de segurança de uma das réguas de emergência da porta da cabina foi eliminado (curto-circuitado). Compromete a segurança dos usuários.,Eliseu,,Instalação Elétrica,ok,"Porta da Cabina, circuito eliminado, segurança",08/07/2026,FALSE
3256,"P9-O contato da régua de segurança da porta da cabina foi eliminado. A pratica de eliminar contatos de segurança compromete a segurança, sujeitando os usuários a acidentes e a pancadas de porta.",Eliseu,,Instalação Elétrica,ok,"contáto da régua eliminado, acidentes",08/07/2026,FALSE
3257,"P9-O contato de segurança da aba, batente da porta da cabina, está inoperante. Sua falta possibilita que, estando o elevador em movimento, pessoas, particularmente crianças, se acidentem introduzindo a mão na folga entre aba e a porta da cabina. Tal irregularidade é grave. A pratica de eliminar contatos de segurança compromete a segurança, sujeitando os usuários a acidentes.",Eliseu,,Instalação Elétrica,ok,"contato da aba inoperante, acidentes",08/07/2026,FALSE
3258, Os dispositivos pesadores de carga para despacho automático da cabina lotada foram constatados com a calibração desajustada.,Eliseu,,Instalação Elétrica,ok,Pesador de Carga com calibração desajustada,08/07/2026,FALSE
3259,"P9-A régua eletrônica, dispositivo responsável pela reabertura automática das portas da cabina e de pavimento, apresenta folgas que possibilitam seu deslocamento em direção à porta de pavimento e cria condições para a ocorrência de graves acidentes devidos a colisão do topo da rampa com mecanismos da porta de pavimento.",Eliseu,,Instalação Elétrica,ok,"Régua Eletrônica com folga, deslocamento, colisão com o topo da rampa",08/07/2026,FALSE
3260, Os dispositivos pesadores de carga para despacho automático da cabina lotada foram constatados com a calibração desajustada.,Eliseu,,Instalação Elétrica,ok,"Pesador de Carga, desajustado",08/07/2026,FALSE
3261,"Foram efetuados testes de carga nas cabinas dos elevadores. Os elevadores possuem carga máxima nominal de 1500kg. Com cargas acima de 90%, o elevador deve realizar o despacho automático, não respondendo a chamadas de pavimento. Com cargas superiores a 100%, o elevador deve interromper seu funcionamento e sinalizar o excesso de carga.",Eliseu,,Instalação Elétrica,ok,"Explicação do teste, Teste de Carga",08/07/2026,FALSE
3262,"NM207 13 Instalação elétrica 13.5 Fiação elétrica 13.5.3 Método de instalação 13.5.3.2 Conexões, terminais de ligação e conectores, exceto aqueles indicados em 13.1.2, devem ser localizados em armários, caixas ou painéis providos com esse propósito.",Eliseu,,Instalação Elétrica,ok,,08/07/2026,FALSE
3263,"NM207 13 Instalação elétrica 13.5 Fiação elétrica 13.5.3 Método de instalação 13.5.3.5 A fim de assegurar a continuidade da proteção mecânica, a capa protetora dos condutores e cabos deve ser totalmente introduzida na caixa de interruptores e aparelhagens, ou deve ter uma manga de construção adequada nas extremidades. NOTA - As armações fechadas das portas de pavimento e porta da cabina são consideradas como caixas de aparelhagem. Contudo, se há risco de dano mecânico devido ao movimento de elementos ou arestas cortantes da própria armação, os condutores ligados a dispositivo elétrico de segurança devem ser mecanicamente protegidos.",Eliseu,,Instalação Elétrica,ok,fiações expostas,08/07/2026,FALSE
3264,"O contato de segurança sob a cabina, responsável por desligar o elevador na situação de acionamento do freio de segurança, foi constatado inoperante.
 
Necessita regularização.
 
Os componentes de segurança dos elevadores devem ser mantidos permanentemente em perfeitas condições de funcionamento e integridade.",Rômulo,,Instalação Elétrica,ok,contato de segurança sob a cabina inoperante,08/07/2026,FALSE
3265,"P9-A régua eletrônica, dispositivo responsável pela reabertura automática das portas da cabina e de pavimento, apresenta folgas que possibilitam seu deslocamento em direção à porta de pavimento e cria condições para a ocorrência de graves acidentes devidos a colisão do topo da rampa com mecanismos da porta de pavimento.",Eliseu,,Instalação Elétrica,ok,"Régua Eletrônica, régua com folgas, acidentes",08/07/2026,FALSE
3266,"As instalações elétricas sobre a cabina estão em desarranjo, feitos de forma improvisada e sujeitas a pisoteio que podem provocar mau contato e danos aos cabos e causar falhas de funcionamento aos elevadores.",Eliseu,,Instalações Elétricas,ok,"em desarranjo, pisoteio, mau contato, falhas",08/07/2026,FALSE
3286,"As estruturas da porta da cabina estão com acúmulo de sujeira. Tal irregularidade sujeita as portas a funcionamento pesado e ruidoso, provoca desgaste prematuro nos mecanismos do operador de portas, corrediças de náilon e suspensões, além de comprometer as condições de higiene do edifício. A limpeza deve fazer parte dos procedimentos periódicos de manutenção.",Rômulo,,Limpeza,ok,sujeira na porta da cabina,08/07/2026,FALSE
3287,"Existe acúmulo de resíduos de construção civil na parte superior da cabina.
Os resíduos construção civil na parte superior da cabina sujeitam os mecanismos do operador de portas a um funcionamento pesado e ruidoso causando degaste prematuro do mecanismo, danificam os componentes eletrônicos  uma vez que incorporam umidade, e trazem sujidades para parte interna da cabina através do subteto.
Deve-se proceder à limpeza geral.",Romulo,,Limpeza,ok,resíduos de construção civil sobre a cabina,08/07/2026,FALSE
3358,"Os botões de interfone das cabinas, quando acionados, não emitem sinal sonoro no interior da cabina, dando a impressão para usuário de que o interfone não esta funcionando.
Deve-se proceder à regularização, visando assegurar a segurança psicológica do usuário em situações de emergência.",Rômulo,,Sistemas de Emergência,ok,interfone não soa dentro da cabina,08/07/2026,FALSE
3359,"O interfone do elevador foi constatado inoperante. Necessita regularização.
Os dispositivos destinados à segurança dos usuários em situação de emergência devem ser mantidos permanentemente em perfeitas condições de uso.",Rômulo,,Sistemas de Emergência,ok,interfone inoperante,08/07/2026,FALSE
3419,Vista geral do contrapeso. Foram suprimidas as molas do contrapeso do elevador 1.As molas têm a função de equalizar o tensionamento entre os cabos de tração e garantir funcionamento confortável ao elevador. Recomenda-se a regularização.,Eliseu,,Contrapeso e Corrente de Compensação,ok,"foram suprimidas, explicação, regularização",08/07/2026,FALSE
3267,"Vista mostrando onde estão instaladas as placas de controle lógico do elevador (módulos eletrônicos). Na parte superior da cabina está instalado o módulo SDIC. 
A placa SDIC instalada sobre a cabina é onde estão ligados os sensores e toda comunicação da caixa de corrida e cabina. 
As placas SMIC (módulos eletrônicos) sobre as cabinas dos elevadores estão em situação precária, com a vida útil comprometida, devido ao acúmulo excessivo de sujeira, sujeitando os elevadores a falhas de funcionamento intermitentes. 
A sujeira, nos períodos chuvosos, incorpora umidade que deteriora os componentes eletrônicos e as ligações, dos terminais das placas, gerando mau contato nas interligações. 
Tal irregularidade provoca retardo de sinal entre a placa de interface (SDIC) e o Drive, gerando falhas de funcionamento intermitentes nos elevadores. ",Rômulo,,Instalações Elétricas,ok,módulos eletrônicos sobre a cabina com acúmulo de resíduos,08/07/2026,FALSE
3268,"A sujeira misturada com óleo sobre a cabina prejudicam as boas condições de aterramento dos equipamentos, sujeitando-os a falhas de funcionamento e queimas.",Eliseu,,Limpeza,ok,"Aterramento, sujeira e óleo prejudicando o aterramento",08/07/2026,FALSE
3269,"Vista geral da parte superior da cabina. O topo da cabina e seus componentes estão com acúmulo de sujeira e óleo derramado. O óleo sujeita a escorregões, gotejamento sobre passageiros, e em casos de incêndios comporta-se como combustível.",Eliseu,,Limpeza,ok,"Sujeira, óleo, gotejamento, combustível",08/07/2026,FALSE
3270,"Vista geral do topo da cabina. Existe acúmulo excessivo de sujeira e óleo derramado no topo, suspensão e mecanismos da cabina. Compromete as condições de higiene do edifício e em caso de incêndio comportam-se como combustível.",Eliseu,,Limpeza,ok,"sujeira e óleo, higiene",08/07/2026,FALSE
3271,"Vista geral do topo da cabina. Existe acúmulo excessivo de sujeira no topo, suspensão e mecanismos da cabina. Compromete as condições de higiene do edifício.",Eliseu,,Limpeza,ok,"sujeira e óleo, suspensão e mecanismos, higiene",08/07/2026,FALSE
3272, A prática de se colocar estopas nas corrediças é condenável e sujeita a travamentos da cabina e a danos às corrediças.,Eliseu,,Limpeza,ok,"estopas, travamento, condenável",08/07/2026,FALSE
3273,"P3-A lubrificação das guias e corrediças está sendo feita de forma inadequada, o óleo colocado em excesso escorre pelas estruturas da cabina, gotejando e sujando.",Eliseu,,Limpeza,ok,"Lubrificação das Guias, inadequada, óleo em excesso, gotejamento",08/07/2026,FALSE
3275,"Mecanismos do operador da porta da cabina, com acúmulo de sujeira e com funcionamento pesado e ruidoso. Tal irregularidade compromete a vida útil dos componentes devido a desgastes prematuros. Necessita limpeza, regulagem e lubrificação adequada.",Eliseu,,Limpeza,ok,"no operador de portas, pesado ruidoso, vida útil",08/07/2026,FALSE
3276,"Mecanismos do operador da porta da cabina, com acúmulo de sujeira e com funcionamento pesado e ruidoso. Tal irregularidade compromete a vida útil dos componentes devido a desgastes prematuros. Sujeita os componentes a mau contato causando paralisação nos elevadores. Necessita limpeza, regulagem e lubrificação adequada.",Eliseu,,Limpeza,ok,"Operador de Portas, sujeira, pesado ruidoso, mau contato, manutenção",08/07/2026,FALSE
3277,Os contatos elétricos de confirmação de abertura e fechamento da porta da cabina estão expostos a sujeira sujeitando os elevadores a falhas de funcionamento. A limpeza deve fazer parte dos procedimentos periódicos de manutenção.,Eliseu,,Limpeza,ok,"Operador de Portas, contatos de abertura e fechamento expostos, sujeira",08/07/2026,FALSE
3278,"P9-As estruturas da porta da cabina estão com acúmulo de sujeira. Tal irregularidade sujeita as portas a funcionamento pesado e ruidoso, provoca desgaste prematuro nos mecanismos do operador de portas, corrediças de náilon e suspensões, além de comprometer as condições de higiene do edifício. A limpeza deve fazer parte dos procedimentos periódicos de manutenção.",Eliseu,,Limpeza,ok,"na porta da cabina, funcionamento pesado, higiene",08/07/2026,FALSE
3279,P9-Vista geral da parte superior da cabina mostrando o operador de portas da cabina. A porta e suas suspensões apresentam um funcionamento pesado e ruidoso devido a ressecamento e sujeira.,Eliseu,,Limpeza,ok,"Sujeira no operador de portas, pesado ruidoso, ressecamento",08/07/2026,FALSE
3280,"P6-Falta limpeza geral. As instalações elétricas da caixa de interligações sobre a cabina estão em desarranjo e sujeitas a pisoteio. Existem diversos fios expostos sujeitando o elevador a falhas de funcionamento. Deve-se proceder a uma reinstalação das fiações em conduites, identificando-as. Sobre a cabina os equipamentos eletrônicos responsáveis pelo acionamento do motor do operador de portas (inversores de frequência) estão soltos sujeitando-se a danos e a falhas de funcionamento. Os dutos do sistema de ventilação forçada da cabina estão com acúmulos de sujeira e esmagados.",Eliseu,,Limpeza,ok,bagunça e sujeira sobre a cabina,08/07/2026,FALSE
3281,"Existe acúmulo de resíduos de construção civil sobre as cabinas dos elevadores (entulho, pó de cimento, sujeira).
A poeira de construção civil, própria de edificações novas, com pó de cimento incorporado, é corrosiva e danifica os componentes.
É necessário realizar procedimentos periódicos de manutenção envolvendo a limpeza e aspiração sobre as cabinas.",Rômulo,,Limpeza,ok,cimento sobre a cabina,08/07/2026,FALSE
3282,"Detalhe mostrando acúmulo de resíduo no subteto da cabina.
Estes resíduos atingem os componentes dos sistemas  instalados no teto da cabina, ventilação e iluminação, através do subteto, trazendo sujidades para a parte interna da cabina.
Deve-se proceder à limpeza.",Rômulo,,Limpeza,ok,"sujeira no subteto da cabina, recebimento",08/07/2026,FALSE
3283,"Vista geral da parte superior da cabina.
Existe acúmulo de resíduos de construção civil na parte superior das cabinas.
Os resíduos de construção civil incorporam umidade que danificam os componentes eletrônicos.
Deve-se proceder à limpeza.",Rômulo,,Limpeza,ok,resíduos de construção no teto da cabina,08/07/2026,FALSE
3284,"Existem resíduos de construção civil nos mecanismos e estruturas do operador de portas.
Resíduos de construção civil nos mecanismos do operador sujeitam a um funcionamento pesado e ruidoso, e provocam desgaste prematuro do equipamento.
Deve-se proceder à limpeza.",Rômulo,,Limpeza,ok,"resíduos de construção civil no operador de portas, recebimento",08/07/2026,FALSE
3285,"Vista  mostrando o aparelho de segurança, instalado sob a cabina e responsável pela frenagem do elevador em situações de sobrevelocidade.
Existe acúmulo de resíduos de construção civil entre os mecanismos do freio de segurança dos elevadores, comprometendo as boas condições de funcionamento do conjunto do freio.
Os mecanismos devem receber limpeza e teste dinâmico em conjunto com o limitador de velocidade.
Os componentes de segurança dos elevadores devem ser mantidos permanentemente em perfeitas condições de funcionamento.",Rômulo,,Limpeza,ok,"resíduos de construção civil no freio de segurança, recebimento",08/07/2026,FALSE
3288,"Vistas mostrando a parte superior da cabina.
Existe acúmulo excessivo poeira de construção civil impregnada de cimento sobre os componentes no topo da cabina e nos módulos da caixa de interligação.
A sujeira, nos períodos chuvosos, incorpora umidade que deteriora os componentes eletrônicos e as ligações, dos terminais das placas, gerando mau contato nas interligações sujeitando os elevadores a falhas de funcionamento intermitentes.
Deve-se proceder à limpeza.",Rômulo,,Limpeza,ok,"elevador novo, poeira de construção civil sobre a cabina e módulos",08/07/2026,FALSE
3289,Vista geral da parte superior da cabina. Existe sujeira acumulada no mecanismo do ventilador da cabina. Essa sujeira é introduzida para o ar da cabina durante funcionamento do elevador. Necessita regularização.,Rômulo,,Limpeza,ok,sujeira acumulada no ventilador da cabina,08/07/2026,FALSE
3290,"Existe acúmulo de sujeira e óleo em cima da cabina do elevador. Compromete as condições de higiene do edifício (os técnicos espalham óleo andando pelo prédio após subir na cabine). Necessita limpeza geral.
NBR 16083 A manutenção inclui: a) lubrificação e limpeza. ​
Necessita regularização.",Rômulo,,Limpeza,ok,"óleo derramado em cima da cabine, técnicos pisando e espalhando o óleo",08/07/2026,FALSE
3291,"P6-Falta limpeza geral. As instalações elétricas da caixa de interligações sobre a cabina estão em desarranjo e sujeitas a pisoteio. Existem diversos fios expostos sujeitando o elevador a falhas de funcionamento. Deve-se proceder a uma reinstalação das fiações em conduites, identificando-as. Sobre a cabina os equipamentos eletrônicos responsáveis pelo acionamento do motor do operador de portas (inversores de frequência) estão soltos sujeitando-se a danos e a falhas de funcionamento. Os dutos do sistema de ventilação forçada da cabina estão com acúmulos de sujeira e esmagados.",Eliseu,,Limpeza,ok,desarranjo geral na parte superior da cabina,08/07/2026,FALSE
3292," O operador de portas, mecanismo motorizado situado sobre a porta da cabina, garante abertura e fechamento das portas do elevador ao chegar ao pavimento determinado, permitindo o embarque e o desembarque dos passageiros.",Eliseu,,Operador de Portas,ok,explicação do mecanismo,08/07/2026,FALSE
3293, Está ocorrendo alta incidência de vazamento de óleo do redutor do operador de portas. O óleo derramado provoca sujeira nos mecanismos da cabina podendo inclusive vir a gotejar sobre os passageiros.,Eliseu,,Operador de Portas,ok,"óleo, gotejamento",08/07/2026,FALSE
3294,"A correia do operador de portas está danificada em diversos pontos. Caso venha a se romper os passageiros ficarão presos no interior da cabina. No estágio atual ainda não existe comprometimento, uma vez que a correia possui cordoalhas internamente. Deve-se fazer acompanhamento e programar a substituição.",Eliseu,,Operador de Portas,ok,"correia danificada, segurança, programar substituição",08/07/2026,FALSE
3295,Cabo de aço do dispositivo de arraste do operador de portas da cabina com diversas quebras de arames. Caso venha a se romper os passageiros ficarão presos no interior da cabina.,Eliseu,,Operador de Portas,ok,cabo de arraste com arames quebrados,08/07/2026,FALSE
3296,Cabo de aço do dispositivo de arraste do operador de portas da cabina com diversas quebras de arames. Caso venha a se romper os passageiros ficarão presos no interior da cabina.,Eliseu,,Operador de Portas,ok,"Rampa Móvel, colisão na caixa, folgas",08/07/2026,FALSE
3297,"Falta a tampa dos terminais do limite do conjunto operador de portas da cabina. As fiações estão com as partes vivas expostas contrariando a Norma item 4.3.2 Proteção de equipamentos sob tensão: Todas as partes sob tensão do sistema elétrico, na caixa do elevador, nas paradas, dentro ou em cima da cabinas, devem ser protegidas contra contato acidental.",Eliseu,,Operador de Portas,ok,"falta tampa dos terminais, equipamento exposto, norma",08/07/2026,FALSE
3298,"Vista do operador da porta da cabina. A corrente de acionamento para a abertura da porta da cabina está ressecada, oxidada e desregulada, roçando nas estruturas. Tal irregularidade provoca desgaste prematuro dos componentes e um funcionamento ruidoso.",Eliseu,,Operador de Portas,ok,"corrente de acionamento deteriorada, desgaste",08/07/2026,FALSE
3299,Vista geral mostrando a rampa móvel do operador de portas. A borracha batente da rampa móvel está danificada provocando um funcionamento desajustado e ruidoso.,Eliseu,,Operador de Portas,ok,"borracha batente danificada, funcionamento ruidoso",08/07/2026,FALSE
3300,P9-A rampa móvel do dispositivo de arraste da porta da cabina apresenta folgas excessivas que possibilitam seu deslocamento em direção à porta de pavimento. Cria condições para a ocorrência de graves acidentes devidos a colisão do topo da rampa com mecanismos da porta de pavimento.,Eliseu,,Operador de Portas,ok,"Rampa Móvel, com folga, colisão, acidentes",08/07/2026,FALSE
3301," O operador de portas foi substituído durante os procedimentos de modernização, e a rampa móvel para abertura dos fechos eletromecânicos das portas de pavimento foi substituída por perfil U. A ausência das rampas móveis, substituídas, sujeita o sistema operador de portas a um esforço adicional, uma vez que a abertura se faz pelo arraste da porta com o trinco ainda fechado.",Eliseu,,Operador de Portas,ok,"rampa móvel substituida por perfil U, esforço adicional",08/07/2026,FALSE
3302," Caixa de terminais do motor do operador de portas, faltando a tampa, com fiações expostas. As fiações de interligação da cabina ao quadro de comando estão expostas e em desarranjo, sujeitando a falhas de funcionamento dos elevadores.",Eliseu,,Operador de Portas,ok,"faltam tampas, fiações expostas, falhas de funcionamento",08/07/2026,FALSE
3303,"P9-A rampa, dispositivo de arraste da porta da cabina, apresenta parafusos frouxos, as folgas possibilitam seu deslocamento em direção à porta de pavimento e cria condições para a ocorrência de graves acidentes devidos a colisão do topo da rampa com mecanismos da porta de pavimento.",Eliseu,,Operador de Portas,ok,"Rampa Móvel, parafusos frouxos, deslocamento, acidentes",08/07/2026,FALSE
3304,"P9-A rampa, dispositivo de arraste da porta da cabina, apresenta parafusos frouxos, as folgas possibilitam seu deslocamento em direção à porta de pavimento e cria condições para a ocorrência de graves acidentes devidos a colisão do topo da rampa com mecanismos da porta de pavimento.",Eliseu,,Operador de Portas,ok,"Rampa Móvel, com folgas, acidentes",08/07/2026,FALSE
3305, Os dispositivos do operador de porta estão colidindo contra os roletes das portas de pavimento ao longo da caixa de corrida quando em movimento de subida e descida.,Eliseu,,Operador de Portas,ok,mecanismo colidindo contra roletes,08/07/2026,FALSE
3306,"Vista geral do operador de portas, dispositivo responsável pela abertura e fechamento das portas do elevador quando este chega ao pavimento determinado, permitindo o embarque e o desembarque dos passageiros.
O dispositivo foi inspecionado e testado. Não constatamos irregularidade.",Eliseu,,Operador de Portas,ok,"operador, explicação, inspecionado, ok",08/07/2026,FALSE
3321,"Existe folga excessiva entre a soleira do carro e a soleira de pavimento. Tal irregularidade contraria a norma e sujeita os passageiros a acidentes envolvendo tropeços. NBR 7192 4.4.4.1 As folgas entre o carro e o lado das portas de pavimento devem ser as seguintes: a) entre a face da soleira do carro e a soleira do pavimento: mínimo: 1,5 cm, máximo: 3,5 cm;
Necessita regularização.",Eliseu,,Porta e Soleira,ok,"folga excessiva entre soleira da cabina e do pavimento, norma",08/07/2026,FALSE
3307,"Vista geral mostrando o operador de portas da cabina do Elev. 1 (Serviço).
O contato de confirmação de fechamento de porta da cabina do elevador de serviço se apresenta excessivamente desgastado (Em alguns pontos já não tem mais o inserto).
Tal irregularidade sujeita a mau contato com consequente falha de funcionamento do elevador e a prender passageiros.
Deve-se proceder a substituição dos contatos.",Rômulo,,Operador de Portas,ok,Contato de operador de portas com inserto desgastado,08/07/2026,FALSE
3308,"Vista geral mostrando o dispositivo operador de portas da cabina.
A rampa móvel do dispositivo de arraste da porta da cabina apresenta folgas excessivas que possibilitam seu deslocamento em direção à porta de pavimento.
Tal irregularidade cria condições para a ocorrência de graves acidentes devidos a colisão do topo da rampa com mecanismos da porta de pavimento.
 
Necessita regularização.
 
Detalhe exemplificando colisão da rampa móvel com a soleira da porta de pavimento quando a porta da cabina é forçada para fora (no caso de alguém apoiar contra a porta, por exemplo)",Eliseu,,Operador de Portas,ok,rampa móvel colidindo com a soleira. Folgas excessivas.,08/07/2026,FALSE
3309,"Vista geral da porta e operador de portas da cabina.
 
Os dispositivos e mecanismos foram inspecionados e testados. Não constatamos irregularidade.",Eliseu,,Operador de Portas,ok,porta e operador OK,08/07/2026,FALSE
3310,"Vista geral mostrando o dispositivo operador de portas da cabina.
As estruturas das portas da cabina devem ser capazes de suportar esforços de 30N perpendicularmente às mesmas.
Foi constatado que a porta da cabina do elevador, quanto submetida a um pequeno esforço para fora, deflete de forma que a rampa de arraste do operador de portas da cabina projeta para fora, entrando em rota de colisão com as soleiras das portas de pavimento. Esta situação sujeita a acidentes, comprometendo as condições de uso seguro do elevador. 
Necessita regularização.
 
Detalhe exemplificando colisão da rampa móvel com a soleira da porta de pavimento quando a porta da cabina é forçada para fora (no caso de alguém apoiar contra a porta, por exemplo).",Eliseu,,Operador de Portas,ok,rampa móvel colidindo com a soleira.,08/07/2026,FALSE
3311,"A correia do operador de portas de ambas as cabinas encontram-se ressecadas, indicando fim da vida útil
No caso de rompimento, sujeita a prender os passageiros no interior da cabina.
Recomenda-se programar sua substituição.",Rômulo,,Operador de Portas,ok,correia do operador de portas ressecada,08/07/2026,FALSE
3312,"P3-As estruturas das portas da cabina devem ser capazes de suportar esforços de 300 N perpendicularmente às mesmas. As portas da cabina desses elevadores são excessivamente flexíveis de tal forma que um pequeno esforço com as pontas dos dedos é capaz de deslocá-las a ponto de provocar uma colisão entre o dispositivo da porta da cabina e as soleiras das portas de pavimento provocando acidentes de graves consequências.
NM 207 8.6.6 Resistência mecânica As portas da cabina em posição fechada devem possuir resistência mecânica tal que, quando se aplica uma força de 300 N perpendicular à porta, em qualquer ponto, de dentro da cabina para fora, distribuída sobre uma área de 5 cm2 redonda ou quadrada, elas devem: 
a) resistir sem deformação permanente; 
b) resistir sem deformação elástica maior que 15 mm; 
c) depois deste ensaio, a função de segurança da porta não deve ter sido afetada.",Eliseu,,Porta da Cabina,ok,"porta flexível demais, segurança",08/07/2026,FALSE
3313,P3-As estruturas das portas da cabina devem ser capazes de suportar esforços de 30N perpendicularmente às mesmas. As portas da cabina desses elevadores são flexíveis de tal forma que um pequeno esforço com as pontas dos dedos é capaz de deslocá-las a ponto de provocar uma colisão entre o dispositivo de arraste da cabina e as soleiras das portas de pavimento provocando acidentes de graves consequências.,Eliseu,,Porta e Soleira,ok,"Porta da Cabina, flexiveis, colisão",08/07/2026,FALSE
3314," Existe folga excessiva entre a soleira do carro e a soleira de pavimento. Tal irregularidade contraria a norma e sujeita os passageiros a acidentes envolvendo tropeços. NM207 item 11.2.2 A distância horizontal entre a soleira do carro e a soleira de pavimento não deve exceder 0,035 m.
Necessita regularização.",Eliseu,,Porta e Soleira,ok,"folga excessiva entre soleira da cabina e do pavimento, norma",08/07/2026,FALSE
3315,As corrediças das portas da cabina estão desgastadas provocando um funcionamento ruidoso e batimentos da porta no sentido transversal ao fechamento.,Eliseu,,Porta e Soleira,ok,"corrediças desgastadas, funcionamento ruidoso",08/07/2026,FALSE
3316,"P9-As hastes de fechamento da porta da cabina estão desajustadas impossibilitando o fechamento total da porta. Possibilita que objetos sejam inseridos na folga da porta com a cabina em movimento, causando acidentes.",Eliseu,,Porta e Soleira,ok,"hastes impedindo fechamento total, acidentes",08/07/2026,FALSE
3317,"P9-Borracha batente da porta da cabina está danificada sujeitando a um fechamento ruidoso. Tais irregularidades depreciam o equipamento e o imóvel. Estas irregularidades depreciam o equipamento, além disto, o aspecto descuidado do elevador causa insegurança aos usuários.",Eliseu,,Porta e Soleira,ok,"borracha batente danificada, funcionamento ruidoso",08/07/2026,FALSE
3318,"P9-Existem marcas em diversas portas e soleiras das portas de pavimento provocadas pela colisão do facão da porta da cabina, responsável pelo arraste e abertura da porta de pavimento. Compromete a segurança.",Eliseu,,Porta e Soleira,ok,"Porta da Cabina marcas, colisão do facão, segurança",08/07/2026,FALSE
3319,P3-As estruturas das portas da cabina devem ser capazes de suportar esforços de 30N perpendicularmente às mesmas. As portas da cabina desses elevadores são excessivamente flexíveis de tal forma que um pequeno esforço com as pontas dos dedos é capaz de deslocá-las a ponto de provocar uma colisão entre o dispositivo da porta da cabina e as soleiras das portas de pavimento provocando acidentes de graves consequências.,Eliseu,,Porta e Soleira,ok,porta da cabina muito flexível,08/07/2026,FALSE
3320,"As portas das cabinas dos elevadores não são capazes de fazer abertura para inspeção quando fora do pavimento, uma vez que a  régua eletrônica da porta da cabina dos elevadores colide com o rolete do trinco da porta do pavimento inferior.
Tal irregularidade compromete procedimentos técnicos de manutenção e inspeção, e sujeita a régua eletrônica e o aparelho operador de portas a danos devido a colisão.
Deve-se proceder à regularização através de ajustes. ",Rômulo,,Porta e Soleira,ok,porta da cabina nao abrindo para inspeção por pegar nos roletes da porta de pavimento de baixo,08/07/2026,FALSE
4292,"Para a modernização do equipamento, recomenda-se a substituição das atuais portas de pavimento de eixo vertical por portas automáticas de abertura lateral. As portas de eixo vertical possuem funcionamento mais antigo, exigem maior esforço operacional e apresentam menor praticidade e nível de segurança quando comparadas aos sistemas automáticos modernos.

A substituição por portas automáticas proporcionará maior segurança aos usuários, melhor confiabilidade operacional do elevador, mais praticidade no embarque e desembarque, além de reduzir riscos de falhas mecânicas e adequar o equipamento aos padrões mais modernos de utilização e segurança.",Rômulo,,Limpeza,revisar,"modernização, substituição de porta de eixo vertical por porta automática",13/07/2026,FALSE
3322,"Quando forçadas manualmente no sentido de abertura, as folhas de porta realizam abertura excessiva, sujeitando a riscos de acidente envolvendo a introdução de objetos nas aberturas. Contraria a norma técnica. Necessita regularização.
NBR NM 207 7.2.3.2 Sob a aplicação de uma força de 150 N com a mão (sem ferramenta), no ponto mais desfavorável, no sentido de abertura das portas corrediça horizontal e portas dobráveis, as folgas definidas em 7.1.1 podem exceder 6 mm, mas não devem exceder 
a) 30 mm para as portas de abertura lateral; 
b) 45 mm para as portas de abertura central. ",Eliseu,,Porta e Soleira,ok,Abrindo demais quando forçada manualmente,08/07/2026,FALSE
3323,"Duas corrediças da folha da porta da cabine estão desgastadas. A porta está parcialmente solta no trilho, causando ruído excessivo e desgaste dos mecanismos. Necessita regularização. ",Eliseu,,Porta e Soleira,ok,"corrediças desgastadas, funcionamento ruidoso",08/07/2026,FALSE
3324,"A folha de porta da cabine está desajustada, arranhando no marco da porta quando abre. Necessita regularização. ",Eliseu,,Porta e Soleira,ok,porta arranhando no marco ao abrir,08/07/2026,FALSE
3325,"A porta da cabina e as portas de pavimento do elevador apresentam grande quantidade de marcas e arranhados de uso do equipamento, criando um aspecto degradado ao elevador. Recomendamos procedimento de manutenção envolvendo o escovamento/polimento das chapas, com o objetivo de recompor a estética sem a necessidade de trocas das portas. ",Rômulo,,Porta e Soleira,ok,portas arranhadas,08/07/2026,FALSE
3326,"NBR NM 207 7.2.3.2 Sob a aplicação de uma força de 150 N com a mão (sem ferramenta), no ponto mais desfavorável, no sentido de abertura das portas corrediça horizontal e portas dobráveis, as folgas definidas em 7.1.1 podem exceder 6 mm, mas não devem exceder 
a) 30 mm para as portas de abertura lateral;
b) 45 mm para as portas de abertura central. ",Rômulo,,Porta e Soleira,ok,"NM 207, porta abrindo demais quando forçada manualmente",08/07/2026,FALSE
3327,"Vista geral da parte interna da cabina.
 
A cabina apresenta condições de iluminação e ventilação natural e mecânica em conformidade com a norma. A montagem e estrutura dos componentes foi inspecionada. Não constatamos irregularidade.
Os componentes de segurança: iluminação de emergência, alarme e interfone foram testados e constatados em perfeitas condições de funcionamento.",Eliseu,,Sem Irregularidade,ok,"cabina, ok",08/07/2026,FALSE
3328,"A etiqueta indicativa da numeração do elevador, na parte interna da cabina, está incorreta. A numeração dos elevadores está trocada, sujeitando-se a equívocos.",Eliseu,,Sinalizações e Identificações,ok,"numeração incorreta, equívocos",08/07/2026,FALSE
3329,"Faltam as sinalizações indicativas das características do elevador (carga, etc.)",Eliseu,,Sinalizações e Identificações,ok,faltam sinalizações indicativas,08/07/2026,FALSE
3330,"faltam placas indicativas no interior da cabina (proibido fumar, empresa mantenedora, etc.) e codificação Braille.",Eliseu,,Sinalizações e Identificações,ok,"faltam sinalizações indicativas, braile",08/07/2026,FALSE
3331,No painel da cabina falta placa indicativa da empresa responsável pela manutenção.,Eliseu,,Sinalizações e Identificações,ok,falta placa da empresa responsável,08/07/2026,FALSE
3332,"Vista geral do painel da cabina. Falta a codificação em Braille, exigida pela legislação municipal.",Eliseu,,Sinalizações e Identificações,ok,"falta braile, legislação municipal",08/07/2026,FALSE
3333,"Vista geral interna da cabina. Os dispositivos de segurança em emergência da cabina estão inoperantes (alarme, comunicador e iluminação de emergência.)A boa condição de manutenção e funcionamento dos itens de segurança no interior da cabina é fundamental para preservar a integridade e salvamento dos passageiros em situações de emergência.",Eliseu,,Sinalizações e Identificações,ok,"dispositivos de emergência inoperantes, fundamental",08/07/2026,FALSE
3334,"Vista interna da cabina, faltam placas indicativas, a norma exige que a cabina possua placas indicativas da capacidade de carga.",Eliseu,,Sinalizações e Identificações,ok,falta indicativo capacidade de carga,08/07/2026,FALSE
3335,"Deve ter acima da cabina espaço suficiente para acomodar um paralelepípedo reto retangular de pelo menos 0,5 m x 0,6 m x 0,8 m apoiado em uma de suas faces, devendo a área de apoio ser pintada com tinta de cor amarelo brilhante. Falta pintar a área.",Eliseu,,Sinalizações e Identificações,ok,"Sinalizações, espaço sobre a cabina, paralelepípedo, pintar área",08/07/2026,FALSE
3336,"O número de identificação do elevador deve estar afixado no interior da cabina.
NM207 15.2 Dentro da cabina [...]
15.2.2 Deve estar afixado o nome do instalador e o seu número de identificação do elevador. ",Máximo,,Sinalizações e Identificações,ok,"cabina sem número de série, identificação",08/07/2026,FALSE
3337,"Observamos que a numeração que está sendo utilizada para a identificação dos elevadores diverge da numeração estabelecida em projeto, gerando confusões. Recomendamos que se adote a numeração estabelecida em projeto, conforme imagem reproduzida acima, que deverá ser afixada junto a cada um dos elevadores, permitindo a identificação pelos usuários.",Eliseu,,Sinalizações e Identificações,ok,recomendação sobre identificação dos elevadores: usar mesma identificação de projeto,08/07/2026,FALSE
3338,"A identificação do elevador está errada em vários componentes (cabine, contrapeso e quadro de força), sujeitando a confusões em situações de emergência. E ainda, evitando erros na geração de orçamentos de reparo. O equipamento é o número 40351, e tem identificações com o número 40353 (outro elevador). Necessita regularização. ",Eliseu,,Sinalizações e Identificações,ok,identificação errada nos elevadores (especificar),08/07/2026,FALSE
3353,"O sistema de iluminação da cabina em situações de emergência está inoperante. Uma fonte de emergência deve entrar em funcionamento automático na falta de energia elétrica no edifício garantindo a segurança dos passageiros,    proporcionando iluminação e alarme na cabina.",Eliseu,,Sistemas de Emergência,ok,"Iluminação de Emergência, inoperante, segurança, salvamento",08/07/2026,FALSE
3354,O sistema de intercomunicação está inoperante. A boa condição de manutenção e funcionamento dos itens de segurança no interior da cabina é fundamental para preservar a integridade e salvamento dos passageiros em situações de emergência.,Eliseu,,Sistemas de Emergência,ok,"Intercomunicação, inoperante, segurança, salvamento",08/07/2026,FALSE
3355,"O Interfone instalado não é capaz de fazer chamadas a partir dos três pontos. (cabina, casa de máquinas e portaria). NM207 - 14.2.3.5 Um sistema de intercomunicação, ou dispositivo similar, alimentado pela fonte de emergência referida em 8.16.3, deve ser instalado entre o interior da cabina, a casa de máquinas e a portaria. Necessita regularização.",Eliseu,,Sistemas de Emergência,ok,"Interfone não faz chamada dos três pontos, norma",08/07/2026,FALSE
3356,"NM207 15.12 Dispositivo de alarme [...]No caso da instalação incluir vários elevadores, deve ser possível identificar o carro que fez o pedido de socorro.",Eliseu,,Sistemas de Emergência,ok,"Interfone, identificar o carro que pediu socorro, norma",08/07/2026,FALSE
3357,"Devem ser regularizados a iluminação de emergência, alarme e interfone das cabinas para situações de falta de energia convencional em que os passageiros ficam presos no interior da mesma. Compromete as condições de segurança dos usuários.
Os dispositivos destinados à segurança dos usuários em situação de emergência devem ser mantidos permanentemente em perfeitas condições de uso.",Rômulo,,Sistemas de Emergência,ok,faltam os dispositivos de emergência de dentro da cabina,08/07/2026,FALSE
3339,"A fonte (bateria) para fornecimento de energia de emergência está inoperante. As boas condições de funcionamento da fonte de emergência é fundamental para a segurança dos passageiros quando na ocorrência da falta de energia convencional, mantendo em operação os dispositivos de segurança da cabina (comunicador, luz de emergência e alarme).
NM7192 4.3.8.2 Os elevadores devem ser alimentados por uma fonte de emergência não necessariamente exclusiva satisfazendo aos seguintes requisitos: a) ser independente da linha e ligar a iluminação da cabina automaticamente dentro de 10 s, após a falta de alimentação da linha; b) ser capaz de alimentar a iluminação da cabina e os dispositivos de alarme pelo menos durante 1 h; c) alimentar pelo menos duas lâmpadas de igual potência, para iluminação da cabina, de forma a assegurar iluminamento mínimo de 2 lx num ponto localizado a 1,20 m de altura e a 0,30 m do painel de comando.",Eliseu,,Sistemas de Emergência,ok,"bateria inoperante, NM7192",08/07/2026,FALSE
3340,"A fonte para fornecimento de energia de emergência para os elevadores (baterias) estão inoperantes. As boas condições de funcionamento da fonte de emergência é fundamental para a segurança dos passageiros quando na ocorrência da falta de energia convencional, mantendo em operação os dispositivos de segurança da cabina (comunicador, luz de emergência e alarme). 
NM207 8.16.3 Deve haver uma fonte de emergência automaticamente recarregável a qual deve ser capaz de alimentar pelo menos duas lâmpadas de igual potência (ou qualquer outro meio emissor de luz) por uma hora no mínimo, de forma a assegurar um iluminamento mínimo de 2 lx, medido em qualquer ponto da botoeira da cabina. Estas lâmpadas devem ser ativadas imediata e automaticamente por falha do fornecimento normal de energia.",Eliseu,,Sistemas de Emergência,ok,"bateria inoperante, consequências, NM207",08/07/2026,FALSE
3341,"Este elevador não dispõe de fonte para fornecimento de energia de emergência (bateria). As boas condições de funcionamento da fonte de emergência é fundamental para a segurança dos passageiros quando na ocorrência da falta de energia convencional, mantendo em operação os dispositivos de segurança da cabina (comunicador, luz de emergência e alarme).
NM7192 4.3.8.2 Os elevadores devem ser alimentados por uma fonte de emergência não necessariamente exclusiva satisfazendo aos seguintes requisitos: a) ser independente da linha e ligar a iluminação da cabina automaticamente dentro de 10 s, após a falta de alimentação da linha; b) ser capaz de alimentar a iluminação da cabina e os dispositivos de alarme pelo menos durante 1 h; c) alimentar pelo menos duas lâmpadas de igual potência, para iluminação da cabina, de forma a assegurar iluminamento mínimo de 2 lx num ponto localizado a 1,20 m de altura e a 0,30 m do painel de comando.",Eliseu,,Sistemas de Emergência,ok,"falta bateria, NM7192",08/07/2026,FALSE
3342,"A fonte para fornecimento de energia de emergência (bateria) foi eliminada. A fonte de emergência é item exigido por norma. Deverá ser reinstalada, uma vez que a existência de geradores no prédio não dispensa esta exigência, haja visto que a falta de energia pode ocorrer apenas no circuito de um dos elevadores, causada por danos no sistema de alimentação do mesmo.
NM207 8.16.3 Deve haver uma fonte de emergência automaticamente recarregável a qual deve ser capaz de alimentar pelo menos duas lâmpadas de igual potência (ou qualquer outro meio emissor de luz) por uma hora no mínimo, de forma a assegurar um iluminamento mínimo de 2 lx, medido em qualquer ponto da botoeira da cabina. Estas lâmpadas devem ser ativadas imediata e automaticamente por falha do fornecimento normal de energia.",Eliseu,,Sistemas de Emergência,ok,"bateria de emergência eliminada, prédio com gerador, NM207",08/07/2026,FALSE
3343,"O Interfone instalado não é capaz de fazer chamadas a partir dos três pontos. (cabina, casa de máquinas e portaria)Necessita regularização.",Eliseu,,Sistemas de Emergência,ok,incapaz de fazer chamada dos 3 pontos,08/07/2026,FALSE
3344, falta a iluminação de emergência no interior da cabina. A instalação de sistema de iluminação de emergência e alarme utilizando fonte alternativa (bateria) garante a segurança dos passageiros na obtenção de socorro em situações de emergência. É recomendável que o alarme da emergência seja instalado de tal forma a ser ouvido da guarita do porteiro.,Eliseu,,Sistemas de Emergência,ok,"falta iluminação e alarme, segurança",08/07/2026,FALSE
3345, falta regularizar a iluminação de emergência no interior da cabina. A instalação de sistema de iluminação de emergência e alarme utilizando fonte alternativa (bateria) garante a segurança dos passageiros na obtenção de socorro em situações de emergência. É recomendável que o alarme da emergência seja instalado de tal forma a ser ouvido da guarita do porteiro.,Eliseu,,Sistemas de Emergência,ok,"falta iluminação e alarme, segurança",08/07/2026,FALSE
3346, O sistema de intercomunicação está inoperante. A boa condição de manutenção e funcionamento dos itens de segurança no interior da cabina é fundamental para preservar a integridade e salvamento dos passageiros em situações de emergência.,Eliseu,,Sistemas de Emergência,ok,"inoperante, segurança, salvamento, intercomunicador",08/07/2026,FALSE
3347, Os elevadores estão com a iluminação de emergência da cabina e interfone inoperantes em situações de falta de energia convencional em que os passageiros ficam presos no interior da mesma. Compromete as condições de segurança dos usuários.,Eliseu,,Sistemas de Emergência,ok,"Iluminação de Emergência, inoperante, alarme inoperante",08/07/2026,FALSE
3348,"A bateria, fonte de energia de emergência para iluminação e alarme em situações de falta de energia convencional no interior da cabina, está danificada. Uma fonte de emergência deve entrar em funcionamento automático na falta de energia elétrica no edifício garantindo a segurança dos passageiros, proporcionando iluminação e alarme na cabina.",Eliseu,,Sistemas de Emergência,ok,"Fonte de Emergência danificada, segurança",08/07/2026,FALSE
3349,"Falta fonte de energia de emergência para iluminação e alarme em situações de falta de energia convencional no interior da cabina. Uma fonte de emergência deve entrar em funcionamento automático na falta de energia elétrica no edifício garantindo a segurança dos passageiros, proporcionando iluminação e alarme na cabina.",Eliseu,,Sistemas de Emergência,ok,"Fonte de Emergência, falta fonte, segurança",08/07/2026,FALSE
3350,"Falta regularizar os sistemas de segurança em situação de emergência no interior da cabina, fundamentais para preservar a integridade e salvamento dos passageiros em situações de emergência.",Eliseu,,Sistemas de Emergência,ok,"regularizar sistemas de segurança, fundamentais",08/07/2026,FALSE
3351,Falta regularizar os sistemas de segurança em situação de emergência no interior da cabina. A boa condição de manutenção e funcionamento dos itens de segurança no interior da cabina é fundamental para preservar a integridade e salvamento dos passageiros em situações de emergência.,Eliseu,,Sistemas de Emergência,ok,"regularizar sistemas de segurança, fundamentais",08/07/2026,FALSE
3352,"O alarme da cabina está inoperante. 4.15.3 Dispositivos de alarme e comunicação. A fim de obter auxílio externo, os passageiros devem ter à sua disposição na cabina um dispositivo facilmente identificável e acessível que acione um sinal sonoro. Este sinal deve soar simultaneamente na própria cabina e na portaria:",Eliseu,,Sistemas de Emergência,ok,"alarme inoperante, norma",08/07/2026,FALSE
3360,"O interfone da cabina foi constatado operante. Todavia, ao ser acionado não emite nenhum sinal sonoro ou luminoso dentro da cabina, dando a falsa impressão ao passageiro de que não está em funcionamento.
Contraria a norma de acessibilidade NM 313.
NM 313 5.4 Dispositivos de controle e sinalizações. Os requisitos de projeto para dispositivos de controle e sinalizações estão indicados na Tabela 2.
Tabela 2 - f) Realimentação de ativação Para informar o usuário de que o botão pressionado foi ativado. (Requisitos - Botoeira da cabina)",Romulo,,Sistemas de Emergência,ok,"botão do interfone operante, mas não soando nem acendendo dentro da cabina",08/07/2026,FALSE
3361,"Os dispositivos de emergência da cabina do elevador foram constatados inoperantes. 
Os sistemas de segurança do elevador, incluindo especialmente aqueles para tranquilizar e auxiliar o passageiro em situações de emergência devem ser mantidos permanentemente em perfeitas condições de atuação.
Os itens de segurança do elevador são exigidos por norma. O uso operacional do elevador, inclusive e principalmente durante as obras do edifício, está condicionado ao funcionamento correto dos dispositivos de segurança do elevador.",Romulo,,Sistemas de Emergência,ok,dispositivos de segurança inoperantes,08/07/2026,FALSE
3362,"Vistas gerais mostrando a parte interna da cabina do elevador.
Os componentes de segurança: iluminação de emergência e alarme foram testados e constatados em perfeitas condições de funcionamento.
Falta a instalação de interfone, conforme norma.
NM 207 - 14.2.3.5 Um sistema de intercomunicação, ou dispositivo similar, alimentado pela fonte de emergência referida em 8.16.3, deve ser instalado entre o interior da cabina, a casa de máquinas e a portaria. Necessita regularização.",Rômulo,,Sistemas de Emergência,ok,"Sem interfone. alarme e luz, OK",08/07/2026,FALSE
3363,"Vista geral da cabina dos elevadores.
Na cabina do elevador, a iluminação de emergência, alarme e interfone foram constatados inoperantes em situação de falta de energia convencional.
Tal irregularidade compromete as condições de segurança dos passageiros presos na cabina em situação de falta de energia.
Os dispositivos destinados à segurança dos usuários em situação de emergência devem ser mantidos permanentemente em perfeitas condições de uso.",Rômulo,,Sistemas de Emergência,ok,"iluminação, alarme e interfone inoperantes na falta de energia",08/07/2026,FALSE
3364,"Falta sistema de iluminação de emergência na cabina, conforma norma de segurança.
 
NM 207 8.16.3 Deve haver uma fonte de emergência automaticamente recarregável a qual deve ser capaz de alimentar pelo menos duas lâmpadas de igual potência (ou qualquer outro meio emissor de luz) por uma hora no mínimo, de forma a assegurar um iluminamento mínimo de 2 lx, medido em qualquer ponto da botoeira da cabina. Estas lâmpadas devem ser ativadas imediata e automaticamente por falha do fornecimento normal de energia.  
 
 ",Eliseu,,Sistemas de Emergência,ok,Falta iluminação de emergência.,08/07/2026,FALSE
3365,"Falta instalação de interfone na cabina.
O sistema de intercomunicação na cabina do elevador é um item obrigatório exigido pelas normas de segurança, destinado à segurança dos usuários em situações de emergência.
NM207 - 14.2.3.5 Um sistema de intercomunicação, ou dispositivo similar, alimentado pela fonte de emergência referida em 8.16.3, deve ser instalado entre o interior da cabina, a casa de máquinas e a portaria.
Necessita regularização.",Rômulo,,Sistemas de Emergência,ok,cabina sem interfone,08/07/2026,FALSE
3366,"O Interfone instalado não é capaz de fazer chamadas a partir dos três pontos: cabina, casa de máquinas e portaria. Necessita regularização.",Eliseu,,Sistemas de Emergência,ok,"Interfone, chamada nos 3 pontos, regularização",08/07/2026,FALSE
3367,"NBR NM 16042 14.2.3 Dispositivo do alarme de emergência 14.2.3.1 Para conseguir ajuda externa, se necessário, os passageiros devem ter disponível na cabina, com este propósito, um dispositivo facilmente identificável e acessível. 14.2.3.2 Este dispositivo deve ser alimentado pela fonte de iluminação de emergência prevista em 8.17.4, ou por outra fonte equivalente. 14.2.3.3 Este dispositivo deve ser um alarme acústico, intercomunicador, telefone ou dispositivos similares, atendendo a 14.2.3.4. 14.2.3.4 Um sistema de interfone ou dispositivo similar, energizado pela alimentação de emergência descrita em 8.17.4, deve ser instalado entre a parte interna da cabina, o local no qual a operação de emergência será executada e a portaria ",Rômulo,,Sistemas de Emergência,ok,exigências de interfone e alarme 16042,08/07/2026,FALSE
3368,"5.4.10 Iluminação 5.4.10.1 A cabina deve dispor de iluminação elétrica permanente, assegurando uma intensidade de luz de no mínimo 100 lx sobre os dispositivos de controle e a 1 m acima do piso em qualquer ponto e não menos de 100 mm de qualquer parede. 5.4.10.4 Deve haver uma fonte de emergência automaticamente recarregável, que seja capaz de garantir uma intensidade de iluminação de no mínimo 5 lx durante 1 h: a) em cada dispositivo de iniciação de alarme na cabina e no teto da cabina; Esta iluminação deve acender automaticamente em caso de falha do fornecimento de iluminação normal. ",Rômulo,,Sistemas de Emergência,ok,Iluminação Emergência Cabina 16042,08/07/2026,FALSE
3369,NM 16042 5.2.1.4 Iluminação 5.2.1.4.1 A caixa deve ser provida com iluminação elétrica instalada permanentemente.,Rômulo,,Sistemas de Emergência,ok,Iluminação caixa de corrida 16042,08/07/2026,FALSE
3370,"NBR NM 16042 5.2.1.4 Iluminação 5.2.1.4.1 A caixa deve ser provida com iluminação elétrica instalada permanentemente, fornecendo a seguinte intensidade de iluminação, mesmo quando todas as portas estiverem fechadas, em qualquer posição do carro ao longo de seu percurso na caixa: ",Rômulo,,Sistemas de Emergência,ok,Iluminação de emergência 16042,08/07/2026,FALSE
3371,"botão de alarme na plataforma
 
ISO 9386-1 8.17 Dispositivos de alarme de emergência 8.17.1 O dispositivo de operação do alarme de emergência na plataforma, referido em 9.2.2.5, deve ser conectado a um alarme que, quando ativado por um usuário da plataforma que busca ajuda, deve ser audível e reconhecível.",Rômulo,,Sistemas de Emergência,ok,botão de alarme na plataforma,08/07/2026,FALSE
3372,"iluminação de emergência plataforma
 
ISSO 9386-1 8.2 Iluminação e tomadas 8.2.1  Iluminação. Plataformas totalmente enclausuradas devem ser dotadas de uma fonte de alimentação de emergência recarregável automaticamente, que deve ser capaz de alimentar pelo menos uma lâmpada de 1 W por uma hora, no caso de interrupção no suprimento de iluminação normal. Esta iluminação deve ocorrer automaticamente em caso de falha do suprimento de iluminação normal.",Rômulo,,Sistemas de Emergência,ok,,08/07/2026,FALSE
4297,"Para modernização recomendamos o revestimento da cabine em aço inox e substituição do subteto da cabine com boa iluminação.
",Romulo,,Modernização,revisar,"modernização, substituição do revestimento da cabine",14/07/2026,FALSE
4351,"As estruturas da porta da cabina e a soleira apresentam acúmulo excessivo de sujeira e detritos. Tal irregularidade compromete as condições de higiene e estética do equipamento e do edifício, além de poder sujeitar as portas a um funcionamento pesado e ruidoso, provocar desgaste prematuro nos mecanismos do operador de portas e corrediças, e criar risco de tropeços para os passageiros. A limpeza geral da soleira e das estruturas da porta da cabina devem fazer parte dos procedimentos periódicos de manutenção. NBR 16083 A manutenção inclui: a) lubrificação e limpeza.",Romulo,,Porta e Soleira,revisar,"Soleira, Porta da Cabina, Acúmulo de Sujeira, Limpeza e Conservação, NBR 16083, Risco de Tropeço, Manutenção Preventiva",23/07/2026,FALSE
4296,Para modernização recomendamos a substituição do piso da cabine. ,Romulo,,Modernização,revisar,"modernização, substituição do piso da cabine",14/07/2026,FALSE
3382,"O cabo de comando do elevador foi constatado danificado, com isolamento rompido e condutor exposto.
Cabos de comando danificados sujeitam os elevador a falhas de funcionamento intermitentes e curto circuitos, que provocam comportamentos anômalos no equipamento.
Deve-se proceder a regularização envolvendo a substituição do cabo.",Rômulo,,Cabos de Manobra,ok,cabo de comando danificado,08/07/2026,FALSE
3383,"Vistas mostrando instalações do cabo de comando ao longo da caixa de corrida, destinado à comunicação elétrica entre a cabina, dispositivos da caixa de corrida e o quadro de comando.
O cabo foi inspecionado, não constatamos irregularidade.",Rômulo,,Cabos de Manobra,ok,"explicação dos cabos de comando, inspecionado, OK",08/07/2026,FALSE
3384,"Vistas mostrando os cabos de comando ao longo da caixa de corrida.
Os cabos de comando são cabos elétricos flexíveis destinados à comunicação entre a cabina, dispositivos da caixa de corrida e o quadro de comando.
O cabo de comando do elevador foi constatado roçando contra ressaltos na parede da caixa de corrida do elevador, sujeitando a danos ao isolamento dos cabos.
Os cabos de comando devem ser posicionados e fixados visando eliminar o contato entre o cabo e as estruturas e equipamentos na caixa de corrida.
Deve-se preceder a regularização.",Eliseu,,Cabos de Manobra,ok,cabos roçando contra a parede da caixa de corrida,08/07/2026,FALSE
3385,"Vistas mostrando os cabos de comando, cabos flexíveis destinados à comunicação elétrica entre a cabina, dispositivos da caixa de corrida e o quadro de comando.
 Nos dois elevadores, os cabos de comando foram constatados com diversos danos em seu isolamento, além de diversos pontos de emenda.
Os danos aos cabos já expuseram os fios energizados, sujeitando a falhas de funcionamento do elevador, choques e curto circuitos. E as emendas realizadas são indesejáveis por criarem pontos com mau contato que tornam o elevador suscetível a constantes falhas de funcionamento e paralisações.
Estes danos ocorreram devido à condição irregular de instalação na qual o componente está submetido. Os cabos foram constatados instalados de tal forma que roçam sistematicamente contra a parede da caixa de corrida durante a movimentação do elevador.
Tais irregularidades comprometem a segurança e as boas condições de funcionamento dos elevadores. Deve-se proceder a substituição dos cabos.",Rômulo,,Cabos de Manobra,ok,"cabos danificados, com fios expostos, emenda, e pegando na parede. Substituição.",08/07/2026,FALSE
3386,"Os cabos de manobra foram reaproveitados nas instalações e estão com emendas, mal instalados, soltos e arrebentados em diversos pontos. As emendas em cabos de manobra são indesejáveis por criarem pontos com mau contato que tornam o elevador suscetível a constantes falhas de funcionamento e paralisações.",Eliseu,,Cabos de Manobra,ok,"emendas, falhas de funcionamento",08/07/2026,FALSE
3387,"Os cabos estão arrebentados e com fiações exposta em diversos pontos. Tais irregularidades comprometem as boas condições de funcionamento dos elevadores sujeitando a falhas de funcionamento, e queima de componentes por curto circuitos.",Eliseu,,Cabos de Manobra,ok,"cabos arrebentados, fiações expostas",08/07/2026,FALSE
3388,"Cabos de manobra com o isolamento e fiações danificados em diversos pontos. Os cabos de manobra deste elevador danificaram-se por estar por longos anos roçando indevidamente nas vigas da caixa de corrida. Sujeitando a falhas de funcionamento do elevador, choques e curto circuitos.",Eliseu,,Cabos de Manobra,ok,"cabos danificados, roçando nas vigas",08/07/2026,FALSE
3389,"Cabos de manobra estão roçando nas quinas das vigas danificando os isolamentos. A norma determina que os cabos de comando devem ser localizados de maneira a reduzir a possibilidade de danos aos mesmos, devido ao contato com a estrutura da caixa ou equipamento aí existente. Deve ser providenciada uma proteção adequada para evitar estragos dos cabos, onde necessário.",Eliseu,,Cabos de Manobra,ok,"roçando nas estruturas, norma, proteção",08/07/2026,FALSE
3390,"Grande numero de cabos de comando estão se rompendo ao se prenderem contra as estruturas ao longo da caixa de corrida. A experiência demonstra que, via de regra, tais acidentes com ruptura de cabos, ocorrem quando cabos de comunicação (TV) são fixados junto aos cabos de comando. O cabo de comunicação tem comportamento diferente dos cabos de manobra e formam alças e laços que se prendem nas estrutura causando o seu rompimento.",Eliseu,,Cabos de Manobra,ok,"cabos rompendo, cabos de TV",08/07/2026,FALSE
3391,"Grande numero de cabos de comando estão se rompendo ao se prenderem contra as estruturas ao longo da caixa de corrida. A norma determina que os cabos de comando devem ser localizados de maneira a reduzir a possibilidade de danos aos mesmos, devido ao contato com a estrutura da caixa ou equipamento aí existente. A experiência demonstra que, via de regra, tais acidentes com ruptura de cabos, ocorrem quando cabos de comunicação (TV) são fixados junto aos cabos de comando. Tal situação poderá ser solucionada (mantendo-se os cabos de TV), substituindo os cabos planos por cabos singelos. De qualquer forma, recomenda-se a total substituição e retirada dos cabos danificados, evitando-se a execução de emendas. A execução de emendas sujeita os elevadores a curto circuitos e falhas intermitentes de funcionamento, por mau contato.",Eliseu,,Cabos de Manobra,ok,"cabos rompendo, cabos de TV, norma, regularização",08/07/2026,FALSE
3392,Os cabos de comando estão com laçadas em diversos pontos que tendem a embaraçá-lo provocando arrebentamentos.,Eliseu,,Cabos de Manobra,ok,laçadas,08/07/2026,FALSE
3414,"vista geral da parte inferior do contrapeso. O conjunto do contrapeso está fora de prumo, forçando uma das corrediças contra a guia, e provocando o seu desgaste prematuro. A corrediça do lado oposto não está exercendo a sua função de forma adequada. Procedimentos de manutenção serão suficientes para a regularização.",Eliseu,,Contrapeso e Corrente de Compensação,ok,"fora de prumo, desgaste, regularização",08/07/2026,FALSE
3415,"Vista geral da parte inferior do contrapeso. Foram inspecionadas as suspensões, corrediças e montagem. Os pesos estão soltos no interior da armação. Contraria a NormaNM207 item 8.17 Contrapeso:8.17.1 Se o contrapeso incorpora pesos de enchimento, devem ser tomadas medidas para evitar o seu deslocamento. Para esse efeito, deve ser usado uma armação que contenha os pesos de enchimento e os mantenham firmes no lugar",Eliseu,,Contrapeso e Corrente de Compensação,ok,"pesos soltos, norma",08/07/2026,FALSE
3416,Vista geral do contrapeso. A instalação de piso de granito no interior da cabina deve ser obrigatoriamente acompanhada do balanceamento dos pesos do contrapeso mantendo-se a equalização original das cargas. Na foto verifica-se que foram acrescentados três novos pesos ao conjunto. Este acréscimo de carga reflete na capacidade nominal de transporte de passageiros pelo elevador.,Eliseu,,Contrapeso e Corrente de Compensação,ok,"rebalanceamento cabina-contrapeso, novos pesos, ok",08/07/2026,FALSE
3417,Vista geral do contrapeso. A instalação de piso de granito no interior da cabina deve ser obrigatoriamente acompanhada do balanceamento dos pesos do contrapeso mantendo-se a proporção original das cargas. Na foto abaixo se verifica indícios de que estes procedimentos não foram realizados.,Eliseu,,Contrapeso e Corrente de Compensação,ok,falta rebalanceamento cabina-contrapeso,08/07/2026,FALSE
3418,Vista geral do contrapeso. Falta a trava de segurança da haste do contrapeso.,Eliseu,,Contrapeso e Corrente de Compensação,ok,falta trava de segurança,08/07/2026,FALSE
3393,"Vistas mostrando os cabos de comando ao longo da caixa de corrida.
Os cabos de comando são cabos elétricos flexíveis destinados à comunicação entre a cabina, dispositivos da caixa de corrida e o quadro de comando. 
Os cabos de comando estão mal posicionados, roçando nas quinas das vigas ao longo da caixa de corrida.
Tal irregularidade tem provocado desgaste no isolamento dos cabos, expondo as partes vivas das fiações elétricas a danos e curto circuitos, sujeitando os elevadores a falhas de funcionamento intermitentes, de difícil diagnóstico.
Os rompimentos, ocorridos em diversos pontos, têm sido reparados com emendas de campo, feitas de forma improvisada. As emendas são pontos frágeis onde, via de regra, ocorre mau contato que provoca falha de funcionamento dos elevadores quando a cabina está em movimento. Deve ser verificada a existência de cabos reservas ociosos, sendo o caso, deverão ser utilizados. Caso não exista, deverá ser providenciada providenciada a substituição dos cabos danificados e o reposicionamento dos cabos, afastando-os da parede de forma a evitar danos aos isolamentos.
A norma determina que os cabos de comando devem ser localizados de maneira a reduzir a possibilidade de danos aos mesmos, devido ao contato com a estrutura da caixa ou equipamento aí existente.",Eliseu,,Cabos de Manobra,ok,"emendas, falhas de funcionamento, roçando nas quinas",08/07/2026,FALSE
3394,Os cabos de comando estão sofrendo esfolamentos contra as partes fixas da caixa de corrida. Em alguns pontos o isolamento dos cabos já foi danificado expondo os fios energizados. Compromete a segurança e as boas condições de funcionamento dos elevadores.,Eliseu,,Cabos de Manobra,ok,isolamento danificado,08/07/2026,FALSE
3395,Vista interna da caixa de corrida. Os cabos de manobra foram fixados formando alça. Recomenda-se a fixação adequada de forma a evitar a ocorrência de acidentes com o engastamento do cabo contra partes da cabina em movimento. Verifica-se que apenas um dos cabos de manobra é novo. Os demais foram reaproveitados quando da modernização.,Eliseu,,Cabos de Manobra,ok,"fixados formando ""alça""",08/07/2026,FALSE
3396,"Os cabos de comando estão se apoiando em quinas na estrutura da cabina. No funcionamento do elevador, esses cabos roçam nessas quinas danificando seu isolamento, podendo vir a causar curtos e fechar circuitos, comprometendo a condição de uso seguro do equipamento.",Eliseu,,Cabos de Manobra,ok,cabo roçando nas quinas,08/07/2026,FALSE
3397,"NM207 13.5.1.3 [...] Os cabos de comando de acordo com CENELEC HD 359 e CENELEC HD 360 devem ser aceitos como cabos para conexão ao carro, dentro dos limites estabelecidos por esses documentos. Em todos os casos, os cabos de comando escolhidos devem ser pelo menos de qualidade equivalente.",Eliseu,,Cabos de Manobra,ok,qualidade dos cabos de comando,08/07/2026,FALSE
3398,Vista dos cabos de comando fixados sob a cabina. Os cabos de comando estão frouxos nos bornes. Deve-se proceder manutenção. Falhas de contato nos bornes provoca falhas de funcionamento intermitentes de difícil diagnostico no elevador.,Eliseu,,Cabos de Manobra,ok,Cabo frouxo no borne,08/07/2026,FALSE
3399,"Vista dos cabos de comando no interior da caixa de corrida. Os cabos de comando são cabos elétricos flexíveis destinados à comunicação elétrica entre a cabina, dispositivos da caixa de corrida e o quadro de comando.
Existem emendas improvisadas nos cabos de comando do elevador sujeitando a falhas de funcionamento intermitentes de difícil diagnóstico.
Deve-se verificar a existência de cabos ociosos, reservas; havendo, estes poderão ser utilizados. Em caso negativo, os cabos de comando existentes, danificados, deverão ser substituídos por outros, novos.
Necessita regularização.",Máximo,,Cabos de Manobra,ok,Cabos danificados,08/07/2026,FALSE
3400,"Detalhe mostrando as molas da suspensão do contrapeso.
Faltam os pinos nos tirantes dos cabos de tração. Sujeita ao escape das porcas e dos cabos de tração, causando acidente grave.",Eliseu,,Contrapeso,ok,,08/07/2026,FALSE
3401,Os pesos dos contrapesos dos elevadores estão frouxos na estrutura provocando ruídos que causam sobressaltos aos usuários e comprometem sua segurança psicológica.,Eliseu,,Contrapeso,ok,"fixação dos pesos frouxa, ruídos",08/07/2026,FALSE
3402,"Um dos calços do contrapeso está fora da posição, sujeitando a acidentes com colisões ao longo da caixa de corrida. Necessita regularização.",Eliseu,,Contrapeso e Corrente de Compensação,ok,"calço fora de posição, colisões",08/07/2026,FALSE
3403,"As articulações das corrediças estão desajustadas, folgadas roçando os rolos entre si. O conjunto apresenta funcionamento extremamente ruidoso, proveniente de rolamento danificado. O ruído repercute por todo o edifício.",Eliseu,,Contrapeso e Corrente de Compensação,ok,"Corrediças, articulações folgadas, ruídos",08/07/2026,FALSE
3404,As chapas de fixação dos pesos do contrapeso estão soltas. Sujeita o elevador a funcionamento ruidoso.,Eliseu,,Contrapeso e Corrente de Compensação,ok,"chapas soltas, ruídos",08/07/2026,FALSE
3405,Foi usada sucata como trava de segurança nos tirantes do contrapeso. (prego).Tais irregularidades e improvisações descaracterizam o equipamento e são condenáveis.,Eliseu,,Contrapeso e Corrente de Compensação,ok,"sucatas como trava de segurança, tirantes",08/07/2026,FALSE
3406,"O conjunto do contrapeso está fora de prumo, forçando uma das corrediças contra a guia, e provocando ruídos e o seu desgaste prematuro.",Eliseu,,Contrapeso e Corrente de Compensação,ok,"contrapeso fora de prumo, desgaste",08/07/2026,FALSE
3407,Os pesos do contrapeso estão frouxos na estrutura provocando ruídos que causam sobressaltos aos usuários e comprometem sua segurança psicológica.,Eliseu,,Contrapeso e Corrente de Compensação,ok,"pesos frouxos, ruídos",08/07/2026,FALSE
3408,"Os pesos estão soltos no interior da armação, observe que apenas fitas de nylon e finas chapas encaixadas na armação estão sendo usadas para firmar o peso. Contraria a Norma e compromete a segurança.",Eliseu,,Contrapeso e Corrente de Compensação,ok,"soltos, mal fixados, segurança",08/07/2026,FALSE
3409,"Os tubos dos tirantes de fixação dos pesos no interior do contrapeso estão frouxos, provocando ruídos que causam sobressaltos aos usuários. Necessita regularização através de procedimentos de manutenção envolvendo a fixação adequada dos mesmos.",Eliseu,,Contrapeso e Corrente de Compensação,ok,"tubos frouxos, ruídos",08/07/2026,FALSE
3410,"Os tirantes da suspensão do contrapeso estão roçando entre si, provocando ruídos que causam sobressaltos aos usuários. Necessita regularização através de procedimentos de manutenção envolvendo a fixação adequada dos mesmos.",Eliseu,,Contrapeso e Corrente de Compensação,ok,"tirantes roçando entre si, ruídos",08/07/2026,FALSE
3411,"Um dos parafusos de fixação da chapa de proteção do contrapeso está totalmente frouxo, sujeitando à colisão do contrapeso contra a chapa.  Necessita regularização.",Eliseu,,Contrapeso e Corrente de Compensação,ok,parafuso frouxo,08/07/2026,FALSE
3412,Uma das molas do contrapeso está quebrada. As molas são importantes para a equalização do tensionamento entre os cabos de tração e para o conforto dos passageiros nas frenagens.,Eliseu,,Contrapeso e Corrente de Compensação,ok,"mola quebrada, explicação",08/07/2026,FALSE
3413,"Vista geral da caixa de corrida mostrando o contrapeso. Os equipamentos e instalações foram inspecionados e testados, não constatamos irregularidades.",Eliseu,,Contrapeso e Corrente de Compensação,ok,ok,08/07/2026,FALSE
3420,Está ocorrendo o escape do pino de suspensão da corrente de compensação. Necessita regularização envolvendo o fechamento do olhal e a substituição do pino de travamento.,Eliseu,,Contrapeso e Corrente de Compensação,ok,escape do pino da suspenção da corrente de compensação,08/07/2026,FALSE
3421,"Existem molas da suspensão do contrapeso quebradas. Tal irregularidade sujeita ao afrouxamento do cabo de tração que passará a deslizar na polia. O deslizamento danificará o cabo e a polia requerendo a substituição do conjunto de cabos e da polia de tração danificados. Além dos custos elevados, o serviço requer a paralisação do elevador durante dias. É essencial que os elevadores recebam manutenção preventiva.",Eliseu,,Contrapeso e Corrente de Compensação,ok,"molas quebradas, afrouxamento dos cabos",08/07/2026,FALSE
3422,Está ocorrendo o escape do pino de suspensão da corrente de compensação. Necessita regularização envolvendo o fechamento do olhal e a substituição do pino de travamento.,Eliseu,,Contrapeso e Corrente de Compensação,ok,escape do pino da suspenção da corrente de compensação,08/07/2026,FALSE
3423,"Falta a fixação adequada dos pesos no contrapeso. A fixação dos pesos e exigência de Norma NM207 e visa prevenir o escape dos pesos e situações de acidente.
NM207 8.17.1 Se o contrapeso incorpora pesos de enchimento, devem ser tomadas medidas para evitar o seu deslocamento. Para esse efeito, deve ser usado: a) uma armação que contenha os pesos de enchimento e os mantenham firmes no lugar, ou b) sem armação, se os pesos de enchimento são metálicos, e se a velocidade nominal do elevador não exceder 1 m/s, no mínimo dois tirantes nos quais os pesos de enchimento são fixados.",Eliseu,,Contrapeso e Corrente de Compensação,ok,falta a barra de fixação,08/07/2026,FALSE
3424,"Existem molas da suspensão do contrapeso quebradas. Tal irregularidade sujeita ao afrouxamento do cabo de tração que passará a deslizar na polia. O deslizamento danificará o cabo e a polia requerendo a substituição do conjunto de cabos e da polia de tração danificados. Além dos custos elevados, o serviço requer a paralisação do elevador durante dias. É essencial que os elevadores recebam manutenção preventiva.",Eliseu,,Contrapeso e Corrente de Compensação,ok,"molas quebradas, afrouxamento dos cabos, manutenção",08/07/2026,FALSE
3425,"Falta fazer a fixação dos pesos na estrutura do contrapeso, evitando que os pesos venham a escapar da estrutura evitando acidentes. A fixação dos pesos também evita os ruídos provenientes de batimento dos pesos no interior da estrutura.
NM207 8.17 Contrapeso 8.17.1 Se o contrapeso incorpora pesos de enchimento, devem ser tomadas medidas para evitar o seu deslocamento. Para esse efeito, deve ser usado: a) uma armação que contenha os pesos de enchimento e os mantenham firmes no lugar.",Rômulo,,Contrapeso e Corrente de Compensação,ok,"falta fixação dos contrapesos, norma",08/07/2026,FALSE
3426,"A folga entre a cabina e as estruturas da guia do contrapeso (1,5 cm) está abaixo do admitido pela norma (3,0 cm) sujeitando a colisões e acidentes. Compromete a segurança. Necessita regularização.
NM207 11 Folgas entre o carro e a parede da caixa e entre o carro e o contrapeso 11.4 Folga entre carro e contrapeso O carro e seus componentes associados devem estar afastados do contrapeso e seus componentes associados por pelo menos uma distância de 0,03 m.",Rômulo,,Contrapeso e Corrente de Compensação,ok,"folga cabina-contrapeso muito pequena, norma",08/07/2026,FALSE
3427,"Falta a fixação adequada dos pesos no contrapeso. A fixação dos pesos é exigência de Norma NBR 16042 e visa prevenir o escape dos pesos e situações de acidente.
NBR 16042 8.18 Contrapeso 8.18.1 Se o contrapeso incorporar pesos de enchimento, devem ser tomadas medidas para evitar o seu deslocamento. Para esse efeito, o contrapeso deve ser:
a) com uma armação que contenha os pesos de enchimento e os mantenha firmes no lugar; ou
b) sem armação, se os pesos de enchimento forem metálicos, e se a velocidade nominal do elevador não exceder 1 m/s, com no mínimo dois tirantes nos quais os pesos de enchimento sejam fixados.",Rômulo,,Contrapeso e Corrente de Compensação,ok,"contrapeso sem fixação adequada, 16042",08/07/2026,FALSE
4298,"Para a modernização recomendamos a substituição do operador de portas da cabine do elevador. 
O operador de portas antigo tendem a apresentar baixo desempenho, maior índice de defeitos, incompatibilidade com o quadro de comando moderno e dificuldades na recomposição de peças. 
A instalação de um novo operador de portas irá proporcionar maior durabilidade, precisão no funcionamento das portas e compatibilidade com o novo quadro de comando. 
",Romulo,,Modernização,revisar,"modernização, substituição do operador de portas da cabine",14/07/2026,FALSE
4299,"O comando de inspeção sobre a cabina não executa manobra de subida nem descida.
Esta irregularidade impossibilita a realização adequada e segura dos trabalhos de inspeção e manutenção do elevador. Este é item de segurança é obrigatório por norma.  Necessita regularização.
NM 207 14.2.1.3 Controle da operação de inspeção. Para facilitar a inspeção e a manutenção, deve ser provida no topo da cabina uma botoeira de controle, facilmente acessível. b)o movimento do carro deve ser dependente do acionamento de três botões de pressão constante sendo um de subida, um de descida, com os sentidos de movimento claramente indicados, e um botão comum a ambos os sentidos, protegidos contra acionamento acidental. O movimento do carro deve ser conseguido com a atuação simultânea de um dos botões de sentido de movimento e o botão comum.
",Romulo,,Comando de Inspeção,revisar,comando de inspeção não funciona,14/07/2026,FALSE
4300,"Recomenda-se para modernização a instalação do Dispositivo Diferencial Residual (DR) nas chaves de iluminação. O DR é um interruptor que desliga automaticamente a corrente elétrica em caso de fuga de corrente ou vazamento de energia, gerando proteção das pessoas na cabine contra choque elétrico.​ 

",Romulo,,Sistemas de Emergência,revisar,"modernização, instalação de DR no quadro de força",14/07/2026,FALSE
4301,"Para modernização recomendamos a instalação de suporte para Kit Bloqueio (conhecido como sistema LOTO - Lockout/Tagout) no Quadro de Força. 
",Romulo,,Sistemas de Emergência,revisar,"modernização, instalação de kit bloqueio no quadro de força",14/07/2026,FALSE
4302,"Para a modernização da casa de máquinas, recomenda-se a execução de reparos estruturais nas alvenarias e a renovação da pintura da casa de máquinas (teto, paredes, chão e calhas).
",Romulo,,"Paredes, Vigas e Teto",revisar,"modernização, pintura da parede da casa de máquinas",14/07/2026,FALSE
4303,"Para modernização recomendamos a instalação de uma nova fechadura com tranca para porta da casa de máquinas. 
NM207 6.3.3.1 A porta de acesso à casa de máquinas deve [...] estar provida de fechadura com chave, com fechamento e travamento autônomo. NM207 6.1.2 [...] Quando fechadas, a abertura da porta por dentro do recinto (casa de máquinas) deve ser possível sem o uso da chave. 
",Romulo,,Portas de Acesso e Janelas,revisar,"modernização, substituição da fechadura da casa de máquinas",14/07/2026,FALSE
3428,"A trava anti-pulo da polia da suspensão do contrapeso do elevador, responsável por evitar que os cabos saiam de suas ranhuras em caso de afrouxamento, foi constatada montada excessivamente distante da polia, de tal forma que não evita a possível saída dos cabos. Deve-se proceder à regularização através de ajustes.
NM207 9.6.1 As polias motrizes e polias de desvio devem ser providas com dispositivos de acordo com a tabela 3 para evitar: a) danos ao corpo humano; b) que, se frouxos, os cabos saiam de suas ranhuras; c) a introdução de objetos entre os cabos e ranhuras.",Rômulo,,Contrapeso e Corrente de Compensação,ok,trava anti-pulo muito afastada,08/07/2026,FALSE
3429,"Vistas mostrando o contrapeso do elevador, na caixa de corrida. 
Foram inspecionadas as corrediças, suspensão e montagem. Não constatamos irregularidades.",Eliseu,,Contrapeso e Corrente de Compensação,ok,"inspecionado, OK",08/07/2026,FALSE
3430,"Vista geral mostrando o contrapeso do elevador.
Falta o pino na estrutura dos suportes dos rolos de guia, responsável por impedir o deslizamento entre as partes da estrutura.
Deve-se proceder à regularização",Romulo,,Contrapeso e Corrente de Compensação,ok,suporte de rolo sem pino,08/07/2026,FALSE
3431,"Detalhe mostrando as molas da suspensão do contrapeso.
Faltam os pinos nos tirantes. Sujeita ao escape das porcas.",Eliseu,,Contrapeso e Corrente de Compensação,ok,tirantes sem pino,08/07/2026,FALSE
3432,"Detalhe mostrando as molas da suspensão do contrapeso.
Faltam os pinos nos tirantes dos cabos de tração. Sujeita ao escape das porcas e dos cabos de tração, causando acidente grave.",Eliseu,,Contrapeso e Corrente de Compensação,ok,tirantes do contrapeso sem pino,08/07/2026,FALSE
3433,A corrente de compensação está provocando ruído excessivo devido à falta do abafador de ruídos nos elos. O ruído provocado pelos elos da corrente em movimento causa sobressaltos aos passageiros. Recomenda-se passar uma corda entre os elos da corrente para abafar os ruídos e a instalação de dispositivo separador.,Eliseu,,Contrapeso e Corrente de Compensação,ok,falta abafador de ruídos nos elos,08/07/2026,FALSE
3434,"A fixação da corrente sob o contrapeso está inadequada. A fixação da corrente, por medida de segurança, deve ser feita em dupla laçada, a exemplo da fixação sob a cabina.",Eliseu,,Contrapeso e Corrente de Compensação,ok,falta dupla laçada,08/07/2026,FALSE
3435,Cabos de compensação com deformações provenientes de manuseio inadequado,Eliseu,,Contrapeso e Corrente de Compensação,ok,deformados devido a manuseio inadequado,08/07/2026,FALSE
3436,"Cabos de compensação desajustados, com desgaste acentuado e grande número de quebras de arames.",Eliseu,,Contrapeso e Corrente de Compensação,ok,desgastados,08/07/2026,FALSE
3437,A corrente de compensação está roçando na parede e cabina ao longo da caixa de corrida provocando ruído. O ruído provocado pelos elos da corrente em movimento causa sobressaltos aos passageiros. Recomenda-se passar uma corda entre os elos da corrente para abafar os ruídos. A corrente foi impregnada de betume causando grande sujeira ao longo da caixa de corrida. Recomenda-se a limpeza.,Eliseu,,Contrapeso e Corrente de Compensação,ok,"roçando na parede, ruído, abafador de ruídos",08/07/2026,FALSE
3438,Falta a trava de segurança no eixo do parafuso de sustentação da corrente. Compromete a segurança,Eliseu,,Contrapeso e Corrente de Compensação,ok,falta trava de segurança,08/07/2026,FALSE
3439,"Vista da corrente de compensação dos elevadores, responsável por contrabalancear o peso dos cabos de tração dos elevadores.",Máximo,,Contrapeso e Corrente de Compensação,ok,explicação,08/07/2026,FALSE
3440,"Vista da corrente de compensação dos elevadores, responsável por contrabalancear o peso dos cabos de tração dos elevadores.
A fixação das corrente sob os contrapesos e sob as cabinas está inadequada. A fixação foi realizada com pontos de solda, em substituição ao uso de parafuso e porca. A utilização de solda é inadequada, uma vez que não se adequa ao esforço provocado pela movimentação da corrente, e em caso de quebra da solda, pode provocar graves acidentes.",Eliseu,,Contrapeso e Corrente de Compensação,ok,fixação com pontos de solda,08/07/2026,FALSE
3441,"A fixação da corrente sob o contrapeso está inadequada. A fixação da corrente, por medida de segurança, deve ser feita em dupla laçada, a exemplo da fixação sob a cabina.",Romulo,,Contrapeso e Corrente de Compensação,ok,fixação da corrente de compensação em dupla laçãda,08/07/2026,FALSE
3442,"Vistas mostrando a polia tensora dos cabos de compensação do elevador.
O contato de fim de curso inferior da polia tensora foi constatado montado em posição inoperante, de tal forma que a polia tensora apoia no fundo no poço antes de acionar o contato.
Tal irregularidade compromete a condição de uso seguro do elevador.
Necessita regularização.",Rômulo,,Contrapeso e Corrente de Compensação,ok,contato da polia tensora dos cabos de compensação em posição inoperante,08/07/2026,FALSE
3443,"Vista mostrando cabos de compensação na caixa de corrida, responsáveis por contrabalancear o peso dos cabos de tração dos elevadores.
Os cabos de compensação foram constatados oxidados em sua estrutura.
Não sendo entretanto sua função o tracionamento dos elevadores, a oxidação de seus arames não compromete a condição de uso seguro dos elevadores.
Deve-se executar procedimentos de manutenção envolvendo a lubrificação dos cabos, objetivando a boa conservação destes.",Rômulo,,Contrapeso e Corrente de Compensação,ok,cabos de compensação oxidados,08/07/2026,FALSE
3444,"Q5 - Os cabos de compensação estão desajustados, desgastados e com acúmulo excessivo de sujeira.",Eliseu,,Contrapeso e Corrente de Compensação,ok,"desajustados, desgastados, sujos",08/07/2026,FALSE
3445,Q5-Detalhe mostrando o contato de segurança da polia esticadora dos cabos de compensação. A polia esticadora da compensação foi constatada com o contato de segurança curto-circuitado (eliminado). A prática de adulteração ou eliminação de circuitos de segurança dos elevadores é altamente condenável e compromete a segurança. Os componentes de segurança dos elevadores devem ser mantidos permanentemente em perfeitas condições de funcionamento e integridade.,Eliseu,,Contrapeso e Corrente de Compensação,ok,"Polia de Compensação, contato eliminado, segurança",08/07/2026,FALSE
3446,Q5-Falta lubrificação e limpeza nos dispositivos da polia esticadora dos cabos de compensação.,Eliseu,,Contrapeso e Corrente de Compensação,ok,falta lubrificação e limpeza,08/07/2026,FALSE
3447,"Q5-Os limites da polia tensora dos cabos de compensação estão desajustados, provocando paralisações involuntárias do elevador, particularmente quando em manobras de manutenção.",Eliseu,,Contrapeso e Corrente de Compensação,ok,"limites desajustados, paralização involuntária",08/07/2026,FALSE
3448,Q7-A medida de deslize do contrapeso do elevador 3 está abaixo do mínimo permitido por norma (150 mm).O contrapeso já está se apoiando no amortecedor hidráulico. Compromete a segurança dos usuários. Necessita regularização.,Eliseu,,Contrapeso e Corrente de Compensação,ok,"abaixo do mínimo, segurança, regularização",08/07/2026,FALSE
3449,Q7-A medida de deslize do contrapeso está em conformidade com a norma.,Eliseu,,Contrapeso e Corrente de Compensação,ok,ok,08/07/2026,FALSE
3450,"NM 16042 8.18 Contrapeso 8.18.1 Se o contrapeso incorporar pesos de enchimento, devem ser tomadas medidas para evitar o seu deslocamento. Para esse efeito, o contrapeso deve ser:
 a) com uma armação que contenha os pesos de enchimento e os mantenha ﬁ rmes no lugar; ou
 b) sem armação, se os pesos de enchimento forem metálicos, e se a velocidade nominal do elevador não exceder 1 m/s, com no mínimo dois tirantes nos quais os pesos de enchimento sejam ﬁxados.",Eliseu,,Contrapeso e Corrente de Compensação,ok,,08/07/2026,FALSE
3451,"Os pesos do contrapeso estão frouxos na estrutura provocando ruídos que causam sobressaltos aos usuários e comprometem sua segurança psicológica. Deve-se limpar as corrediças, relubrificar as guias e proceder ao calçamento e reaperto do conjunto.",Eliseu,,Contrapeso e Corrente de Compensação,ok,"pesos frouxos, ruídos, limpeza",08/07/2026,FALSE
3452,"Vista geral do contrapeso. As corrediças, fixações e suspensão estão em perfeitas condições.",Eliseu,,Contrapeso e Corrente de Compensação,ok,ok,08/07/2026,FALSE
3453,Os parafusos de fixação da guia em um dos braquetes estão completamente frouxos possibilitando grande movimentação lateral da guia. Necessita regularização.,Eliseu,,Guias e Corrediças,ok,fixação frouxa,08/07/2026,FALSE
3454,"Vista da caixa de corrida mostrando as bandeiras que, em conjunto com os sensores óticos que ficam sobre a cabina, indicam a posição do elevador para o quadro de comando.
Diversas bandeiras foram constatadas com a fixação na guia, frouxa, e/ou fixadas apenas na extremidade dos mordentes..
Tal irregularidade é grave, e sujeita as bandeiras a saírem de posição, entrando em rota de colisão com os sensores de posição instalados na cabina e provocando acidente. Necessita regularização.",Rômulo,,Guias e Corrediças,ok,bandeira com fixação frouxa,08/07/2026,FALSE
3455,"Uma das bandeiras foi constatada com a fixação na guia frouxa.
Tal irregularidade sujeita as bandeiras a sair de posição, entrando em rota de colisão com estruturas ou dispositivos instalados na cabina provocando acidente. Necessita regularização.",Rômulo,,Guias e Corrediças,ok,bandeira com fixação frouxa,08/07/2026,FALSE
3456,"Os suportes de guias de cabina e contrapeso dos elevadores foram soldadas à estrutura de aço do edifício, entretanto, em geral, a soldagem foi realizada somente com pontos na extremidade das chapas, e existem indícios de que as vigas não receberam limpeza adequada para expor o metal antes da soldagem. Em geral, os pontos de soldagem apresentam aparência frágil, oxidada e são em pequena quantidade.
Recomendamos que a soldagem dos suportes de guias seja concluída, que as vigas recebam limpeza adequada da superfície, expondo o metal, e que a solda seja realizada estendendo-se por todo o contato dos suportes com as vigas do edifício.",Máximo,,Guias e Corrediças,ok,"soldas de guias mal feitas, recebimento",08/07/2026,FALSE
3457,"Vista mostrando as guias do contrapeso, apresentando indícios de oxidação em alguns trechos.
A cabina e o contrapeso deste elevador utilizam rolos de guia, dispensando lubrificação das guias. Todavia, recomenda-se aplicação de proteção antioxidante nas guias.",Eliseu,,Guias e Corrediças,ok,guias novas oxidando (utilizam rolos de guia),08/07/2026,FALSE
3458,As fixações da guia do contrapeso nos suportes estão completamente frouxas. Sujeita o contrapeso a escape das guias comprometendo gravemente a segurança.,Eliseu,,Guias e Corrediças,ok,fixa,08/07/2026,FALSE
3459,"as corrediças de rolo do contrapeso estão ressecadas, desajustadas e com acúmulo de sujeira. Tal irregularidade sujeita o equipamento a um funcionamento o pesado e ruidoso que compromete a segurança psicológica dos usuários.",Eliseu,,Guias e Corrediças,ok,"ressecadas, sujas, funcionamento pesado e ruidoso",08/07/2026,FALSE
3460,"As corrediças de um dos lados estão desgastadas, roçando metal contra metal. A falta das corrediças propicia folgas que sujeitam que o contrapeso escape das guias. Compromete a segurança.",Eliseu,,Guias e Corrediças,ok,"desgastadas, folgas, segurança",08/07/2026,FALSE
3461,"As corrediças de um dos lados estão desgastadas, roçando metal contra metal. Tal irregularidade sujeita o equipamento a um funcionamento o pesado e extremamente ruidoso que compromete a segurança psicológica dos usuários.",Eliseu,,Guias e Corrediças,ok,"desgastadas, folgas, segurança",08/07/2026,FALSE
3462,As corrediças do contrapeso estão com acúmulo de sujeira.,Eliseu,,Guias e Corrediças,ok,sujeira,08/07/2026,FALSE
3463,Falta limpeza geral na estrutura e lubrificação das guias. O ressecamento das guias sujeita os elevadores a um funcionamento pesado que demanda um esforço maior dos motores de tração causando aquecimento excessivo dos mesmos e paralisações.,Eliseu,,Guias e Corrediças,ok,"limpeza, lubrificação, aquecimento do motor",08/07/2026,FALSE
3464,Falta um dos lubrificadores automáticos de guia do contrapeso.,Eliseu,,Guias e Corrediças,ok,falta um Lubrificador Automático,08/07/2026,FALSE
3465,Os mancais das corrediças do contrapeso estão posicionados muito recuados. Esta irregularidade provoca: Desgaste irregular das corrediças. (superior direita já roçando metal contra metal)Roçamento da lateral do contrapeso contra as guias. (já roçando metal contra metal),Eliseu,,Guias e Corrediças,ok,"mancais fora de posição, desgaste",08/07/2026,FALSE
3466,Vista geral do contrapeso. As corrediças estão folgadas nas guias e desgastadas.,Eliseu,,Guias e Corrediças,ok,"folgadas, desgastadas",08/07/2026,FALSE
3467,"Os contrapesos de ambos os elevadores estão viajando enforcados nas entre guias (sem folga entre as corrediças da cabina e as guias). Tal irregularidade sujeita o elevador a funcionamento pesado e provoca sobrecarga no sistema de tração (motor, máquina e cabos).",Eliseu,,Guias e Corrediças,ok,contrapesos viajando enforcados nas entre guias,08/07/2026,FALSE
3468,"Os contrapesos de ambos os elevadores estão viajando enforcados nas entre guias (sem folga entre as corrediças da cabina e as guias), e não estão recebendo lubrificação adequada, os lubrificadores automáticos estão vazios ou com nível insuficiente de óleo. Tais irregularidades sujeitam o elevador a funcionamento pesado, provoca sobrecarga no sistema de tração (motor, máquina e cabos), podendo provocar paralisações no equipamento. Deve-se proceder à regularização através de procedimentos de manutenção.",Rômulo,,Guias e Corrediças,ok,contrapeso enforcado combinado com guias sem lubrificação (lubrificadores automáticos vazios),08/07/2026,FALSE
3469,"Os contrapesos de ambos os elevadores estão não estão recebendo lubrificação adequada, os lubrificadores automáticos estão vazios.
Tal irregularidade sujeita o elevador a funcionamento pesado, provoca sobrecarga no sistema de tração (motor, máquina e cabos), podendo provocar paralisações no equipamento.
Necessita regularização.",Rômulo,,Guias e Corrediças,ok,lubrificador automático sem óleo,08/07/2026,FALSE
3504,"Os mecanismos e estruturas no poço do elevador estão com acúmulo de sujeira. Tal irregularidade compromete os procedimentos de manutenção.
A limpeza do maquinário e do ambiente do poço do elevador deve fazer parte dos procedimentos periódicos de manutenção, conforme norma técnica.
NBR 16083 A manutenção inclui: a) lubrificação e limpeza. 
Necessita regularização.",Rômulo,,Limpeza,ok,quando a sujeira no poço está braba e não dá para entrar,08/07/2026,FALSE
3575,"Uma das lâmpadas de iluminação elétrica da casa de máquinas está inoperante. A boa condição de iluminação é item exigido por Norma, visando garantir a boas condições para trabalho técnico de manutenção do equipamento. 
NM207 6.3.6 [...] A casa de máquinas deve ser provida com iluminação elétrica de instalação permanente que assegure no mínimo 200 lx ao nível do piso.",Eliseu,,Iluminação e Instalações Elétricas,ok,"lampada inoperante, boa iluminação",08/07/2026,FALSE
3470,"As guias do contrapeso do elevador não estão recebendo lubrificação adequada. Os lubrificadores automáticos estão sem óleo.
Tal irregularidade sujeita o elevador a funcionamento pesado, provoca sobrecarga no sistema de tração (motor, máquina e cabos), podendo provocar paralisações no equipamento.
Deve-se proceder à regularização através de procedimentos de manutenção.
 
NBR 16083 A manutenção inclui: a) lubrificação e limpeza. ",Eliseu,,Guias e Corrediças,ok,lubrificador automático do contrapeso sem óleo,08/07/2026,FALSE
3471,"Falta o pino na estrutura dos suportes dos rolos de guia, responsável por impedir o deslizamento entre as partes da estrutura.
Necessita regularização.",Eliseu,,Guias e Corrediças,ok,suporte dos rolos sem pino,08/07/2026,FALSE
3472,NM 7192 4.3.7 Aterramento d)as guias poderão ser utilizadas como um condutor comum à terra. A ligação das guias à terra deve obedecer à NBR 5410;,Eliseu,,Guias e Corrediças,ok,,08/07/2026,FALSE
3473,"As guias do contrapeso foram constatadas sem lubrificação adequada. Essa irregularidade sujeita os componentes a ruídos excessivo e desgaste prematuro durante o funcionamento do elevador. 
 
Necessita regularização. 
 
NBR 16083 A manutenção inclui: a) lubrificação e limpeza. ",Romulo,,Guias e Corrediças,ok,guias do contrapeso sem lubrificação adequada,08/07/2026,FALSE
3474,"Falta regularizar a iluminação ao longo da caixa de corrida. Diversas luminárias estão danificadas ou inoperantes. A iluminação da caixa de corrida é item obrigatório por norma, deve ser regularizada.
NM207 5.9 Iluminação da caixa – A caixa deve ser provida com iluminação elétrica de instalação permanente, proporcionando iluminação mínima de 20 lx durante reparos e manutenção, mesmo quando todas as portas estão fechadas.[...]

Essa exigência visa proporcionar condições adequadas para manutenção e inspeção dos componentes instalados na caixa de corrida. ",Rômulo,,Iluminação,ok,"luminárias danificadas, regularizar",08/07/2026,FALSE
3475,A caixa de corrida está sendo usada como passagem para fiações estranhas aos elevadores. A Norma proíbe.,Eliseu,,Iluminação e Instalações Elétricas,ok,fiações estranhas,08/07/2026,FALSE
3476,A caixa de corrida está sendo usada como passagem para tubulações não pertencentes ao elevador,Eliseu,,Iluminação e Instalações Elétricas,ok,passagem para tubulação,08/07/2026,FALSE
3477,"As instalações elétricas ao longo da caixa de corrida foram feitas de forma improvisada, amarradas com pedaços de arames em lugar de braçadeiras. Tais irregularidades contrariam a boa técnica e tende a sucatear o equipamento.",Eliseu,,Iluminação e Instalações Elétricas,ok,"improvisadas, sucateamento",08/07/2026,FALSE
3478,"Falta a tampa em alguns trechos de calhas ao longo da caixa de corrida. Algumas calhas estão oxidadas, sendo necessário tratamento anticorrosivo.",Eliseu,,Iluminação e Instalações Elétricas,ok,"calhas oxidadas, tratamento anticorrosivo",08/07/2026,FALSE
3479,"Falta o aterramento das calhas de condução das fiações elétricas ao longo da caixa de corrida. A norma determina: Todas as partes metálicas do elevador não submetidas a tensão, tanto colocadas na casa de máquinas como na caixa, devem estar aterradas.",Eliseu,,Iluminação e Instalações Elétricas,ok,"falta aterramento, norma",08/07/2026,FALSE
3480,"Vista geral interna da caixa de corrida.  A norma atual, NM207 recomenda: Iluminação da caixa de corrida: A caixa deve ser provida com iluminação elétrica de instalação permanente, proporcionando iluminação mínima de 20 lx durante reparos e manutenção, mesmo quando todas as portas estão fechadas. Esta iluminação deve compreender uma lâmpada a 0,5 m em cada um dos pontos mais alto e mais baixo da caixa e lâmpadas intermediárias com distância entre elas não superior à 7 m.",Eliseu,,Iluminação e Instalações Elétricas,ok,recomendação da norma,08/07/2026,FALSE
3576,"A iluminação da casa de máquinas é deficiente. A boa condição de iluminação é item exigido por Norma, visando garantir a boa condição de operação e manutenção do equipamento. 
NM207 6.3.6 [...] A casa de máquinas deve ser provida com iluminação elétrica de instalação permanente que assegure no mínimo 200 lx ao nível do piso.",Eliseu,,Iluminação e Instalações Elétricas,ok,"Iluminação deficiente, luz de emergência",08/07/2026,FALSE
3577,"As tomadas estão sem as proteções, as fiações estão expostas e falta a identificação visual da tensão das tomadas. As instalações elétricas devem ser conforme a norma NBR 5410 e NM207. Necessita de regularização envolvendo a sua proteção contra danos.
NM207 13.5.1.1 Exceto para os circuitos de potência da máquina, podem ser usados em todos os circuitos os condutores selecionados conforme CENELEC HD 21.3 S2, partes 2 (HO7V-U e HO7V-R), 3 (HO7V-K), 4 (HO5V-U) e 5 (HO5V-K), desde que eles estejam instalados em conduites (ou canaletas) feitas de metal ou plásticos ou os condutores estejam protegidos de maneira equivalente.",Eliseu,,Iluminação e Instalações Elétricas,ok,"tomadas, identificação das tensões, fiação exposta",08/07/2026,FALSE
3578,"Existem instalações elétricas estão em situação precária sujeitando a acidentes por curto circuitos. A norma exige que as fiações estejam devidamente protegidas através de conduites, canaletas e caixas de passagem, conforme a NBR 5410. Detalhe mostrando instalação elétrica feita de forma improvisada e irregular.",Eliseu,,Iluminação e Instalações Elétricas,ok,"fiação exposta, conduites",08/07/2026,FALSE
3579,"Faltam tomadas no interior da casa de máquinas. 
NBR7192 4.2.4 Iluminação e tomadas na casa de máquinas: Deve haver uma tomada de 600 W para cada grupo de dois elevadores Deve haver, no mínimo, duas tomadas de 600 W.",Eliseu,,Iluminação e Instalações Elétricas,ok,tomadas,08/07/2026,FALSE
3580,"A casa de máquinas está sendo usado como depósito de materiais alheios aos elevadores, a Norma proíbe.
NBR 7192 4.2 A casa de máquinas e de polias devem ser exclusivamente destinadas aos elevadores, não sendo permitido o seu uso como depósito ou para instalações de equipamentos alheios aos elevadores, ou ainda, servir de passagem de qualquer espécie.",Eliseu,,Limpeza e Organização,ok,"uso exclusivo, norma",08/07/2026,FALSE
3581,"Existe acúmulo de sujeira na casa de máquinas, restos das obras civis e da instalação dos elevadores. Após o término da instalação, deve-se proceder uma limpeza geral, com a remoção de qualquer material estranho aos elevadores, conforme exige a Norma. A casa de máquinas e a casa de polias devem ser exclusivamente destinadas aos elevadores, não sendo permitido o seu uso como depósito ou para instalações de equipamentos alheios aos elevadores, ou ainda, servir de passagem de qualquer espécie.",Eliseu,,Limpeza e Organização,ok,"recebimento, limpeza e organização geral, ótima nota",08/07/2026,FALSE
3598,"A porta de acesso não atende à Norma NM207 em seu item 6.3.3.1, uma vez que sua folha abre para dentro da casa de máquinas. A porta deve abrir para fora da casa de máquinas, em sentido de fuga.
NM207 6.3.3.1 A porta de acesso à casa de máquinas deve ser de material incombustível e sua folha deve abrir para fora, estar provida de fechadura com chave, com fechamento e travamento autônomo.
 ",Rômulo,,Porta de Acesso,ok,porta da casa de máquinas abrindo pra dentro,08/07/2026,FALSE
4304,"As portas pantográficas da cabina possibilitam que objetos ou partes do corpo sejam inseridos através de suas barras sujeitando a acidentes graves. Desde 1999 é proibido o uso de portas pantográficas.
Recomenda-se a substituição por portas automáticas com fechamento completo, que oferecem maior segurança aos usuários.
NBR 7192 - 4.10 Portas do carro. Todas as entradas do carro devem possuir portas não perfuradas que permitam fechar toda a abertura. Não é permitido o uso de porta pantográfica.
",Romulo,,Porta da Cabina,revisar,"modernização, substituição de portas pantográficas",14/07/2026,FALSE
3481,"A caixa deve ser provida com iluminação elétrica de instalação permanente, proporcionando iluminação mínima de 20 lx durante reparos e manutenção, mesmo quando todas as portas estão fechadas. Esta iluminação deve compreender uma lâmpada a 0,5 m em cada um dos pontos mais alto e mais baixo da caixa e lâmpadas intermediárias com distância entre elas não superior à 7 m. Se for feito uso da exceção prevista no caso particular de 5.2.1, esta iluminação pode não ser necessária, se a iluminação elétrica existente nas vizinhanças da caixa for suficiente.",Eliseu,,Iluminação e Instalações Elétricas,ok,recomendação da norma,08/07/2026,FALSE
3482,"A Norma NM207 recomenda:. A caixa deve ser provida com iluminação elétrica de instalação permanente, proporcionando iluminação mínima de 20 lx durante reparos e manutenção, mesmo quando todas as portas estão fechadas. Esta iluminação deve compreender uma lâmpada a 0,5 m em cada um dos pontos mais alto e mais baixo da caixa e lâmpadas intermediárias com distância entre elas não superior à 7 m. Se for feito uso da exceção prevista no caso particular de 5.2.1, esta iluminação pode não ser necessária, se a iluminação elétrica existente nas vizinhanças da caixa for suficiente.",Eliseu,,Iluminação e Instalações Elétricas,ok,recomendação da norma,08/07/2026,FALSE
3483,"A norma exige que as fiações ao longo da caixa de corrida estejam devidamente protegidas através de conduites, canaletas e caixas de passagem.ABNT-4.3.4 Instalações dos condutores: os condutores localizados na caixa, nas cabinas e na casa de máquinas, com exceção dos cabos de comando que ligam a fiação à caixa, devem ser instalados em condutos conforme a NBR 5410.",Eliseu,,Iluminação e Instalações Elétricas,ok,"proteção da fiação, norma",08/07/2026,FALSE
3484,"As fiações ao longo da caixa de corrida estão abandonadas, em desarranjo, fora das canaletas e condutos. A norma exige que as fiações ao longo da caixa de corrida estejam devidamente protegidas através de conduites, canaletas e caixas de passagem.
NBR 7192 4.3.4 Instalações dos condutores: os condutores localizados na caixa, nas cabinas e na casa de máquinas, com exceção dos cabos de comando que ligam a fiação à caixa, devem ser instalados em condutos conforme a NBR 5410.",Eliseu,,Iluminação e Instalações Elétricas,ok,"proteção da fiação, norma",08/07/2026,FALSE
3485,"A alavanca do limite de segurança está desalinhada em relação ao tirante do cabo de tração. Desta forma, o sistema está inoperante.",Eliseu,,Iluminação e Instalações Elétricas,ok,alavanca do limite desalinhada,08/07/2026,FALSE
3486,"Falta instalar interruptor para alimentação da iluminação da caixa de corrida. Necessita regularização.
NM207 13.6.3.2 Um interruptor deve controlar a alimentação do circuito da casa de máquinas. Este interruptor deve ser localizado dentro e próximo ao acesso à casa de máquinas. Os interruptores da iluminação da caixa devem ser colocados na casa de máquinas e no poço, para que a iluminação possa ser comandada de ambos os lugares.",Eliseu,,Iluminação e Instalações Elétricas,ok,falta interruptor para alimentação da iluminação da caixa,08/07/2026,FALSE
3505,"As estruturas na caixa de corrida elevador estão com acúmulo excessivo de sujeira.  A sujeira tende a espalhar para os componentes e comprometer o funcionamento do elevador. Além disso, a poeira contamina o ar da caixa de corrida que é respirado pelos passageiros no interior da cabine. 
 
A limpeza do maquinário e do ambiente da caixa de corrida do elevador deve fazer parte dos procedimentos periódicos de manutenção, conforme norma técnica.
 
NBR 16083 A manutenção inclui: a) lubrificação e limpeza. Necessita regularização. ",Eliseu,,Limpeza,ok,poeira e sujeira nas estruturas da caixa de corrida,08/07/2026,FALSE
3506,"Vista geral da caixa de corrida. Os equipamentos e instalações foram inspecionados e testados, não constatamos irregularidades. As cabinas, estruturas e corrediças ao longo da caixa de corrida estão com acúmulo de resíduos de construção civil. Antes da colocação dos elevadores em funcionamento definitivo deverá ser feitas limpeza e lubrificação geral. Durante a realização da obra os serviços de manutenção dos elevadores devem ser intensificados de forma a evitar desgastes prematuros e danos aos componentes.",Eliseu,,Limpeza,ok,"resíduo de construção civil, desgaste",08/07/2026,FALSE
3507,"Falta limpeza geral na caixa de corrida, estruturas e demais componentes da caixa de corrida. A limpeza deve fazer parte dos procedimentos periódicos de manutenção. Particularmente nos casos de modernização é imprescindível que se faça a limpeza geral da caixa de corrida acompanhada de pintura nas paredes e recuperação anticorrosiva das estruturas e suportes metálicos. A sujeira ao longo da caixa de corrida comprometem as condições de saúde do edifício. O ar contaminado ao longo da caixa de corrida é respirado pelos passageiros no interior da cabina.",Eliseu,,Limpeza,ok,"limpeza, recuperação, modernização",08/07/2026,FALSE
3508,"Falta limpeza geral na caixa de corrida, estruturas e demais componentes da caixa de corrida.
A limpeza deve fazer parte dos procedimentos periódicos de manutenção e, particularmente, nos casos de modernização.
O acúmulo excessivo de sujeira nas estruturas e componentes contamina o ar da caixa de corrida, que é respirado pelos passageiros no interior da cabina. Necessita regularização.",Rômulo,,Limpeza,ok,"sujeira na caixa de corrida, modernização",08/07/2026,FALSE
3509,Os rolos de guia do contrapeso estão com acúmulo de sujeira e com as articulações desajustadas e ressecadas provocando um funcionamento dos elevadores extremamente ruidoso. Procedimentos de manutenção são necessários para a regularização,Eliseu,,Limpeza,ok,"falta limpeza, manutenção",08/07/2026,FALSE
3510,Os rolos de guia do contrapeso estão com acúmulo de sujeira impregnadas a lubrificante ressecado que provocam um funcionamento dos elevadores com trepidações. Procedimentos de manutenção são suficientes para a regularização,Eliseu,,Limpeza,ok,"falta limpeza, manutenção",08/07/2026,FALSE
3511,Os rolos de guia dos contrapesos e das cabinas estão com acúmulo de sujeira e com as articulações desajustadas e ressecadas provocando um funcionamento dos elevadores pesado e ruidoso. Procedimentos de manutenção e limpeza são necessários para a regularização,Eliseu,,Limpeza,ok,"falta limpeza, manutenção",08/07/2026,FALSE
3512,Vista geral da parte inferior do contrapeso. Falta limpeza geral na estrutura e pintura nos componentes.,Eliseu,,Limpeza,ok,falta limpeza e pintura,08/07/2026,FALSE
3513,"Vista geral do contrapeso. Existe acúmulo de sujeira na suspensão, corrediças e estruturas dos contrapesos. Falta graxa nas graxeiras dos coxins das corrediças. Tal irregularidade sujeita o equipamento a um funcionamento pesado e extremamente ruidoso que aumenta o consumo de energia e compromete a segurança psicológica dos usuários. Procedimentos de manutenção são necessários para a regularização",Eliseu,,Limpeza,ok,"sujeira, funcionamento pesado manutenção",08/07/2026,FALSE
3651," Detalhes mostrando a parte inferior da cabina onde está instalado o aparelho de segurança (freio do elevador). Os mecanismos e contatos foram testados dinamicamente, sob carga, apresentando perfeitas condições de uso e segurança.",Eliseu,,Freio Cunha,ok,"Freio de Segurança, testado, ok",08/07/2026,FALSE
3487,"Falta regularizar a iluminação ao longo da caixa de corrida. Diversas luminárias estão danificadas ou inoperantes. A iluminação da caixa de corrida é item obrigatório por norma e visa proporcionar condições adequadas para manutenção e inspeção dos componentes instalados na caixa de corrida. (Existem luminárias quebradas, sem fixação adequada, sem arandelas e vidros de proteção, cobertas por dejetos de construção civil e com lâmpadas queimadas).
NM16042 5.9 Iluminação da caixa A caixa deve ser provida com iluminação elétrica de instalação permanente, proporcionando iluminação mínima de SO Ixa1,0 m acima do topo do carro e do piso do poço, mesmo estando todas as portas fechadas.
Esta iluminação deve compreender uma lâmpada a 0,5 m no máximo em cada um dos pontos mais alto e mais baixo da caixa e lâmpadas intermediária.",Rômulo,,Iluminação e Instalações Elétricas,ok,"luminarias quebradas, cobertas com massa, soltas",08/07/2026,FALSE
3488,"Vistas gerais das instalações da caixa de corrida.
 
A caixa de corrida do elevador não possui iluminação elétrica permanente, item obrigatório por norma.
 
NM207 5.9 Iluminação da caixa – A caixa deve ser provida com iluminação elétrica de instalação permanente, proporcionando iluminação mínima de 20 lx durante reparos e manutenção, mesmo quando todas as portas estão fechadas.[...]
 
Essa exigência visa proporcionar condições adequadas para manutenção e inspeção dos componentes instalados na caixa de corrida. Necessita regularização.",Romulo,,Iluminação e Instalações Elétricas,ok,caixa de corrida sem iluminação elétrica,08/07/2026,FALSE
3489,"Na extremidade livre da barra existe um contato de segurança visando interromper o funcionamento do elevador quando a barra for movida para a posição de manutenção.
Existe, no entanto, condição de risco de acidente quanto à montagem deste dispositivo, em situações de colagem dos contatos. No caso de os contatos colarem, a remoção da barra não irá causar o corte do funcionamento do elevador. Contraria a norma.
ABNT NBR 12892 14.1.2.2 Contatos de segurança 14.1.2.2.1 A operação do contato de segurança deve ser por separação positiva dos dispositivos de corte do circuito. Esta separação deve ocorrer mesmo se os contatos estiverem colados entre si.
A separação das partes deve obrigar a desfazer o contato, mesmo que eles estiverem colados entre si.
 
Necessita regularização.",Rômulo,,Iluminação e Instalações Elétricas,ok,risco por contatos colados,08/07/2026,FALSE
3490,Q1-O sistema de iluminação ao longo da caixa de corrida está inoperante e danificado.,Eliseu,,Iluminação e Instalações Elétricas,ok,inoperante,08/07/2026,FALSE
3491,Q9-Falta anel de trava de segurança no eixo do rolete do limite. Os limites são componentes ligados à segurança e não admitem irregularidades. Compromete a segurança.,Eliseu,,Iluminação e Instalações Elétricas,ok,"Limites Inferiores, falta trava de segurança, segurança",08/07/2026,FALSE
3492,Q9-Foi utilizado arame em lugar de trava de segurança no eixo do rolete do limite. Os limites são componentes ligados à segurança e não admitem reparos improvisados.,Eliseu,,Iluminação e Instalações Elétricas,ok,"Limites Inferiores, arame no lugar de trava, segurança",08/07/2026,FALSE
3493,"Q9-Limite faltando tampa, expondo os contatos a sujeira. Os componentes de segurança dos elevadores devem ser mantidos permanentemente em perfeitas condições de funcionamento.",Eliseu,,Iluminação e Instalações Elétricas,ok,"Limites Inferiores, faltando tampa, sujeira",08/07/2026,FALSE
3494,Q9-O limite final de segurança está com o rolete danificado. Os componentes de segurança dos elevadores devem ser mantidos permanentemente em perfeitas condições de funcionamento e integridade.,Eliseu,,Iluminação e Instalações Elétricas,ok,"Limites Inferiores, rolete danificado",08/07/2026,FALSE
3495,Q9-Os limites finais de segurança estão em boas condições de funcionamento.,Eliseu,,Iluminação e Instalações Elétricas,ok,Limites Inferiores,08/07/2026,FALSE
3496,"Detalhe mostrando cabo anti-furtoda escada móvel de acesso ao poço embolado próximo ao limitador de velocidade, sujeitando ao agarramento no limitador e seus componentes e acidentes. Recomenda-se que o cabo anti-furto da escada seja reposicionado de modo a eliminar a possibilidade de acidentes.",Rômulo,,Iluminação e Instalações Elétricas,ok,"cabo antifurto embolado, elevador OTIS.",08/07/2026,FALSE
3514,"Detalhe mostrando acúmulo de resíduos de construção civil sobre a polia de suspensão do contrapeso.
Ao depositarem-se na camada lubrificante dos cabos de tração, esses resíduos tornam-se elementos abrasivos quando da passagem dos cabos pelas polias, acelerando o desgaste dos componentes e comprometendo a vida útil do conjunto.
Deve-se proceder à limpeza.",Eliseu,,Limpeza,ok,resíduos de construção civil na proteção da polia. abrasão acelerada,08/07/2026,FALSE
3515,"Os cabos de compensação estão oxidados e desajustados. Necessita procedimentos de manutenção envolvendo limpeza, relubrificação, ajustes e fixação adequada.",Eliseu,,Limpeza,ok,"oxidados, desajustados, manutenção",08/07/2026,FALSE
3516,Existe acúmulo de sujeira nos suportes de guia ao longo da caixa de corrida dos elevadores. Necessita limpeza geral e lubrificação das guias da cabina e contrapeso. O ressecamento das guias sujeita os elevadores a um funcionamento pesado que demanda um esforço maior dos motores de tração causando aquecimento excessivo dos mesmos e paralisações.,Eliseu,,Lmpeza,ok,"sujeira, funcionamento pesado",08/07/2026,FALSE
3517,Blocos de reboco soltando da parede. Os pedaços de alvenaria soltos sujeitam a quedas sobre o equipamento e acidentes.,Eliseu,,"Paredes, Vigas e Teto",ok,reboco soltando,08/07/2026,FALSE
3518,"Existe obra civil inacabada no interior da caixa de corrida, e em diversas partes falta pintura das paredes em cor clara. Os pedaços de alvenaria soltos sujeitam a quedas sobre o equipamento e acidentes.",Eliseu,,"Paredes, Vigas e Teto",ok,obra civil inacabada,08/07/2026,FALSE
3519,"Existe obra civil inacabada no interior da caixa de corrida, e falta pintura das paredes em cor clara.",Eliseu,,"Paredes, Vigas e Teto",ok,"obra civil inacabada, pintura de cor clara",08/07/2026,FALSE
3520,"Vista do topo da caixa de corrida. Os elevadores, quando no limite superior da caixa de corrida, estacionam muito próximos do teto. Essa situação sujeita o elevador, em caso de falha dos sistemas do limite superior, a colisão contra o teto. Dificulta também o trabalho dos técnicos, prejudicando sua segurança.",Eliseu,,"Paredes, Vigas e Teto",ok,"elevadores muito próximo do teto, colisão, segurança",08/07/2026,FALSE
3521,"Existe obra civil inacabada no interior da caixa de corrida. Contraria a norma técnica. As paredes laterais da caixa de corrida devem possuir acabamento liso.
NM 207 5 Caixa 5.3 Paredes, piso e teto da caixa.[...] as paredes laterais da caixa devem possuir acabamento liso e de cor clara, admitindo-se o acabamento sem rebocar desde que ele seja de textura equiparável à do concreto à vista.",Rômulo,,"Paredes, Vigas e Teto",ok,obra civil inacabada,08/07/2026,FALSE
3522,"Existe obra civil inacabada no interior da caixa de corrida. Contraria a norma técnica. As paredes laterais da caixa de corrida devem possuir acabamento liso.
NBR 16042 5 Caixa 5.3 Paredes, piso e teto da caixa.[...] as paredes laterais da caixa devem possuir acabamento liso e de cor clara, admitindo-se o acabamento sem rebocar desde que ele seja de textura equiparável à do concreto à vista.",Rômulo,,"Paredes, Vigas e Teto",ok,"obra civil inacabada, 16042",08/07/2026,FALSE
3497,"Os condutores e cabos dos elevadores (exceto os cabos de comando) devem ser instalados em conduítes (ou canaletas) feitas de metal ou plásticos, ou  protegidos de maneira equivalente, conforme item 13.5.1 da NM207.
NM207 13.5 Fiação elétrica 13.5.1 Nas casas de máquinas e casas de polias e nas caixas dos elevadores, os condutores e cabos (exceto os cabos de comando) devem ser selecionados a partir daqueles normalizados pelo CENELEC e com uma qualidade pelo menos equivalente àquela definida por HD 21.3 S2 e HD 22.4 S2. 13.5.1.1 Exceto para os circuitos de potência da máquina, podem ser usados em todos os circuitos os condutores selecionados conforme CENELEC HD 21.3 S2, partes 2 (HO7V-U e HO7V-R), 3 (HO7V-K), 4 (HO5V-U) e 5 (HO5V-K), desde que eles estejam instalados em conduites (ou canaletas) feitas de metal ou plásticos ou os condutores estejam protegidos de maneira equivalente. NOTA - Estas disposições substituem aquelas do guia existente no anexo 1 de CENELEC HD 21.1 S2.",Eliseu,,Iluminação e Instalações Elétricas,ok,os cabos devem ser instalados em conduítes ou canaletas,08/07/2026,FALSE
3498,"Algumas fiações estão expostas ao longo da caixa de corrida.4.3.2 Proteção de equipamentos sob tensão: Todas as partes sob tensão do sistema elétrico, na caixa do elevador, nas paradas, dentro ou em cima da cabinas, devem ser protegidas contra contato acidental. Os condutores localizados na caixa, nas cabinas e na casa de máquinas, com exceção dos cabos de comando que ligam a fiação à caixa, devem ser instalados em condutos conforme a NBR 5410.",Eliseu,,Instalações Elétricas,ok,"fiações expostas, norma",08/07/2026,FALSE
3499,"Existem sucatas de materiais abandonadas ao longo das caixas de corrida e sobre as cabinas. Este procedimento é condenável e sujeita a acidentes. As sucatas soltando-se de sua posição, tendem a cair entre os mecanismos do elevador comprometendo seu funcionamento e causando acidentes. Necessita regularização.",Eliseu,,Limpeza,ok,"sucatas, acidente, regularização",08/07/2026,FALSE
3500,"Existe acúmulo de sujeira ao longo da caixa de corrida dos elevadores. a sujeira ao longo da caixa de corrida ocultam irregularidades, denotam abandono da manutenção e comprometem as condições de saúde do edifício. O ar contaminado ao longo da caixa de corrida é respirado pelos passageiros no interior da cabina. Recomenda-se limpeza geral e pintura.",Eliseu,,Limpeza,ok,"sujeira, contaminação",08/07/2026,FALSE
3501,"Vista geral da caixa de corrida. Existe acúmulo de sujeira ao longo da caixa de corrida dos elevadores. a sujeira ao longo da caixa de corrida ocultam irregularidades, denotam abandono da manutenção e comprometem as condições de saúde do edifício. O ar contaminado ao longo da caixa de corrida é respirado pelos passageiros no interior da cabina. Recomenda-se limpeza geral e pintura.",Eliseu,,Limpeza,ok,"sujeira, contaminação, manutenção",08/07/2026,FALSE
3502,"Existe massa depositada sobre limites de percurso na caixa de corrida.
Deve-se proceder à limpeza.
Os componentes de segurança dos elevadores devem ser mantidos permanentemente em perfeitas condições de funcionamento.",Rômulo,,Limpeza,ok,"massa depositada nos limites de percurso, recebimento",08/07/2026,FALSE
3503,"Existe acúmulo de sujeira, poeira, e resíduos de construção civil ao longo dos diversos componentes em toda a caixa de corrida do elevador.
Tal irregularidade, além de causar danos ao componentes móveis e componentes elétricos, contaminam o ar da caixa de corrida, que é respirado pelos passageiros no interior da cabina.
A limpeza do maquinário e do ambiente da caixa de corrida deve fazer parte dos procedimentos periódicos de manutenção, conforme norma técnica.
NBR 16083 A manutenção inclui: a) lubrificação e limpeza. 
Deve-se proceder à limpeza geral dos componentes e estruturas da caixa de corrida do elevador.",Rômulo,,Limpeza,ok,"sujeira e poeira geral, construção, na caixa de corrida do elevador",08/07/2026,FALSE
4305,"A formação de um degrau (desnível) entre o piso da cabine e o piso do pavimento.
O passageiro ao sair ou entrar na cabine pode tropeçar e se machucar.
A parada destes elevadores no pavimento é feita através da atuação do freio eletromecânico da máquina de tração.
Este sistema provoca paradas bruscas e nivelamento impreciso com formação de degrau entre o piso da cabina e o piso do pavimento.
No caso de uma modernização, a precisão de nivelamento melhora significativamente. Sem
ela, o equipamento exige ajustes frequentes.
Necessita regularização.
",Romulo,,Porta e Soleira,revisar,"modernização, comentário sobre degraus entre cabine e pavimento",14/07/2026,FALSE
4306,"Para modernização recomendamos a substituição do subteto da cabine com boa iluminação.
",Romulo,,Iluminação e Ventilação,revisar,"modernização, substituição do subteto da cabine",14/07/2026,FALSE
4307,"Recomenda-se a substituição do protetor de soleira (avental, cornija ,aba de proteção ou tapa vista). 
Este item trata-se de uma aba de proteção de ferro posicionada abaixo da soleira da cabina, tendo como finalidade evitar quedas dos usuários quando em situações de emergência ou resgate. 
Conforme norma técnica vigente o tapa vista deve ter 750 mm de altura.
NBR-16858-1- 5.4.5.1 Cada soleira da cabina deve ser provida de um protetor da soleira (avental) estendendo-se em toda a largura da entrada de pavimento que faça face a ela. A seção vertical deve estender-se para baixo por meio de uma dobra cujo ângulo com o plano horizontal deve ser de no mínimo 60°. A projeção desta dobra no plano horizontal deve ser de no mínimo 20 mm. 5.4.5.2 A altura da parte vertical deve ser de no mínimo 0,75 m. 
Recomenda-se a regularização.
",Romulo,,Estrutura Externa e Corrediças,revisar,"modernização, substituição da cornija",14/07/2026,FALSE
4352,"As instalações elétricas na base do painel de controle estão em desarranjo, com cabos dispostos de forma improvisada no piso. Esta irregularidade sujeita os cabos a danos mecânicos, como pisoteio, o que pode provocar mau contato e falhas de funcionamento nos elevadores. Recomenda-se a organização e proteção adequada das fiações, preferencialmente em conduítes ou canaletas, e sua identificação.",Romulo,,Interligações e Fiações Elétricas,revisar,"Quadro de Comando, Fiação Exposta, Cabos Desorganizados, Risco de Dano Mecânico, Canaletas e Conduítes, Organização de Cabos.",23/07/2026,FALSE
4353,"O quadro de força propicia proteção à instalação elétrica e permite ativar e desativar o fornecimento de energia elétrica para o elevador. As instalações foram inspecionadas, não constatamos irregularidade.",Romulo,,Sem Subcategoria,revisar,"Quadro de Força, Sem Irregularidade, Conforme, Proteção Elétrica, Inspeção Ok, Fornecimento de Energia.",23/07/2026,FALSE
4354,"O freio de emergência foi inspecionado.
Não constatamos irregularidades.",Romulo,,Limitador de Velocidade,revisar,"Freio de Segurança, Inspeção OK, Sem Irregularidade, Conforme, Sistema de Segurança.",23/07/2026,FALSE
3523,"Existe obra civil inacabada no interior da caixa de corrida. Contraria a norma técnica. As paredes laterais da caixa de corrida devem possuir acabamento liso.
5.3 Paredes, piso e teto da caixa
A estrutura da caixa deve atender às Normas Brasileiras sobre edifi cação e deve ser capaz de suportar
pelo menos as cargas que podem ser aplicadas pela máquina, pelas guias durante a atuação do freio
de segurança, ou nos casos de carga descentrada na cabina, pela ação dos para-choques, ou aquelas
aplicadas pela trava antipulo da polia de compensação.
As paredes, piso e teto da caixa devem ser construídos com materiais resistentes ao fogo, duráveis,
que não soltem pó e tenham resistência mecânica suficiente. As paredes laterais da caixa devem
possuir acabamento liso e de cor clara, admitindo o acabamento sem rebocar, desde que ele seja de
textura equiparável à do concreto à vista.",Rômulo,,"Paredes, Vigas e Teto",ok,,08/07/2026,FALSE
3524,"ressalto na parede da caixa da plataforma, risco de acidente

ISO 9386-1 9.1.1.3 Construção do fechamento 9.1.1.3.1 Cada parede do fechamento deve formar uma superfície vertical lisa e contínua e deve ser composta de elementos rígidos. 9.1.1.3.2 Quaisquer furos ou projeções nas superfícies internas das paredes de fechamento da caixa não podem exceder 5 mm, e projeções excedendo 1,5 mm devem ser chanfradas a pelo menos 15° com a vertical.",Rômulo,,"Paredes, Vigas e Teto",ok,"ressalto na parede da caixa da plataforma, risco de acidente",08/07/2026,FALSE
3525,"Portinhola de inspeção NM 16042
 
NM 16042 5.2.2.2.2 O funcionamento do elevador somente deve ser possível quando as portas previstas em 5.2.2.1.1 estiverem fechadas e travadas. Este travamento deve ser assegurado por um dispositivo elétrico de segurança de acordo com 14.1.2.
 
 ",Rômulo,,Portas de Acesso e Janelas,ok,Portinhola de inspeção NM 16042,08/07/2026,FALSE
3526," Existe acesso à caixa de corrida sem proteção, a Norma proíbe, compromete a segurança.",Eliseu,,Portas de Acesso e Janelas,ok,acesso sem proteção,08/07/2026,FALSE
3527,Existe porta de acesso no topo da caixa de corrida. O contato de segurança nestes casos é obrigatório. É necessário fazer a regularização.,Eliseu,,Portas de Acesso e Janelas,ok,"porta de acesso no topo, contato de segurança",08/07/2026,FALSE
3528,"A portinhola de inspeção contraria a norma NM207, pois não fecha toda a abertura e não permite abertura pelo lado interna da caixa sem uso de chave. O funcionamento do elevador deve estar sujeito ao fechamento e travamento da porta, assegurado por dispositivo elétrico de segurança.
NM207 5.2.2.1 Portas de inspeção e emergência e portinholas de inspeção devem fechar toda a abertura. 
5.2.2.2.1 As portas e as portinholas devem ser providas de trava com chave permitindo o fechamento autônomo e fechar e travar sem o uso da chave. [...] As portas de inspeção e emergência devem poder ser abertas a partir do interior da caixa sem chave mesmo estando travadas.
[...] O funcionamento do elevador somente deve ser possível quando as portas previstas em 5.2.2.1.1 estiverem fechadas e travadas.",Rômulo,,Portas de Acesso e Janelas,ok,"portinhola de inspeção, abertura pelo lado interno sem a chave",08/07/2026,FALSE
3529,"A portinhola de inspeção instalada não atende à norma técnica. A portinhola não pode ser perfurada.
NM 16042 5.2.2.3 As portas de inspeção, de emergência e as portinholas de inspeção não podem ser perfuradas e devem satisfazer as mesmas condições de resistência mecânica que as portas de pavimento e atender aos regulamentos referidos com de proteção ao fogo para o edifício onde estão instaladas.",Rômulo,,Portas de Acesso e Janelas,ok,portinhola de inspeção não pode ser perfurada. 16042,08/07/2026,FALSE
3530,"A portinhola de inspeção instalada não atende à norma técnica. A portinhola não pode ser perfurada.
NM 207 5.2.2.3 As portas de inspeção, de emergência e as portinholas de inspeção não podem ser perfuradas e devem satisfazer as mesmas condições de resistência mecânica que as portas de pavimento e atender aos regulamentos referidos com de proteção ao fogo para o edifício onde estão instaladas.",Rômulo,,Portas de Acesso e Janelas,ok,a portinhola de inspeção não pode ser perfurada,08/07/2026,FALSE
3531,"O contato elétrico de confirmação de fechamento da porta foi constatado inoperante, colado por tinta. O contato é item de segurança obrigatório por norma. Compromete a segurança. Deve-se preceder à regularização.
5.2.2.2.2 O funcionamento do elevador somente deve ser possível quando as portas previstas em 5.2.2.1.1 estiverem fechadas e travadas. Este travamento deve ser assegurado por um dispositivo elétrico de segurança de acordo com 14.1.2.",Rômulo,,Portas de Acesso e Janelas,ok,contato elétrico da portinhola colado por tinta,08/07/2026,FALSE
3532,"Vista geral mostrando a caixa de corrida e a portinhola de inspeção no topo da caixa.
A portinhola dispõe de um contato elétrico para interrupção do funcionamento do elevador quando da abertura da portinhola, conforme norma técnica.
O contato elétrico foi constatado  inoperante com sua ponta travada na estrutura da portinhola. Necessita regularização.
Os dispositivos de segurança do elevador devem ser mantidos permanentemente em perfeitas condições de funcionamento.",Romulo,,Portas de Acesso e Janelas,ok,contato da portinhola inoperante,08/07/2026,FALSE
3533,"A caixa de corrida do elevador não possui abertura para saída de fumaça em caso de incêndio. Contraria a norma técnica. 
NBR 16042 5.2.3 Ventilação da caixa A caixa do elevador deve possuir abertura(s) que permita(m) a ventilação natural ou forçada com renovação de ar e em caso de incêndio, a saída de fumaça e de gases quentes para o ar livre. 5.2.3.1 Na parte superior da caixa do elevador devem existir: a) abertura(s) de ventilação com comunicação direta para o ar livre; ou b) ligação entre a caixa e o ar livre através de dutos não inflamáveis; ou c) abertura(s) que ligue(m) a caixa do elevador com a casa de polias. Neste caso, a casa de polias deve possuir abertura(s) para o ar livre.",Romulo,,Portas de Acesso e Janelas,ok,caixa de corrida (MRLS) sem abertura para saida de fumaça,08/07/2026,FALSE
4308,"Para modernização recomendamos a instalação de balaustrada (guarda corpo) na parte superior da cabine.
A falta de guarda corpo na parte superior da cabine, sujeitam à acidentes graves na atividade de manutenção.
Recomenda-se a instalação do guarda corpo sobre a cabina, item exigido por norma:

NM 207 8.12 Teto da cabina c) dispor de uma balaustrada quando o espaço livre no plano horizontal para além da extremidade do teto da cabina exceder 0,30 m. Esta balaustrada deve atender os seguintes requisitos: 1) no caso de caixas totalmente fechadas, a altura deve ser pelo menos de 0,70 m; no caso de caixas parcialmente fechadas a altura deve ser pelo menos 0,90 m; 2) ela deve consistir de pelo menos um corrimão, um rodapé de 0,10 m de altura e uma barra intermediária a meia altura;

",Romulo,,Modernização,revisar,"modernização, instalação de guarda corpo na cabine",14/07/2026,FALSE
3534,"Essa é a citação para aba de desvio? Ver com papai.
NM 207 5.4.3 Abaixo de cada soleira de porta de pavimento a parede da caixa deve atender os seguintes requisitos: a) ela deve formar uma superfície vertical que seja diretamente ligada à soleira da porta de pavimento e cuja altura seja no mínimo igual à metade da zona de destravamento mais 50 mm, e cuja largura seja pelo menos igual à abertura livre de acesso à cabina mais 25 mm em ambos os lados. b) a superfície deve ser contínua e ser composta de elementos lisos e duros, tais como, folha metálica, acabamentos duros ou material equivalente com relação ao atrito. Acabamentos em gesso são proibidos. Se for utilizado vidro na zona de destravamento, ele deve ser laminado de acordo com 8.3.2.1. c) quaisquer projeções não devem exceder 5 mm. Projeções excedendo 2 mm devem ser chanfradas com pelo menos 75o referido à horizontal. d) além disso, as paredes da caixa nesta região devem 1) ser conectadas ao dintel da próxima porta, ou 2) prolongar-se para baixo por meio de um chanfro duro e liso cujo ângulo com o plano horizontal seja no mínimo 60o. A projeção desse chanfro no plano horizontal não deve ser menor que 20 mm.",Romulo,,Portas de Acesso e Janelas,ok,aba de desvio,08/07/2026,FALSE
3535,"Os marcos da portinhola de inspeção é de material combustível. Contraria a norma.
NM 207 5.2.2.3 As portas de inspeção e de emergência e as portinholas de inspeção devem ser não perfuradas e satisfazer as mesmas condições de resistência mecânica que as portas de pavimento e atender os regulamentos relevantes de proteção ao fogo para o edifício onde estão instaladas.
NM 207 7 Portas de pavimento 7.2 Resistência de portas e suas armações 7.2.2 Comportamento sob condições de fogo 6) As portas de pavimento devem atender às exigências das normas ISO 834 e ISO 3008, com um mínimo de 30 minutos (F30).",Eliseu,,Portas de Acesso e Janelas,ok,"portinhola de madeira, combustível",08/07/2026,FALSE
3536,"Existe fechamento de madeira na caixa de corrida dos elevadores, material que se comporta como combustível em caso de incêndio. 
Contraria a norma. Necessita regularização.
NBR 7192 4.1.4.2 As caixas dos elevadores devem atender aos regulamentos locais, em vigor, sobre resistência ao fogo, e devem satisfazer aos seguintes requisitos mínimos:
a) as paredes devem ser constituídas de material incombustível;
b) seu fechamento deve, em caso de incêndio, manter sua resistência mecânica pelo período de tempo exigido pelos regulamentos locais, em vigor, sobre resistência ao fogo. O fechamento não deve ser constituído de materiais que possam tornar-se perigosos pela alta inflamabilidade ou pela natureza e quantidade de fumaça produzida.",Rômulo,,Portas de Acesso e Janelas,ok,Fechamento de madeira na caixa de corrida,08/07/2026,FALSE
3537,Existe abertura sob o painel de fechamento no topo da caixa de corrida. Os painéis de fechamento na caixa de corrida devem fechar completamente o vão no sentido da largura e da altura.,Eliseu,,Portas de Acesso e Janelas,ok,abertura no painel de fechamento,08/07/2026,FALSE
3538,"Existe acesso à parte interna superior da caixa de corrida sem fechamento, sem circuitos de proteção e segurança. Compromete a segurança, a Norma proíbe. Deve-se proceder à instalação de proteções.",Eliseu,,Portas de Acesso e Janelas,ok,acesso sem fechamento,08/07/2026,FALSE
3539,"Existe acesso sem fechamento à parte interno superior da caixa de corrida, sem circuitos de proteção e segurança. Compromete a segurança, a Norma proíbe.
NM207 5.2.2.2.1 As portas e as portinholas devem ser providas de trava com chave permitindo o fechamento autônomo e fechar e travar sem o uso da chave. O destravamento pelo lado do pavimento será apenas por chave diferente de qualquer outra existente no edifício e que deverá estar em poder de pessoa qualificada. Esta chave poderá ser a mesma que abre as portas de pavimento.",Eliseu,,Portas de Acesso e Janelas,ok,"acesso sem circuitos de proteção, norma",08/07/2026,FALSE
3540," A norma atual, NM207, proíbe que a caixa de corrida tenha aberturas para o lado externo, exceto aquelas previstas para o funcionamento dos elevadores e para a segurança. Deve-se fazer o fechamento total.",Eliseu,,Portas de Acesso e Janelas,ok,"aberturas para o lado externo, norma",08/07/2026,FALSE
3541,"Vista inferior da sobre-laje, observando-se a passagem dos cabos e polia de desvio. A abertura excessiva possibilita a queda de objetos através dos furos criando condições para a ocorrência de acidentes.",Eliseu,,Portas de Acesso e Janelas,ok,abertura da passagem de cabos,08/07/2026,FALSE
3542,"Falta fazer a pintura de faixa demarcadora de segurança pelos dois lados (subida e descida) conforme determina a norma: A faixa demarcadora de segurança deve ter 20 cm de largura em amarelo brilhante, na caixa de corrida, a 1,5m antes da chegada do contrapeso, pelos dois lados (subida e descida).",Eliseu,,Sinalizações e Identificação,ok,"falta pintura da faixa, norma",08/07/2026,FALSE
3543,"Falta fazer a pintura de faixa demarcadora de segurança pelos dois lados (subida e descida) conforme determina a norma: A faixa demarcadora de segurança deve ter 20 cm de largura em amarelo brilhante, na caixa de corrida, a 1,5m antes da chegada do contrapeso, pelos dois lados (subida e descida).",Eliseu,,Sinalizações e Identificação,ok,faixa amarela do contrapeso,08/07/2026,FALSE
3544,"Existem instalações elétricas estranhas ao elevador na caixa de corrida.
NM 207 5.8 Proibição de instalar na caixa material estranho ao serviço do elevador  A caixa deve ser usada exclusivamente com os propósitos do elevador. Ela não deve conter cabos ou dispositivos, etc que não sejam do elevador. Contudo, a caixa pode conter equipamento de aquecimento da caixa, excluindo aquecimento de vapor e aquecimento de água de alta pressão. Entretanto, quaisquer dispositivos de controle e ajuste devem estar localizados fora da caixa.",Eliseu,,Sinalizações e Identificação,ok,"uso exclusivo, norma",08/07/2026,FALSE
3545,"A Norma NM207 recomenda: NM207 5.9 Iluminação da caixa – A caixa deve ser provida com iluminação elétrica de instalação permanente, proporcionando iluminação mínima de 20 lx durante reparos e manutenção, mesmo quando todas as portas estão fechadas. Esta iluminação deve compreender uma lâmpada a 0,5 m em cada um dos pontos mais alto e mais baixo da caixa e lâmpadas intermediárias com distância entre elas não superior à 7 m. Se for feito uso da exceção prevista no caso particular de 5.2.1, esta iluminação pode não ser necessária, se a iluminação elétrica existente nas vizinhanças da caixa for suficiente.",Eliseu,,Sinalizações e Identificação,ok,"explicação de como deve ser, norma",08/07/2026,FALSE
3546,"Falta a pintura da faixa demarcadora de segurança do contrapeso, com 20 cm de largura em amarelo brilhante, na caixa de corrida, a 1,5m da chegada do contrapeso, pelos dois lados (subida e descida).",Eliseu,,Sinalizações e Identificação,ok,"falta pintura da faixa, norma",08/07/2026,FALSE
3599,"A fechadura da porta de acesso à casa de máquinas não atende a norma, pois não é possível a abertura da porta por dentro do recinto sem o uso de chave.
NM207 6.1.2 [...] Quando fechadas, a abertura da porta por dentro do recinto (casa de máquinas) deve ser possível sem o uso da chave.",Rômulo,,Porta de Acesso,ok,"abertura por dentro sem a chave, norma",08/07/2026,FALSE
3652,"Vista da parte inferior da cabina mostrando o aparelho de segurança.
Os equipamentos e mecanismos foram inspecionados e seu contato de segurança testado, não constatamos irregularidades.",Eliseu,,Freio Cunha,ok,"Freio de Segurança, testado, ok",08/07/2026,FALSE
3547,"Deve haver no contrapeso a identificação de qual elevador este pertence, conforme norma NM207. 15.15 Grupo de elevadores Se partes de diferentes elevadores estão presentes em uma mesma casa de máquinas ou casa de polias, cada elevador deve ser identificado com um número ou uma letra invariavelmente usada em todas as partes (máquina, controle, limitador de velocidade, interruptores, etc). Para facilitar a inspeção, manutenção, etc no topo da cabina, no poço ou em outros locais, onde necessário, o mesmo símbolo de identificação deve aparecer.",Eliseu,,Sinalizações e Identificação,ok,"identificação para grupo de elevadores, norma",08/07/2026,FALSE
3548,"Deve indicar-se a carga máxima permissível nos ganchos de içamento destinados às manobras com equipamento pesado durante sua montagem ou reposição.
NBR 16042 15.4.5 A carga máxima permissível em quilogramas deve estar indicada nos vigamentos ou ganchos de içamento (ver 6.4.10).",Rômulo,,Sinalizações e Identificação,ok,"ganchos sem indicação de carga, 16042",08/07/2026,FALSE
3549,"CAIXA DE CORRIDA: Espaço físico da edificação formado por paredes verticais, fundo do poço e teto, acessado normalmente através das portas de pavimento, por onde se movimentam a cabina e o contra peso. A cabina e o contrapeso deslizam pelas guias, através de corrediças. As guias de aço em perfil ”T” são fixadas em suportes de aço ao longo da caixa de corrida.",Eliseu,,Sem Subcategoria,ok,descrição do mecanismo,08/07/2026,FALSE
3550,"Vistas gerais das caixas de corrida dos elevadores.
A fixação das guias, condição de iluminação, instalação elétrica e limites de segurança foram inspecionados e testados.
Não constatamos irregularidades.",Rômulo,,Sem Subcategoria,ok,Ok,08/07/2026,FALSE
3551,"Falta o aterramento das canaletas e caixas de passagem na casa de máquinas.
NM207 13.5.5 Aterramento: Todas as partes metálicas do elevador não submetidas a tensão, tanto colocadas na casa de máquinas como na caixa, devem estar aterradas.",Eliseu,,Alçapões e Portinholas,ok,"aterramento do alçapão, norma",08/07/2026,FALSE
3552,"Falta o aterramento do alçapão.  
NM207 13.5.5 Aterramento: Todas as partes metálicas do elevador não submetidas a tensão, tanto colocadas na casa de máquinas como na caixa, devem estar aterradas.",Eliseu,,Alçapões e Portinholas,ok,"aterramento do alçapão, aviso, norma",08/07/2026,FALSE
3554,"A cobertura do alçapão é frágil e necessita de reforços.
NBR 7192 4.2.2.6 Os alçapões, quando fechados, devem ser capazes de suportar uma carga de 2000 N/m2, e quando estiverem abertos, devem ser munidos de proteções que impeçam a queda de pessoas. A cobertura do alçapão deve ser feita de material incombustível e antiderrapante. Os alçapões para entrada de equipamento devem ser travados somente pelo lado interno.",Eliseu,,Alçapões e Portinholas,ok,como deve ser,08/07/2026,FALSE
3555,"A portinhola de inspeção não atende à Norma.
NM207 5.2.2.2.1 As portas e as portinholas devem ser providas de trava com chave permitindo o fechamento autônomo e fechar e travar sem o uso da chave. O destravamento pelo lado do pavimento será apenas por chave diferente de qualquer outra existente no edifício e que deverá estar em poder de pessoa qualificada. Esta chave poderá ser a mesma que abre as portas de pavimento. As portas de inspeção e emergência devem poder ser abertas a partir do interior da caixa sem chave mesmo estando travadas.",Eliseu,,Alçapões e Portinholas,ok,"portinhola não atende à norma, como deve ser",08/07/2026,FALSE
3556,"NM 207 6.3.3.2 No piso da casa de máquinas pode ser colocado um alçapão utilizável para trabalhos de montagem e manutenção; deve permanecer permanentemente fechado e quando aberto devem tomar-se precauções para evitar a queda de pessoas (exemplos: balaustrada, guarda-corpo) e de objetos. Os alçapões devem abrir para dentro da casa de máquinas, ter dobradiça de pino fixo e trava. O vão livre dos alçapões deve ser adequado com as dimensões dos equipamentos da casa de máquinas.",Eliseu,,Alçapões e Portinholas,ok,"explicação de como deve ser, norma",08/07/2026,FALSE
3557,"Falta trava do alçapão. A norma NM207 determina:
NM 207 6.3.3.2 [...] Os alçapões devem abrir para dentro da casa de máquinas, ter dobradiça de pino fixo e trava.",Rômulo,,Alçapões e Portinholas,ok,"Falta trava do alçapão, norma",08/07/2026,FALSE
3558,"NM207 6.4.3.2 Todos os alçapões, quando fechados, devem ser capazes de suportar duas pessoas, cada uma com 1000 N em uma área de 0,2 m x 0,2 m, em qualquer posição, sem deformação permanente.",Eliseu,,Alçapões e Portinholas,ok,deve suportar duas pessoas,08/07/2026,FALSE
3559,"A portinhola de inspeção não atende à norma. A fechadura deve ser tipo fechamento e travamento autônomo. A abertura da portinhola pelo interior da casa de máquinas deve ser possível sem o uso de chave.
A portinhola de inspeção não deve ser perfurada.
É possível abrir uma das folhas da portinhola sem acionar o contato elétrico de segurança. Tal irregularidade compromete as condições de segurança
M207 5.2.2.2.1 As portas e as portinholas devem ser providas de trava com chave permitindo o fechamento autônomo e fechar e travar sem o uso da chave. [...] As portas de inspeção e emergência devem poder ser abertas a partir do interior da caixa sem chave mesmo estando travadas.
5.2.2.2.2 O funcionamento do elevador somente deve ser possível quando as portas previstas em 5.2.2.1.1 estiverem fechadas e travadas. Este travamento deve ser assegurado por um dispositivo elétrico de segurança de acordo com 14.1.2.
5.2.2.3 As portas de inspeção e de emergência e as portinholas de inspeção devem ser não perfuradas e satisfazer as mesmas condições de resistência mecânica que as portas de pavimento e atender os regulamentos relevantes de proteção ao fogo para o edifício onde estão instaladas.",Rômulo,,Alçapões e Portinholas,ok,"portinhola de grade (perfurada), sem fechamento automático e sem contato",08/07/2026,FALSE
3572,"O interruptor que controla a alimentação do circuito da casa de máquinas (iluminação e tomadas) está posicionado fora da casa de máquinas. Necessita regularização.
NM207 13.6.3.2 Um interruptor deve controlar a alimentação do circuito da casa de máquinas. Este interruptor deve ser localizado dentro e próximo ao acesso à casa de máquinas.",Eliseu,,Iluminação e Instalações Elétricas,ok,interruptor para alimentação da casa de máquinas está fora da casa de máquinas,08/07/2026,FALSE
3573,"Falta instalar interruptor na casa de máquinas para alimentação da iluminação da caixa de corrida. Necessita regularização.
NM207 13.6.3.2 [...] Os interruptores da iluminação da caixa devem ser colocados na casa de máquinas e no poço, para que a iluminação possa ser comandada de ambos os lugares.",Eliseu,,Iluminação e Instalações Elétricas,ok,falta interruptor para alimentação da iluminação da caixa,08/07/2026,FALSE
3574,"Existem fiações na casa de máquinas expostas na parede sem a utilização de conduítes. A norma NBR 5410 exige que as fiações estejam devidamente protegidas através de conduites, canaletas e caixas de passagem.
Necessita regularização.",Rômulo,,Iluminação e Instalações Elétricas,ok,"Fiações expostas, por fora da parede, na casa de máquinas",08/07/2026,FALSE
3653,"Contato elétrico do aparelho de segurança destampado, sujeitando os contatos a depósito de óleo e sujeira, sujeitando o elevador a falhas de funcionamento.",Eliseu,,Freio Cunha,ok,"Freio de Segurança, contato sem tampa, sujeira, falhas de funcionamento",08/07/2026,FALSE
4309,"Recomenda-se a limpeza geral, remoção da oxidação e pintura com fundo anticorrosivo das estruturas e componentes mecânicos sob a cabina, visando a conservação do equipamento e a adequação aos padrões de modernização.
",Romulo,,Modernização,revisar,"modernização, tratamento de carro de cabine oxidado",14/07/2026,FALSE
3560,"A portinhola de inspeção não atende à norma. A fechadura deve ser tipo fechamento e travamento autônomo. A abertura da portinhola pelo interior da casa de máquinas deve ser possível sem o uso de chave.
A portinhola de inspeção não deve ser perfurada.
É possível abrir uma das folhas da portinhola sem acionar o contato elétrico de segurança. Tal irregularidade compromete as condições de segurança
M207 5.2.2.2.1 As portas e as portinholas devem ser providas de trava com chave permitindo o fechamento autônomo e fechar e travar sem o uso da chave. [...] As portas de inspeção e emergência devem poder ser abertas a partir do interior da caixa sem chave mesmo estando travadas.
5.2.2.2.2 O funcionamento do elevador somente deve ser possível quando as portas previstas em 5.2.2.1.1 estiverem fechadas e travadas. Este travamento deve ser assegurado por um dispositivo elétrico de segurança de acordo com 14.1.2.
5.2.2.3 As portas de inspeção e de emergência e as portinholas de inspeção devem ser não perfuradas e satisfazer as mesmas condições de resistência mecânica que as portas de pavimento e atender os regulamentos relevantes de proteção ao fogo para o edifício onde estão instaladas.",Eliseu,,Alçapões e Portinholas,ok,"fechadura, abertura pela parte interna sem uso da chave",08/07/2026,FALSE
3561,"O alçapão da casa de máquinas dos três elevadores, que dá o acesso a caixa de corrida, está trancado com presilha plástica. Recomendase a utilização de cadeado. ",Eliseu,,Alçapões e Portinholas,ok,recomendação cadeado ao invés de presilha,08/07/2026,FALSE
3562,"É recomendável a instalação de extintor de incêndio colocado dentro da casa de máquinas, junto à porta de acesso, no máximo a 1 m da mesma.
O extintor deve ser do tipo adequado para instalações elétricas: tipo CO2 pressurizado, uma vez que uso de extintores de pó químico pode danificar os componentes eletrônicos do quadro de comando.",Eliseu,,Extintor de Incêndio,ok,recomendação instalação extintor de incêndio,08/07/2026,FALSE
3563,"Vista mostrando extintor de incêndio de pó químico instalado na casa de máquinas.
É recomendável que o extintor de incêndio instalado na casa de máquinas seja do tipo CO2 pressurizado, uma vez que uso de pó químico pode danificar os componentes eletrônicos do quadro de comando.",Rômulo,,Extintor de Incêndio,ok,"uso de extintor de pó quimico, ao inves de CO2",08/07/2026,FALSE
3564,"É recomendável a melhoria das condições de ventilação do quadro de comando atual. Observe que neste quadro de comando o banco de resistores (fonte de calor) é instalado internamente ao quadro, logo acima dos tiristores. Observe que os tiristores não dispõem de ventiladores. O banco de transformadores (fonte de calor) é instalado sob os tiristores. Ou seja, os tiristores estão instalados entre duas fontes de calor no interior do quadro de comando, e sem ventilação. Tal situação de aquecimento no interior dos quadros associada às outras irregularidades sujeita os elevadores a funcionamento em condições adversas provocando paralisações e queimas de componentes",Eliseu,,Iluminação e Instalações Elétricas,ok,"melhoria da ventilação, tiristores",08/07/2026,FALSE
3565,"Segundo a NBR7192, o local destinado à máquina deve ser provido de iluminação artificial, interruptor de luz, tomada para 600 W e chave de força com a devida proteção elétrica contra contato acidental, instalados junto à porta de acesso.",Eliseu,,Iluminação e Instalações Elétricas,ok,explicação de como deve ser,08/07/2026,FALSE
3566,"Falta instalação de luz de emergência sobre a máquina de tração, conforme norma.
NM207 6.3.6 Deve-se dispor de luz de emergência independente e automática, com uma autonomia mínima de 1 h, que assegure uma iluminação mínima de 10 lx sobre a máquina, de modo a garantir a realização das operações de resgate.",Eliseu,,Iluminação e Instalações Elétricas,ok,"iluminação de emergência, norma",08/07/2026,FALSE
3567,"As tampas das canaletas de piso estão soltas, desarranjadas, desaterradas, sujeitando a acidentes. Em diversos pontos as quinas vivas das chapas de piso estão danificando as fiações, sujeitando-as a curtos-circuitos.
NM207 6.3.2.5 O piso (de cada nível) da casa de máquinas deve ser substancialmente horizontal e plano. Quaisquer rebaixos e dutos instalados no piso da casa de máquinas devem possuir coberturas. Aberturas no piso devem atender 6.3.4.",Eliseu,,Iluminação e Instalações Elétricas,ok,canaleta de piso,08/07/2026,FALSE
3568,"Existem fiações do sistema de aterramento expostas, sujeitando os elevadores a falhas de funcionamento devido a flutuações de resistividade no sistema.",Eliseu,,Iluminação e Instalações Elétricas,ok,fiações do sistema de aterramento expostas,08/07/2026,FALSE
3569,Falta a identificação visual da tensão das tomadas na casa de máquinas. As instalações elétricas devem ser conforme a norma NBR5410.,Rômulo,,Iluminação e Instalações Elétricas,ok,falta identificação visual da tomada,08/07/2026,FALSE
3570,"Deve haver ao menos uma tomada elétrica na casa de máquinas.
NM207 6.3.6 [...] Deve ser provida no mínimo uma tomada elétrica.",Eliseu,,Iluminação e Instalações Elétricas,ok,sem tomada elétrica,08/07/2026,FALSE
3571,"Existem fiações com partes vivas expostas, sujeitando a contatos diretos e acidentes.
NM207 13 Instalação elétrica 13.1.2 Nas casas de máquinas e casas de polias é necessária uma proteção contra contato direto, por meio de coberturas possuindo um grau de proteção pelo menos IP 2X.
Grau de proteção IP 2X - Protegido contra objetos sólidos de Ø 12 mm e maior.",Eliseu,,Iluminação e Instalações Elétricas,ok,"fiações com partes vivas expostas, grau de proteção IP 2X",08/07/2026,FALSE
3654,Detalhes mostrando o acúmulo de sujeira nos mecanismos do aparelho do freio de segurança. Compromete gravemente a segurança. Os mecanismos devem receber manutenção e testes dinâmicos periódicos em conjunto com o limitador de velocidade.,Eliseu,,Freio Cunha,ok,"Freio de Segurança, sujeira, manutenção, teste",08/07/2026,FALSE
3655,Deve ser afixada ao freio de segurança uma placa indicando: a) o nome do fabricante e o modelo do freio de segurança; b) o número de série ou a data de fabricação e suas características.,Eliseu,,Freio Cunha,ok,"Freio de Segurança, falta placa indicativa",08/07/2026,FALSE
3656,"Estopa calçando a alavanca de acionamento do freio de segurança para atenuar ruídos. Este procedimento improvisado é condenável e sujeita a acidentes. A estopa, soltando-se de sua posição, tende a cair entre os mecanismos do freio impedindo seu funcionamento. Deve-se proceder a regularização de forma adequada.",Eliseu,,Freio Cunha,ok,"Freio de Segurança, estopa, travamento, regularização",08/07/2026,FALSE
3657,Falta limpeza e regulagem dos mecanismos do freio de segurança sob a cabina. Após as regularizações o aparelho do freio de segurança deve ser testado em conjunto com o limitador de velocidade.,Eliseu,,Freio Cunha,ok,"Sujeira, no freio de segurança, limpeza, regulagem, teste",08/07/2026,FALSE
3658,Falta limpeza e regulagem dos mecanismos do freio de segurança sobre a cabina. O acionamento dos mecanismos do aparelho de segurança sobre a cabina do elevador está pesado e ressecado por faltando limpeza e lubrificação nas articulações e mecanismos.,Eliseu,,Freio Cunha,ok,"funcionamento pesado, lubrificação",08/07/2026,FALSE
4310,"Para modernização recomendamos a substituição do quadro de comando.
Existem quadros de comando modernos, com acionamento por inversores de frequência, que instalados em substituição aos atuais trazem significativas melhorias em termos de operação, conforto e economia de energia. 
",Romulo,,Modernização,revisar,"modernização, substituição do quadro de comando",14/07/2026,FALSE
3582,"Vista geral das máquinas de tração. As máquinas foram inspecionadas quanto ao seu funcionamento e dispositivos de segurança, não constatamos irregularidades.
Todavia, existe acúmulo de resíduos de construção civil sobre a máquina e seus componentes. A limpeza deve fazer parte dos procedimentos regulares de manutenção uma  vez que os resíduos tendem a ser arrastados para as partes internas do equipamento, comprometendo sua vida util.
Vale ressaltar que os elevadores em uso estão cobertos por contrato de manutenção periódica, e devem receber manutenção e limpeza intensificados enquanto utilizados durante a obra, sob pena de comprometer a sua vida útil e a boa condição de funcionamento.",Eliseu,,Limpeza e Organização,ok,acúmulo de resíduos de construção civil na máquina,08/07/2026,FALSE
3583,"A casa de máquinas está sendo usado como depósito de materiais alheios aos elevadores, a Norma proíbe.
NM207 6.1.2.2 Casas de máquinas ou casas de polias não devem ser usadas para outros fins que não elevadores. Eles não devem conter dutos, cabos ou dispositivos que não estejam relacionados com elevadores.",Eliseu,,Limpeza e Organização,ok,"uso exclusivo, norma",08/07/2026,FALSE
3584,"A casa de máquinas do elevador foi constatada com acúmulo excessivo de sujeira e poeira sobre o maquinário, no piso e janelas.
O acúmulo de poeira nas partes móveis dos mecanismos e nas partes elétricas do elevador causam desgaste prematuro, falhas de funcionamento e prejudicam procedimentos de inspeção.
A limpeza do maquinário e do ambiente da casa de máquinas deve fazer parte dos procedimentos periódicos de manutenção, conforme norma técnica.
NBR 16083 A manutenção inclui: a) lubrificação e limpeza. 
Necessita regularização.",Rômulo,,Limpeza e Organização,ok,limpeza da casa de máquinas,08/07/2026,FALSE
3585,"Vista geral da casa de máquinas. Recomenda-se a instalação de guarda corpo junto à escada de acesso evitando-se acidente com a queda de pessoas.
NM207 6.2.2 Quando o acesso de pessoas à casa de máquinas ou casa de polias é realizado por escadas[...]. Tanto a escada quanto o patamar devem possuir proteções bilaterais de altura não inferior a 0,90 m, medida na vertical desde o degrau ou patamar, conforme corresponda, devendo possuir ainda corrimãos e rodapés.",Eliseu,,"Piso, Janelas, Paredes e Teto",ok,"escada, guarda corpo",08/07/2026,FALSE
3586,"Existem indícios de infiltração na casa de máquinas, gotejando do teto, junto à luminária. O ambiente da casa de máquinas deve ser seco, arejado e limpo, visando preservar as boas condições de funcionamento e a vida útil dos componentes, particularmente os do quadro de comando.",Eliseu,,"Piso, Janelas, Paredes e Teto",ok,"infiltração, vida útil",08/07/2026,FALSE
3587,"Os equipamentos estão expostos ao sol e respingos de chuva junto à janela. O ambiente da casa de máquinas deve ser seco, arejado e limpo, visando preservar as boas condições de funcionamento e a vida útil dos componentes, particularmente os do quadro de comando.",Eliseu,,"Piso, Janelas, Paredes e Teto",ok,"chuva, equipamentos expostos",08/07/2026,FALSE
3588,"Deve indicar-se a carga máxima permissível nos suportes ou ganchos do teto destinados às manobras com equipamento pesado durante sua montagem ou reposição.  
NM207 15.4.6 A carga máxima permissível deve estar indicada nos vigamentos ou ganchos de levantamento.",Eliseu,,"Piso, Janelas, Paredes e Teto",ok,"gancho, carga máxima",08/07/2026,FALSE
3589,"Existem aberturas com dimensões excessivas na passagem dos cabos pelo piso. Contraria a Norma:
NM207 6.4.4 As dimensões de aberturas no piso da casa de máquinas devem ser as menores possíveis, a fim de evitar a queda de objetos através das mesmas. Para evitar que objetos situados sobre a caixa caiam pelas aberturas, incluindo aquelas para os cabos elétricos, devem ser feitos ressaltos no mínimo 50 mm acima da laje ou piso acabado.",Eliseu,,"Piso, Janelas, Paredes e Teto",ok,"abertura, cabos",08/07/2026,FALSE
3590,"As obras civis da casa de máquinas encontram-se inacabadas, faltam algumas pinturas e sinalizações exigidas pela Norma a exemplo das identificações de tensão das tomadas, aterramento e pintura dos alçapões.",Eliseu,,"Piso, Janelas, Paredes e Teto",ok,obras inacabadas,08/07/2026,FALSE
3591,"O piso da casa de máquinas deve ser substancialmente horizontal e plano.
NM 207 6.3 Construção e equipamento da casa de máquinas 6.3.2 Dimensões 6.3.2.5 O piso (de cada nível) da casa de máquinas deve ser substancialmente horizontal e plano. Quaisquer rebaixos e dutos instalados no piso da casa de máquinas devem possuir coberturas. Aberturas no piso devem atender 6.3.4.",Eliseu,,"Piso, Janelas, Paredes e Teto",ok,O piso da casa de máquinas deve ser substancialmente horizontal e plano.,08/07/2026,FALSE
3592,"Existem aberturas com dimensões excessivas na passagem dos cabos pelo piso. Contraria a Norma.
NBR 7192 4.2.2.7   As dimensões de aberturas no piso da casa de máquinas devem ser as menores possíveis a fim de evitar a queda de objetos através das mesmas. Para este fim, devem ser feitos ressaltos nas bordas das aberturas, tais como luvas ou calhas, com altura de 5 cm.",Eliseu,,"Piso, Janelas, Paredes e Teto",ok,abertura excessiva no piso,08/07/2026,FALSE
3593,"Falta fazer os ressaltos nas aberturas do piso, a fim de evitar a queda de objetos através das mesmas.
 
NM207 6.4.4 As dimensões de aberturas no piso da casa de máquinas devem ser as menores possíveis, a fim de evitar a queda de objetos através das mesmas. Para evitar que objetos situados sobre a caixa caiam pelas aberturas, incluindo aquelas para os cabos elétricos, devem ser feitos ressaltos no mínimo 50 mm acima da laje ou piso acabado.",Eliseu,,"Piso, Janelas, Paredes e Teto",ok,abertura sem ressalto,08/07/2026,FALSE
3594,"Os serviços de modernização dos elevadores estão em sua fase inicial, sendo que diversos serviços de regularização da casa de maquinas ainda estão pendentes.",Eliseu,,"Piso, Janelas, Paredes e Teto",ok,"modernização na fase inicial, serviços pendentes",08/07/2026,FALSE
3595,"Os serviços de modernização dos elevadores estão em sua fase inicial, sendo que diversas obras de regularização da casa de maquinas ainda estão pendentes.",Eliseu,,"Piso, Janelas, Paredes e Teto",ok,"modernização na fase inicial, serviços pendentes",08/07/2026,FALSE
3596,"NM207 6.3.2.2 Em nenhum caso deve ser inferior a 2,0 m a altura livre para movimentação. Esta altura total para movimentação ou trabalho é tomada da parte inferior das vigas estruturais do teto e medida a partir: a) do piso da área de acesso; b) do piso da área de trabalho.",Eliseu,,"Piso, Janelas, Paredes e Teto",ok,"altura não deve ser inferior a 2, 0 m",08/07/2026,FALSE
3597,"NM207 6.3.5.1 As casas de máquinas devem ser ventiladas adequadamente, com ventilação natural cruzada ou forçada, dependendo do caso. Se a caixa for ventilada através da casa de máquinas, isto deve ser levado em consideração. A exaustão do ar viciado de outras partes do edifício não deve ser através da casa de máquinas. As casas de máquinas devem se construídas de modo que os motores e os equipamentos, assim como cabos elétricos, etc, estejam protegidos tanto quanto possível do pó, fumaças nocivas e umidade.",Eliseu,,"Piso, Janelas, Paredes e Teto",ok,"como deve ser a ventilação, norma",08/07/2026,FALSE
3600,"A fechadura da porta de acesso à casa de máquinas está defeituosa possibilitando que pessoas estranhas ao serviço tenham acesso ao interior do recinto sem o uso da chave.
NM207 6.1.1 As máquinas e seus acessórios e polias auxiliares, se existem, devem ser acessíveis somente a pessoas autorizadas (manutenção, verificação, inspeção e resgate de passageiros).",Eliseu,,Porta de Acesso,ok,fechadura defeituosa,08/07/2026,FALSE
3601,"O acesso ao segundo nível da casa de máquinas é feito com escada móvel de madeira, sujeitando a risco de acidentes. 
A norma NM207 estabelece: NM207 6.3.2.4 Quando a casa de máquinas tiver vários níveis com desníveis maiores que 0,5 m, devem ser providas escadas ou degraus com balaustradas.",Eliseu,,Porta de Acesso,ok,"casa de máquinas com dois níveis, acesso com escada móvel",08/07/2026,FALSE
3602,"A porta de acesso não atende à Norma NM 207 em seu item 6.3.3.1, uma vez que deve realizar fechamento e travamento autônomo.
NM207 6.3.3.1 A porta de acesso à casa de máquinas deve ser de material incombustível e sua folha deve abrir para fora, estar provida de fechadura com chave, com fechamento e travamento autônomo.",Rômulo,,Porta de Acesso,ok,porta sem fechamento e travamento autonomo,08/07/2026,FALSE
3603,"A escada de acesso esta sendo usada como depósito de materiais. A norma proíbe, compromete a segurança em situações de emergência.
NM207 6.2.1 O acesso desde a via pública até o interior da casa de máquinas e casa de polias deve: [...] b) ser facilmente utilizável com segurança e em qualquer circunstância.",Eliseu,,Porta de Acesso,ok,"escada, deposito",08/07/2026,FALSE
3604,"A iluminação elétrica no acesso à casa de máquinas está inoperante.
NM207 6.2.1 O acesso desde a via pública até o interior da casa de máquinas e casa de polias deve: a) poder ser iluminado adequadamente por dispositivos elétricos instalados permanentemente;",Eliseu,,Porta de Acesso,ok,iluminaçao inoperante,08/07/2026,FALSE
3605,"Na porta de acesso à casa de máquinas falta a inscrição alertando tratar-se de local de acesso restrito a pessoas qualificadas.
NM207 15.4.1 Um aviso contendo a seguinte inscrição mínima “MÁQUINA DO ELEVADOR - PERIGO ACESSO PROIBIDO A PESSOAS ESTRANHAS AO SERVIÇO” deve ser afixado na face exterior das portas de acesso à casa de máquinas e casa de polias. ",Eliseu,,Porta de Acesso,ok,aviso entrada,08/07/2026,FALSE
3606,"A porta de acesso à casa de máquinas deve ser feita de material incombustível.
NM207 6.3.3.1 A porta de acesso à casa de máquinas deve ser de material incombustível e sua folha deve abrir para fora, estar provida de fechadura com chave, com fechamento e travamento autônomo. Se a porta tiver que participar da proteção contra incêndio, deve-se aplicar um critério para cumprir esta função.",Eliseu,,Porta de Acesso,ok,porta de material incombustível,08/07/2026,FALSE
3626,"ABNT 7192 - 4.2.2.12 O espaço livre disponível ao redor dos equipamentos da casa de máquinas deve satisfazer às seguintes distâncias horizontais mínimas: a)painel de comando, e outros quadros, 0,70 m de frente ao quadro e 0,60 m em outros dois lados.",Eliseu,,"Piso, Janelas, Paredes e Teto",ok,"falta espaço ao redor, norma",15/07/2026,FALSE
3625,"Existe abertura de dimensão excessiva na passagem do cabo do limitador de velocidade pelo piso. Contraria a norma.
NM207 6.4.4 As dimensões de aberturas no piso da casa de máquinas devem ser as menores possíveis, a fim de evitar a queda de objetos através das mesmas. Para evitar que objetos situados sobre a caixa caiam pelas aberturas, incluindo aquelas para os cabos elétricos, devem ser feitos ressaltos no mínimo 50 mm acima da laje ou piso acabado.",Eliseu,,"Piso, Janelas, Paredes e Teto",ok,abertura excessiva no piso,15/07/2026,FALSE
3659,Falta limpeza e regulagem dos mecanismos do freio de segurança. O acionamento dos mecanismos do aparelho de segurança sobre a cabina do elevador está pesado devido a oxidações e incrustações provocadas por falta de lubrificação e manutenção. A falta de manutenção adequada dos mecanismos do aparelho de segurança compromete gravemente a segurança dos usuários.,Eliseu,,Freio Cunha,ok,"oxidação, pesado, limpeza, regulagem, lubrificação",08/07/2026,FALSE
3660,O freio de segurança e as corrediças estão completamente lambuzados de graxa. A lubrificação destes componentes deve ser feita de forma adequada. A Norma determina que nos freios dos elevadores não devem ser usados lubrificantes ou revestimentos que diminuam a capacidade de retenção da segurança ou impeçam o seu funcionamento.,Eliseu,,Freio Cunha,ok,"Freio de Segurança, lambuzados de graxa",08/07/2026,FALSE
3661," A alavanca de acionamento do freio está amarrada com arame, impedindo seu livre funcionamento. Esta irregularidade compromete gravemente a segurança. Os componentes de segurança dos elevadores devem ser mantidos permanentemente em perfeitas condições de funcionamento.",Eliseu,,Freio Cunha,ok,"alavanca amarrada com arame, segurança",08/07/2026,FALSE
3662,"Observe que o cabo de acionamento do tambor do freio está completamente desenrolado, portanto o freio está completamente inoperante. Compromete gravemente a segurança.",Eliseu,,Freio Cunha,ok,"cabo do tambor desenrolado, freio inoperante, segurança",08/07/2026,FALSE
3663,"Os mecanismos do aparelho de segurança, apresentam-se com acúmulo de sujeira, comprometendo as boas condições de funcionamento seguro do conjunto do freio de segurança. Os mecanismos devem receber manutenção e testes dinâmicos periódicos em conjunto com o limitador de velocidade.",Eliseu,,Freio Cunha,ok,"Sujeira, no freio de segurança, limpeza, regulagem, teste",08/07/2026,FALSE
3664,"Os mecanismos do aparelho de segurança, apresentam-se pesados e ressecados, comprometendo as boas condições de funcionamento do conjunto do freio de segurança. Os mecanismos devem receber manutenção e testes dinâmicos periódicos em conjunto com o limitador de velocidade.",Eliseu,,Freio Cunha,ok,"falta lubrificação, limpeza, manutenção, teste",08/07/2026,FALSE
3665,"Os mecanismos do aparelho de segurança, instalados sob a cabina, apresentam-se com acúmulo de sujeira que comprometem as boas condições de funcionamento do conjunto. Os mecanismos devem receber limpeza, ajustes e testes dinâmicos periódicos em conjunto com o limitador de velocidade (instalado na casa de máquinas).",Eliseu,,Freio Cunha,ok,"sujeira, limpeza, ajuste, teste",08/07/2026,FALSE
3607,"Vistas mostrando o acesso à casa de máquinas do elevador.
 
A porta de acesso e sua fechadura não atendem a norma atual de segurança NM 207, pois:
A folha da porta deve abrir para fora da casa de máquinas, no sentido de fuga.
A porta não realiza fechamento nem travamento autônomo.
Não é possível a abertura da porta por dentro do recinto sem o uso de chave.
 
NM 207 6.3.3.1 A porta de acesso à casa de máquinas deve ser de material incombustível e sua folha deve abrir para fora, estar provida de fechadura com chave, com fechamento e travamento autônomo.
NM207 6.1.2 [...] Quando fechadas, a abertura da porta por dentro do recinto (casa de máquinas) deve ser possível sem o uso da chave.
 
Essas exigências visam:
1) Permitir a rápida evacuação da casa de máquinas em caso de emergência.
2) Evitar que a porta da casa de máquinas seja acidentalmente deixada aberta possibilitando situações de risco e vandalismo. 
3) Evitar a possibilidade de uma pessoa ficar trancada no recinto.
 
Recomenda-se a regularização.",Rômulo,,Porta de Acesso,ok,"porta de acesso à casa de máquinas, requisitos",08/07/2026,FALSE
3608,"O acesso à casa de máquinas é inadequado e não atende à norma, sujeitando à acidentes, em especial, quando em situações de emergência.
1) O caminho de acesso à casa de máquinas não atende à norma. Existe trecho com altura menor do que 2,0 m.
NM 207 6.2 Acesso 6.2.1 O acesso desde a via pública até o interior da casa de máquinas e casa de polias deve: a) poder ser iluminado adequadamente por dispositivos elétricos instalados permanentemente; b) ser facilmente utilizável com segurança e em qualquer circunstância sem a necessidade de passar em local privado; Os caminhos de acesso à casa de máquinas e as próprias entradas devem ter altura mínima de 2,0 m e largura mínima de 0,7 m. Soleiras e bordas de portas com altura que não exceda 0,4 m não são levadas em consideração. ",Rômulo,,Porta de Acesso,ok,"caminho de acesso a casa de máquinas com altura menor do que 2, 0 m",08/07/2026,FALSE
3609,"A escada de acesso à casa de máquinas não atende à norma sujeitando à acidentes, em especial, quando em situações de emergência.
NM 207 6.2.2 Quando o acesso de pessoas à casa de máquinas ou casa de polias é realizado por escadas, estas devem ser construídas com materiais incombustíveis e antiderrapantes, devendo cumprir com os projetos normais (máximo 45o) de piso e espelho, com uma largura de pelo menos 0,7 m e devem ser de trechos retos possuindo no final um patamar coincidente com a porta de entrada, de dimensões suficientes para que se permita que uma pessoa parada nele possa abrir comodamente a porta. Tanto a escada quanto o patamar devem possuir proteções bilaterais de altura não inferior a 0,90 m, medida na vertical desde o degrau ou patamar, conforme corresponda, devendo possuir ainda corrimãos e rodapés. a) quando o desnível for inferior a 1,2 m, as escadas podem ter uma inclinação não maior que 60o e seus degraus terão uma elevação aberta máxima de 0,25 m e profundidade mínima de 0,19 m. Devem atender os outros requisitos anteriores. b) no caso em que o acesso se realize através de um terraço sem parapeitos, devem ser colocados ao longo de todo o trajeto proteções bilaterais, conforme detalhes já enunciados. ",Rômulo,,Porta de Acesso,ok,escada de acesso a casa de maquinas nao atende a norma,08/07/2026,FALSE
3610,"Vistas gerais da casa de máquinas dos elevadores. 
 
O fechamento do recinto da casa de máquinas não atende à norma. 
 
NM 207 6.1.1 As máquinas e seus acessórios e polias auxiliares, se existem, devem ser acessíveis  somente a pessoas autorizadas (manutenção, verificação, inspeção e resgate de passageiros).
 
NM 207 6.1.2 As máquinas, outros dispositivos do elevador e as polias (exceto as de compensação, do carro e contrapeso e tensora do limitador de velocidade) devem ser instalados em um recinto exclusivo contendo paredes sólidas, piso, teto e porta de acesso com fechadura de segurança.  Quando fechadas, a abertura da porta por dentro do recinto deve ser possível sem o uso da chave.
 
NM 207 6.3.3.1 A porta de acesso à casa de máquinas deve ser de material incombustível e sua folha deve abrir para fora, estar provida de fechadura com chave, com fechamento e travamento autônomo.",Rômulo,,Porta de Acesso,ok,o fechamento da casa de máquinas não atende a norma,08/07/2026,FALSE
3640,"O cabo do limitador de velocidade está com acúmulo excessivo de lubrificante impregnado de sujeira na parte externa que compromete sua capacidade tracionamento no canal da polia do limitador, quando da atuação do freio de segurança do elevador. Recomendamos procedimentos de manutenção envolvendo a limpeza do cabo através de escovamento mecânico.",Eliseu,,Cabo do Limitador,ok,"cabo com acúmulo de sujeira e graxa, limpeza",08/07/2026,FALSE
3641,"Existe massa e resíduos de construção aderidos às ranhuras dos cabos dos limitador de velocidade dos elevadores, sujeita ao ressecamento da lubrificação natural do cabo com consequente encurtamento da vida útil do mesmo.
Necessita regularização.
Os componentes de segurança dos elevadores devem ser mantidos permanentemente em perfeitas condições de funcionamento.",Rômulo,,Cabo do Limitador,ok,"massa e resíduos de construção no cabo do limitador, recebimento",08/07/2026,FALSE
3642,"O cabo do limitador de velocidade encontra-se desalinhado com relação à cunha do mordente do limitador de velocidade. Tal irregularidade compromete o acionamento do freio de segurança e pode causar danos.
Compromete as condições de uso seguro do elevador. Necessita procedimentos de regularização.",Eliseu,,Cabo do Limitador,ok,cabo do limitador desalinhado da cunha,08/07/2026,FALSE
3643,Cabo do limitador com acúmulo excessivo de sujeira que comprometem as boas condições de operacionalidade do conjunto limitador de velocidade e freio de segurança.,Eliseu,,Cabo do Limitador,ok,"no cabo do limitador, operacionalidade, segurança",08/07/2026,FALSE
3644,"O cabo do limitador de velocidade está roçando na borda da polia, sujeitando o cabo e a polia a danos. Deve-se regular o alinhamento da prumada da polia.",Eliseu,,Cabo do Limitador,ok,"roçando na polia, danos, alinhamento",08/07/2026,FALSE
3645,"Foi constatada folga insuficiente na passagem do cabo do limitador de velocidade pela abertura na proteção da polia tensora. O alongamento gradual do cabo do limitador de velocidade e a consequente inclinação da polia tensora sujeitam ao cabo do limitador a colidir contra a proteção da polia, resultando em danos prematuros.
Os demais dispositivos no poço do elevador – amortecedores hidráulicos, escada de acesso e interruptor de segurança – foram inspecionados e testados. Não constatamos irregularidades.",Rômulo,,Cabo do Limitador,ok,colisão do cabo do limitador com a proteção da polia,08/07/2026,FALSE
3646,Detalhe mostrando a cabina carregada para realização dos testes do aparelho de segurança. Constatamos que o aparelho encontram-se em perfeita condição de uso.,Eliseu,,Freio Cunha,ok,"cabina carregada para teste, ok",08/07/2026,FALSE
3647,Os mordentes de fixação da cabina na estrutura estão desgastados e frouxos. Essa irregularidade é grave pois possibilita que a cabina oscile podendo vir a colidir suas partes em movimento contrapartes fixas ao longo da caixa de corrida.,Eliseu,,Freio Cunha,ok,"mordentes desgastados e frouxos, oscilação, colisão",08/07/2026,FALSE
3681,"Contato elétrico do aparelho de segurança destampado, sujeitando os contatos a depósito de óleo e sujeira, sujeitando o elevador a falhas de funcionamento.",Eliseu,,Freio Cunha,ok,"contato destampado, falha de funcionamento",08/07/2026,FALSE
3611,"A porta de acesso à casa de máquinas não atende à Norma NM 207, pelos seguintes motivos:
1) A porta não realiza fechamento e travamento autônomo.
NM207 6.3.3.1 A porta de acesso à casa de máquinas deve ser de material incombustível e sua folha deve abrir para fora, estar provida de fechadura com chave, com fechamento e travamento autônomo.
2) Não é possível a abertura da porta por dentro do recinto sem o uso de chave.
NM207 6.1.2 [...] Quando fechadas, a abertura da porta por dentro do recinto (casa de máquinas) deve ser possível sem o uso da chave.
3) A folha da porta não abre para fora da casa de máquinas.
NM 207 6.3.3.1 A porta de acesso à casa de máquinas deve ser de material incombustível e sua folha deve abrir para fora, estar provida de fechadura com chave, com fechamento e travamento autônomo.
Essas exigências visam: 1) Evitar que a porta da casa de máquinas seja acidentalmente deixada aberta possibilitando situações de risco e vandalismo. 2) Evitar a possibilidade de uma pessoa ficar trancada no recinto. 3) Permitir a rápida evacuação da casa de máquinas em caso de emergência.
Recomenda-se a regularização.",Rômulo,,Porta de Acesso,ok,"A porta de acesso não atende à Norma NM 207, pelos seguintes motivos:",08/07/2026,FALSE
3612,"A escada para acesso ao segundo piso da casa de máquinas não possui balaustrada, sujeitando os técnicos a risco de acidente envolvendo queda.
NM 207 6.3.2.4 Quando a casa de máquinas tiver vários níveis com desníveis maiores que 0,5 m, devem ser providas escadas ou degraus com balaustradas.
Deve-se proceder regularização.",Rômulo,,Porta de Acesso,ok,escada para segundo nível da casa de máquinas sem balaustrada,08/07/2026,FALSE
3613,"A porta de acesso à casa de máquinas não atende os requisitos mínimos de segurança da NM 207:
1) A porta não realiza fechamento e travamento autônomo. Isso possibilita que ela seja acidentalmente deixada aberta.
NM207 6.3.3.1 A porta de acesso à casa de máquinas deve [...] estar provida de fechadura com chave, com fechamento e travamento autônomo.
2) Não é possível a abertura da porta por dentro do recinto sem o uso de chave. Isso possibilita que uma pessoa fique trancada dentro do recinto.
NM207 6.1.2 [...] Quando fechadas, a abertura da porta por dentro do recinto (casa de máquinas) deve ser possível sem o uso da chave.
3) A folha da porta não abre para fora da casa de máquinas. Isso dificulta a rápida evacuação em situações de emergência.
NM 207 6.3.3.1 A porta de acesso à casa de máquinas deve ser de material incombustível e sua folha deve abrir para fora. 
Recomenda-se a regularização.",Rômulo,,Porta de Acesso,ok,A porta de acesso não atende à Norma NM 207,08/07/2026,FALSE
3614,"A porta da casa de máquinas está agarrando no marco de porta, devido à falha de montagem do trinco da fechadura (a lingueta não recolhe completamente). Necessita regularização. ",Eliseu,,Porta de Acesso,ok,a porta agarra ao fechar,08/07/2026,FALSE
3615,"A fechadura da porta de acesso não atende à norma, uma vez que esta não permite a abertura por dentro da casa de máquinas sem o uso da chave. 
ANBT 7192 4.2.2.7 As portas de acesso devem possuir fechadura com chave. Quando fechadas, a abertura por dentro da casa de máquinas deve ser possível sem o uso da chave.",Eliseu,,Porta de Acesso,ok,"abertura por dentro sem a chave, norma",08/07/2026,FALSE
3616,"Vista mostrando acesso à casa de máquinas.
O acesso não atende à norma. Deve existir corrimão junto à escada de acesso evitando-se acidente com a queda de pessoas.
NBR 7192 4.2.1  Acesso O acesso à casa de máquinas e casa de polias, tanto para pessoas como equipamento, deve ser fácil e seguro, mesmo em condições de intempéries e por locais de uso comum, obedecendo aos seguintes requisitos: o acesso deve ser feito por escada fixa, de material incombustível. As escadas não poderão formar um ângulo superior a 60º com a horizontal e devem ser equipadas com um corrimão metálico nos lados abertos, a sua largura deve ser no mínimo igual à da porta da casa de máquinas (ver 4.2.2.5).",Romulo,,Porta de Acesso,ok,escada sem corrimao no acesso a casa de maquinas. 7192,08/07/2026,FALSE
3617,"Falta a identificação dos equipamentos.
NM207 15.15 Se partes de diferentes elevadores estão presentes em uma mesma casa de máquinas ou casa de polias, cada elevador deve ser identificado com um número ou uma letra invariavelmente usada em todas as partes (máquina, controle, limitador de velocidade, interruptores, etc). Para facilitar a inspeção, manutenção, etc no topo da cabina, no poço ou em outros locais, onde necessário, o mesmo símbolo de identificação deve aparecer.",Eliseu,,Sinalizações e Identificação,ok,"identificação dos equipamentos, norma",08/07/2026,FALSE
3618,"Falta indicação da carga máxima permissível nos ganchos de levantamento da casa de máquinas.
Tal irregularidade contraria a norma:
NM207 15.4.6 A carga máxima permissível deve estar indicada nos vigamentos ou ganchos de levantamento.
Essa exigência da norma visa evitar acidentes relacionados a manobras de equipamento pesado durante montagem ou reposição destes.
Necessita regularização.",Rômulo,,Sinalizações e Identificação,ok,gancho sem indicação de carga,08/07/2026,FALSE
3619,Falta a identificação visual da tensão das tomadas na casa de máquinas. Segundo o item 4.2.4.4 da Norma NBR7192 deve haver identificação visual da tensão das tomadas.,Rômulo,,Sinalizações e Identificação,ok,Falta identificação de tensão nas tomadas,08/07/2026,FALSE
3620,"Foto mostrando os equipamentos do elevador, instalados na casa de máquinas. Aparelho seletor, maquina de tração, quadro de comando, limitador de velocidade e quadro de força.",Eliseu,,Sem Subcategoria,ok,vista geral,08/07/2026,FALSE
3621,Vista geral da casa de máquinas mostrando componentes dos elevadores. Quadro de comando. Máquina de tração. Limitador de velocidade. Aparelho seletor. Vide explicações sobre as funções dos componentes nas páginas 2 e 3 deste laudo.,Eliseu,,Sem Subcategoria,ok,vista geral,08/07/2026,FALSE
3622,"Vistas mostrando a casa de máquinas dos elevadores.
As condições de segurança exigidas por norma; de acesso, sinalização, iluminação convencional e de emergência foram verificadas.
Não constatamos irregularidades.",Rômulo,,Sem Subcategoria,ok,ok,08/07/2026,FALSE
3648,"P3-Estopa calçando a alavanca de acionamento do freio de segurança para atenuar ruídos. Este procedimento improvisado é condenável e sujeita a acidentes. A estopa, soltando-se de sua posição, tende a cair entre os mecanismos do freio impedindo seu funcionamento. Deve-se proceder a regularização de forma adequada.",Eliseu,,Freio Cunha,ok,"Freio de Segurança, estopa calçando alavanca, travamento, acidente",08/07/2026,FALSE
3649,"P3-Mecanismos do freio de segurança sob a cabina estão com acúmulo excessivo de sujeira indicando absoluta falta de manutenção. Antes de serem recolocados em funcionamento devem ser limpos, reajustados e testados",Eliseu,,Freio Cunha,ok,"Freio de Segurança, sujo, limpeza, reajuste, teste",08/07/2026,FALSE
3630,"Vista sob a cabina onde está instalado o freio de segurança. Observe que o cabo de acionamento do tambor do freio está completamente desenrolado, portanto o freio está completamente inoperante. Compromete gravemente a segurança.",Eliseu,,Cabo do Limitador,ok,"cabo de acionamento desenrolado, inoperante, segurança",08/07/2026,FALSE
3631,P5-Os mecanismos de acionamento do contato de segurança da fita seletora e do freio de segurança sobre a cabina estão com acúmulo de sujeira. O travamento desses dispositivos compromete a segurança. Os componentes de segurança dos elevadores devem ser mantidos permanentemente em perfeitas condições de funcionamento e integridade.,Eliseu,,Cabo do Limitador,ok,"cabo de acionamento desenrolado, inoperante, segurança",08/07/2026,FALSE
3632,"Faltam as marcas no cabo do limitador de velocidade, indicativas das posições de nivelamento do carro.
NM207 12.5.1.2 Deve ser possível verificar facilmente a partir da casa de máquinas se o carro está dentro da zona de destravamento. Esta verificação pode ser feita, por exemplo, colocando marcas nos cabos de tração ou no cabo do limitador de velocidade.",Eliseu,,Cabo do Limitador,ok,faltam marcas indicativas para nivelamento nos cabos,08/07/2026,FALSE
3633,"O cabo do limitador de velocidade encontra-se com a lubrificação interna ressecada, e oxidado e devido a exposição prolongada à umidade proveniente de infiltrações no fundo do poço. Tal irregularidade compromete gravemente a condição de uso seguro do elevador. É recomendável a substituição imediata do cabo. Após a substituição e regularização o limitador de velocidade deve ser testado para certificar-se da perfeita atuação do freio de segurança do elevador.",Eliseu,,Cabo do Limitador,ok,"oxidação e ressecamento devido a infiltração no poço, substituição e testes",08/07/2026,FALSE
3634,Foi usado sucata como travas de segurança nos tirantes do acionamento do freio de segurança sobre a cabina (prego). A prática de reparar de forma improvisada componentes dos elevadores é condenável e tende a sucatear o equipamento. Necessita procedimentos de regularização.,Eliseu,,Cabo do Limitador,ok,"sucata como trava de segurança, descaracterização",08/07/2026,FALSE
3635,"O cabo do limitador de velocidade está apresentando desgaste prematuro nos arames, devido à atrito contra a borda do canal da polia do limitador. Recomenda-se procedimentos de manutenção envolvendo a verificação de torção no cabo e prumada do limitador de velocidade.",Eliseu,,Cabo do Limitador,ok,desgaste prematuro,08/07/2026,FALSE
3636,"O cabo do limitador de velocidade está com concentração de quebras de arame em pontos localizados. Número acentuado de quebras em toda sua extensão. Recomenda-se a substituição do cabo.
O detalhe ao lado mostra o acúmulo de quebras em torno de um nódulo.  Os nódulos são defeitos típicos de fabricação, onde a alma de cânhamo sobressai e avoluma-se por entre as pernas dos cabos. Observe as cerdas da alma de cânhamo sobressaindo-se entre as pernas do cabo.",Eliseu,,Cabo do Limitador,ok,"quebras de arame localizadas, substituição",08/07/2026,FALSE
3637,"O cabo do limitador de velocidade está com defeitos (deformações) típicas de manuseio inadequado.
As deformações ao passarem pelo canal da polia do limitador de velocidade causam esmagamento e danos prematuros aos arames que comprometem a tracionabilidade do cabo pelo mordente no ato de acionamento do freio de segurança.
O elevador deve ser entregue novos e sem danos.
Deve-se proceder à substituição do cabo.",Eliseu,,Cabo do Limitador,ok,"deformação devido a manuseio inadequado, esmagamento, substituição do cabo",08/07/2026,FALSE
3638,"Ao longo do cabo do limitador de velocidade, existem quebras de arames ainda em número insignificante, sem qualquer comprometimento da segurança. Deve-se fazer acompanhamento periódico, verificando a evolução das quebras, quando das manutenções.",Eliseu,,Cabo do Limitador,ok,"quebras localizadas, OK",08/07/2026,FALSE
3639,O cabo do limitador de velocidade está roçando contra as bordas da laje na abertura de passagem do cabo pelo piso da casa de máquinas. Essa irregularidade sujeita o cabo a danos irreparáveis. Necessita procedimentos de regularização.,Eliseu,,Cabo do Limitador,ok,"cabo do limitador roçando na laje, danos irreparáveis, regularização",08/07/2026,FALSE
3628,"NM207 6.3.2.1 As dimensões do recinto devem ser suficientes para permitir ao pessoal de manutenção chegar e alcançar com facilidade e segurança todos os componentes, especialmente o equipamento elétrico.
Em armários: 
0,7 m na frente e atrás de cada armário, medidos no plano de máximo afastamento de partes salientes. 
Se todas as ligações são frontais, não se exige passagem atrás e nem passagem lateral. 
0,5 m na lateral do armário. Onde existem vários armários alinhados, é suficiente a passagem por uma única extremidade. 
A comunicação entre passagens deve ser pelo menos igual a 0,5 m.",Eliseu,,"Piso, Janelas, Paredes e Teto",ok,"fácil acesso ao quadro, dimensões",15/07/2026,FALSE
3650,P3-O cabo de acionamento do tambor está deformado e danificado em diversos pontos. A ponta do cabo está travando a livre movimentação do tambor de acionamento do freio.,Eliseu,,Freio Cunha,ok,"Freio de Segurança, cabo do tambor deformado, livre movimentação",08/07/2026,FALSE
3666,"Os mecanismos do aparelho de segurança, instalados sob a cabina, apresentam-se com acúmulo de sujeira, pesados e ressecados, comprometendo as boas condições de funcionamento do conjunto do freio de segurança. Estes mecanismos devem ser mantidos permanentemente limpos, ajustados e calibrados. Após as limpezas e procedimentos de manutenção, o aparelho de segurança deverá ser testado em conjunto com o limitador de velocidade (instalado na casa de máquinas).",Eliseu,,Freio Cunha,ok,"sujeira, limpeza, ajuste, teste",08/07/2026,FALSE
3667,"Os mecanismos do freio de segurança, sob a cabina, estão em perfeitas condições de uso.",Eliseu,,Freio Cunha,ok,ok,08/07/2026,FALSE
3668,"Os mecanismos do tambor de acionamento do freio de segurança estão oxidados e o conjunto apresenta-se pesado. Procedimentos de limpeza, lubrificação, regulagem e teste do conjunto serão suficientes para a regularização.",Eliseu,,Freio Cunha,ok,"oxidação, pesado, limpeza, regulagem, lubrificação",08/07/2026,FALSE
3669,"Vista do aparelho de segurança sob a cabina. Falta manutenção e limpeza. Indícios de oxidação no cabo do tambor. Falta limpeza, lubrificação, reinspeção e teste do conjunto",Eliseu,,Freio Cunha,ok,"manutenção, limpeza, oxidação, lubrificação, teste",08/07/2026,FALSE
3670,Vista geral da parte inferior da cabina mostrando os mecanismos do freio de segurança .Os mecanismos estão tomados por sujeira comprometendo as boas condições de funcionamento do conjunto do freio e a segurança. Os mecanismos devem receber manutenção e testes dinâmicos periódicos em conjunto com o limitador de velocidade.,Eliseu,,Freio Cunha,ok,"sujeira, manutenção, teste",08/07/2026,FALSE
3671,"Os mecanismos do aparelho de segurança, apresentam-se pesados e ressecados, comprometendo as boas condições de funcionamento do conjunto do freio de segurança. Os mecanismos devem receber manutenção e testes dinâmicos periódicos em conjunto com o limitador de velocidade.",Eliseu,,Freio Cunha,ok,"pesado, ressecado, teste",08/07/2026,FALSE
3672,Vista geral da parte inferior da cabina mostrando os mecanismos do freio de segurança e as corrediças de rolo. Falta limpeza geral. A limpeza deve fazer parte dos procedimentos periódicos de manutenção.,Eliseu,,Freio Cunha,ok,limpeza geral,08/07/2026,FALSE
3673,Vista geral da parte inferior da cabina mostrando os mecanismos do freio de segurança e as corrediças. Os freios visualmente apresentam-se estão em perfeitas condições de funcionamento,Eliseu,,Freio Cunha,ok,ok,08/07/2026,FALSE
3674,Vista geral da parte inferior da cabina mostrando os mecanismos do freio de segurança e as corrediças. Os freios visualmente apresentam-se estão em perfeitas condições de funcionamento. Deve ser afixada ao freio de segurança uma placa indicando: a) o nome do fabricante e o modelo do freio de segurança; b) a)o nome do fabricante e o modelo do freio de segurança;,Eliseu,,Freio Cunha,ok,placa indicativa,08/07/2026,FALSE
3675,Vista geral da parte inferior da cabina mostrando os mecanismos do freio de segurança. Faltam procedimentos de manutenção e limpeza nos mecanismos do freio de segurança. Após a regularização o freio deve ser testado em conjunto com o limitador de velocidade. Estes mecanismos de segurança trabalham em conjunto com o limitador de velocidade e sua boa condição de funcionamento e conservação é vital para a segurança dos elevadores.,Eliseu,,Freio Cunha,ok,"manutenção, limpeza, regularização, teste, segurança",08/07/2026,FALSE
3676,"Vista geral da parte inferior da cabina mostrando os mecanismos do freio de segurança. 
Falta procedimentos de manutenção envolvendo a limpeza dos mecanismos. Após a regularização o freio deve ser testado em conjunto com o limitador de velocidade.",Eliseu,,Freio Cunha,ok,"manutenção, limpeza, teste",08/07/2026,FALSE
3677,"Vista interna a partir do poço da caixa de corrida visualizando-se a parte inferior da cabina. Na parte central sob a cabina estão instalados os mecanismos do aparelho de acionamento do freio de segurança. Estes mecanismos de segurança trabalham em conjunto com o limitador de velocidade (na casa de máquinas), e frenam a cabina em caso de excesso de velocidade.",Eliseu,,Freio Cunha,ok,explicação do mecanismo,08/07/2026,FALSE
3678,"Vista mostrando o tambor com o cabo enrolado. Este trecho de cabo, destinado ao acionamento do tambor do freio, deve ter especificação resistente à corrosão.",Eliseu,,Freio Cunha,ok,"tambor do freio, resistente a corrosão",08/07/2026,FALSE
3679,P5 – O acionamento dos mecanismos do aparelho de segurança sobre a cabina do elevador está pesado devido a incrustações provocadas por falta de lubrificação e manutenção.,Eliseu,,Freio Cunha,ok,"sujeira no freio, incrustações, falta de limpeza",08/07/2026,FALSE
3680,"O mordente quando acionado contra o cabo do limitador de velocidade foi incapaz de fazer o acionamento do freio, e não atuou o contato do dispositivo elétrico de segurança, contrariando a norma. Tais irregularidades comprometem as condições de uso seguro do elevador. Necessita de procedimentos de manutenção envolvendo o ajuste dos mecanismos, em seguida o limitador deverá ser submetido a testes dinâmicos em conjunto com o freio de segurança.
NM207 14.1 Proteção contra falhas elétricas 14.1.2 Dispositivos elétricos de segurança 14.1.2.1.1 Quando da atuação de um dos dispositivos de segurança listados no anexo A, o movimento da máquina deve ser impedido ou ela deve ser parada imediatamente [...].",Eliseu,,Freio Cunha,ok,mordente incapaz de acionar o freio de segurança; ajustes e testes,08/07/2026,FALSE
4311,"Para modernização recomendamos a substituição do sistema do freio eletromecânico simples para o freio duplo. O freio duplo oferece redundância no sistema de frenagem: em caso de falha de um dos freios, o outro continua atuando de forma independente. Além disso, o freio duplo proporciona maior confiabilidade, atende às normas de segurança mais atuais e reduz significativamente o risco de falhas críticas durante a operação do equipamento.
NM 207. NM207 12.4.2.1 [...]Todos os componentes mecânicos do freio que tomam parte na ação de freada no tambor ou disco devem ser instalados em duplicata e ter dimensões de modo que se um dos componentes não estiver trabalhando no tambor ou disco, mesmo assim deverá continuar a ser exercido um esforço de freada suficiente para redução da velocidade do carro com a carga nominal. Qualquer núcleo de bobina é considerado como sendo uma parte mecânica, enquanto que qualquer bobina não. Recomenda-se adequação à norma de segurança vigente.
",Romulo,,Modernização,revisar,"modernização, substituição de freio simples por freio duplo na máquina",14/07/2026,FALSE
3682,"O contato do freio de segurança do elevador, encontrado na parte inferior da cabina foi constatado posicionado excessivamente afastado da alavanca de acionamento do contato.
O contato do freio de segurança é responsável por desligar a máquina de tração do elevador caso o freio seja acionado.
O contato do elevador está posicionado de tal maneira que o acionamento mecânico do freio ocorre antes do desligamento da máquina. Sujeita a sobrecorrente na máquina de tração e danos prematuros. Necessita regularização.",Rômulo,,Freio Cunha,ok,distancia excessiva entre o contato e a alavanca de acionamento no freio de segurança,08/07/2026,FALSE
3683,"Vista da parte inferior da cabina mostrando o aparelho de segurança.
 
A graxeira do freio de segurança foi constatada completamente comprimida, portanto já não injetando mais graxa no sistema.
 
Deve-se repor a graxa.",Rômulo,,Freio Cunha,ok,graxeira freio de segurança totalmente comprimida,08/07/2026,FALSE
3684,"Falta a placa com as características técnicas do limitador de velocidade.
NM207 15.6 Deve ser afixada ao limitador de velocidade uma placa de características, indicando o nome do fabricante e o modelo do limitador de velocidade, o número de série ou a data de fabricação e suas características, a velocidade de desarme para o qual ele foi regulado.",Eliseu,,Limitador de Velocidade,ok,"falta, dados técnicos, norma",08/07/2026,FALSE
3685,A fixação da proteção do limitador de velocidade utiliza o mesmo parafuso da fixação da base do limitador de velocidade. O arranjo é inadequado uma vez que ao se retirar a proteção o limitador fica solto na base.,Eliseu,,Limitador de Velocidade,ok,fixação,08/07/2026,FALSE
3686,"A Placa com as características técnicas do limitador de velocidade está posicionada de tal forma que impossibilita a visualização dos dados técnicos.
NM207 15 Avisos e instruções de operação 15.1 Disposições gerais Quaisquer rótulos, avisos e instruções de operação devem ser legíveis e facilmente compreensíveis (se necessário ajudado com sinais e símbolos). Eles devem ser indeléveis, de material durável, colocados em uma posição visível e redigidos na língua do país onde o elevador está instalado (ou, se necessário, em várias línguas).",Eliseu,,Limitador de Velocidade,ok,"dados técnicos, mal posicionado",08/07/2026,FALSE
3687,"A proteção do limitador de velocidade não atende à Norma. As partes móveis dos limitadores devem dispor de proteção, que não prejudique os procedimentos de manutenção e inspeção periódicos. 
NM207.9.6.2 As proteções usadas devem ser construídas de modo que as partes girantes sejam visíveis e não atrapalhem as operações de exame e manutenção. Se elas forem perfuradas. A desmontagem somente será necessária nos seguintes casos: a)troca de cabo; b)troca de polia; c)repasse das ranhuras.",Eliseu,,Limitador de Velocidade,ok,proteção do limitador prejudica inspeção,08/07/2026,FALSE
3688,"Falta a placa com as características técnicas do limitador de velocidade.
NBR7192 4.11.2.8 Cada limitador de velocidade deve ter uma placa com as seguintes indicações: a) velocidade de desarme do limitador de velocidade em m/s; b) diâmetro em mm, formação e construção do cabo; c) velocidade de desarme do interruptor de sobre velocidade em m/s; d) tensão de deslize do cabo, no dispositivo de retenção, em daN. A norma determina as condições mínimas de segurança dos elevadores e seu atendimento é obrigatório para que os elevadores sejam colocados em funcionamento. É necessário que se façam as regularizações.",Eliseu,,Limitador de Velocidade,ok,"falta placa de dados técnicos, norma",08/07/2026,FALSE
3689,"LIMITADOR DE VELOCIDADE: Dispositivo de segurança, constituído basicamente de mecanismo de disparo centrífugo, polias, cabo de aço e interruptor. Quando a velocidade de descida do carro ultrapassar a velocidade nominal de um limite pré-determinado, o limitador deverá desligar o motor do elevador e acionar mecanicamente o freio de segurança. O cabo do limitador de velocidade, vinculado ao carro, movimenta o limitador de velocidade e aciona mecanicamente o freio de segurança.",Eliseu,,Limitador de Velocidade,ok,explicação do mecanismo,08/07/2026,FALSE
3690,"Falta a marcação do sentido de rotação correspondente ao acionamento do freio de segurança no limitador de velocidade.
NM207 9.8.5 O sentido de rotação, correspondente ao acionamento do freio de segurança, deve ser marcado no limitador de velocidade.",Eliseu,,Limitador de Velocidade,ok,falta sentido de rotação de acionamento do freio de segurança,08/07/2026,FALSE
3691,"Placa indicativa das características do limitador de velocidade. As instruções e rótulos com avisos não contem indicações em português. Contraria a Norma:
NM207 15 Avisos e instruções de operação 15.1 Disposições gerais Quaisquer rótulos, avisos e instruções de operação devem ser legíveis e facilmente compreensíveis (se necessário ajudado com sinais e símbolos). Eles devem ser indeléveis, de material durável, colocados em uma posição visível e redigidos na língua do país onde o elevador está instalado (ou, se necessário, em várias línguas).",Eliseu,,Limitador de Velocidade,ok,"dados técnicos em outro idioma, norma",08/07/2026,FALSE
3692,"A placa com as características do limitador de velocidade está pintada. A norma exige que as características dos limitadores de velocidade sejam legíveis.
NM207 15 Avisos e instruções de operação 15.1 Disposições gerais Quaisquer rótulos, avisos e instruções de operação devem ser legíveis e facilmente compreensíveis (se necessário ajudado com sinais e símbolos). Eles devem ser indeléveis, de material durável, colocados em uma posição visível e redigidos na língua do país onde o elevador está instalado (ou, se necessário, em várias línguas).",Eliseu,,Limitador de Velocidade,ok,"placa está pintada, ilegível",08/07/2026,FALSE
3693,"Vista geral mostrando o limitador de velocidade instalado junto à maquina de tração. Os equipamentos e instalações foram inspecionados e testados, não constatamos irregularidades.",Eliseu,,Limitador de Velocidade,ok,OK,08/07/2026,FALSE
3694,"O desarme do limitador de velocidade ocorreu com 112% da velocidade nominal, portanto, abaixo do valor permitido por norma. Necessita regularização.
NM 207 9.8.1 O desarme do limitador de velocidade para acionamento o freio de segurança do carro deve ocorrer a uma velocidade pelo menos igual a 115% da velocidade nominal.",Eliseu,,Limitador de Velocidade,ok,velocidade de desarme abaixo do permitido por norma,08/07/2026,FALSE
3695,A chaveta do redutor do limitador está se soltando quando as bolas do mecanismo são içadas. Tal irregularidade sujeita o limitador de velocidade a funcionamento em condições inseguras. Os componentes de segurança dos elevadores devem ser mantidos permanentemente em perfeitas condições de funcionamento.,Eliseu,,Limitador de Velocidade,ok,"Chaveta do Redutor soltando, segurança",08/07/2026,FALSE
3749,Vista geral do conjunto de acionamento do freio da máquina de tração. Falta lubrificação das articulações das sapatas do freio. O ressecamento das articulações sujeita o freio a travamentos com falhas de operação graves. Observe que as graxeiras estão lacradas por tinta. Necessita procedimentos de manutenção para regularização.,Eliseu,,Freio da Máquina,ok,"falta lubrificação das articulações das sapatas do freio, regularização",08/07/2026,FALSE
3696,"A mola do mecanismo de disparo do limitador de velocidade, responsável pelo acionamento do freio de segurança, está deformada e descaracterizada. Tal irregularidade compromete gravemente as condições de uso seguro do elevador.
Recomenda-se a substituição do limitador de velocidade, uma vez que o reparo envolveria a substituição da mola danificada e calibração da velocidade de disparo do limitador, procedimentos esses que devem ser realizados por pessoal técnico especializado, que disponham de bancadas de teste próprias para essa finalidade.",Eliseu,,Limitador de Velocidade,ok,"mola deformada, recomendação de substituição, uma vez que o reparo é complicado",08/07/2026,FALSE
3697,"Detalhe mostrando o uso de sucatas para calçar o contato do dispositivo elétrico de segurança do limitador de velocidade. Tais irregularidades e improvisações descaracterizam o equipamento, comprometem a segurança, e são condenáveis. Os componentes de segurança dos elevadores devem ser mantidos permanentemente em perfeitas condições de funcionamento.",Eliseu,,Limitador de Velocidade,ok,"sucata calçando contato, segurança",08/07/2026,FALSE
3698,"O dispositivo mordente do cabo do limitador está com o perfil descaracterizado, compromete sua capacidade de atuação sobre o cabo, quando da atuação do freio de segurança. Compromete a segurança.
Recomenda-se a substituição do limitador de velocidade, uma vez que o reparo envolveria testes da capacidade de acionamento do freio de segurança, que devem ser realizados por pessoal técnico especializado, que disponham de bancadas de teste próprias para essa finalidade.",Eliseu,,Limitador de Velocidade,ok,"descaracterização, capacidade de atuação, Mordente do Limitador",08/07/2026,FALSE
3699,"Falta lubrificação no colar do limitador de velocidade (tipo bola). Está ocorrendo atrito metal contra metal, danificando o componente. Observe o acúmulo de limalha proveniente da abrasão entre as partes móveis.",Eliseu,,Limitador de Velocidade,ok,"limitador de bolas, falta lubrificação do colar, atrito metal com metal, limalha",08/07/2026,FALSE
3700,"O canal da polia do limitador de velocidade apresenta desgaste excessivo e o cabo está se apoiando no fundo do canal. A capacidade de tracionamento da polia está totalmente comprometida.
Nesse modelo de limitador de velocidade, o acionamento do freio de segurança depende da condição de tracionamento do canal da polia.
Por se tratar de dispositivo de segurança, recomenda-se a substituição do limitador de velocidade por novo.",Eliseu,,Limitador de Velocidade,ok,"canal da polia desgastada, cabo se apoiado no fundo do canal, substituição do limitador",08/07/2026,FALSE
3701,"O contato do dispositivo elétrico de segurança do limitador de velocidade, responsável por interromper o funcionamento do elevador em situações de sobrevelocidade, foi constatado inoperante (desligado). Tal irregularidade contraria a norma. Recomenda-se procedimentos de manutenção envolvendo a regularização do circuito elétrico de segurança. Os dispositivos de segurança dos elevadores devem ser mantidos permanentemente em perfeitas condições de operação.
NM207 14.1 Proteção contra falhas elétricas 14.1.2 Dispositivos elétricos de segurança 14.1.2.1.1 Quando da atuação de um dos dispositivos de segurança listados no anexo A, o movimento da máquina deve ser impedido ou ela deve ser parada imediatamente [...].",Eliseu,,Limitador de Velocidade,ok,"contato elétrico inoperante, regularização",08/07/2026,FALSE
3702,"Os mecanismos de disparo do limitador de velocidade encontram-se desajustados e com interferência entre si, sujeitando-se a falhas de funcionamento. Necessita procedimentos de manutenção envolvendo ajustes. Os componentes de segurança dos elevadores devem ser mantidos permanentemente em perfeitas condições de funcionamento.
Recomenda-se a substituição do limitador de velocidade, uma vez que o reparo envolveria procedimentos de calibração da velocidade de disparo do limitador, que devem ser realizados por pessoal técnico especializado, que disponham de bancadas de teste próprias para essa finalidade.",Eliseu,,Limitador de Velocidade,ok,"desajustado, falhas, manutenção",08/07/2026,FALSE
3703,"Os mecanismos do limitador de velocidade estão com acúmulo de sujeira que comprometem sua boa operacionalidade. Estes mecanismos devem ser mantidos permanentemente limpos, ajustados e calibrados. Após as limpezas e procedimentos de manutenção, o limitador deverá ser testado quanto a sua capacidade de acionamento do freio de segurança.",Eliseu,,Limitador de Velocidade,ok,"acúmulo de sujeira no limitador, manutenção, limpeza e teste",08/07/2026,FALSE
3704,"O contato do dispositivo elétrico de segurança do limitador de velocidade, responsável por interromper o funcionamento do elevador em situações de sobrevelocidade, está montado em uma posição que impede seu acionamento pelos mecanismos de disparo do limitador de velocidade. Tal irregularidade torna o contato elétrico inoperante. Contraria a norma. Recomenda-se procedimentos de manutenção envolvendo o posicionamento correto do contato elétrico. Os dispositivos de segurança dos elevadores devem ser mantidos permanentemente em perfeitas condições de operação.
NM207 14.1 Proteção contra falhas elétricas 14.1.2 Dispositivos elétricos de segurança 14.1.2.1.1 Quando da atuação de um dos dispositivos de segurança listados no anexo A, o movimento da máquina deve ser impedido ou ela deve ser parada imediatamente [...].",Eliseu,,Limitador de Velocidade,ok,"contatos de segurança montado em posição incorreta impedindo sua atuação, reposicionamento",08/07/2026,FALSE
3705,"O lacre do limitador de velocidade do elevador está adulterado. Não há necessidade de substituir o limitador, todavia a recalibração da velocidade de disparo deve ser realizada por pessoal técnico especializado, que disponham de bancadas de teste próprias para essa finalidade.",Eliseu,,Limitador de Velocidade,ok,"lacre adulterado, teste",08/07/2026,FALSE
3706,"A proteção da polia é fixada ao chão através de parafusos chumbadores tipo fenda tornando extremamente difícil a sua retirada para procedimentos de resgate de passageiros em situação de emergência em que o mordente esteja acionado.
NM207.9.6.2 As proteções usadas devem ser construídas de modo que as partes girantes sejam visíveis e não atrapalhem as operações de exame e manutenção. Se elas forem perfuradas. A desmontagem somente será necessária nos seguintes casos: a)troca de cabo; b)troca de polia; c)repasse das ranhuras.",Eliseu,,Limitador de Velocidade,ok,"proteção da polia, parafusor tipo fenda de difícil retirada",08/07/2026,FALSE
3707,"Os mecanismos do limitador de velocidade estão presos por tinta aplicada sobre a sujeira. Foi feita pintura sobre a sujeira sem que o limitador recebesse procedimentos de limpeza e de manutenção. Tal irregularidade é grave, uma vez que impede ou dificulta a atuação do freio de segurança em caso de emergência. Os dispositivos destinados à segurança do elevador devem ser mantidos permanentemente em perfeitas condições de uso e funcionamento. Recomenda-se procedimentos de manutenção envolvendo a limpeza dos mecanismos e testes dinâmicos para acionamento do freio de segurança.",Eliseu,,Limitador de Velocidade,ok,tinta aplicada sobre sujeira colando o limitador,08/07/2026,FALSE
3708,"Vista dos limitadores de velocidade. As máquinas instaladas neste edifício contam com dois limitadores de velocidade, um para a cabina e um para o contrapeso. Este arranjo permite que o elevador faça frenagem de emergência nos dois sentidos, com a cabna tanto subindo, quanto descendo. Em alguns limitadores falta a identificação indicando a qual elevador o limitador de velocidade pertence. É recomendável a identificação de em qual equipamento o limitador atua, a saber, cabina ou contrapeso. A má identificação dos equipamentos dificulta o trabalho dos técnicos em situação de emergência.",Eliseu,,Limitador de Velocidade,ok,"identificação dos limitadores, dois por máquina",08/07/2026,FALSE
3709,"O limitador de velocidade do elevador encontra-se com suas partes móveis coladas devido à aplicação de tinta durante procedimentos de pintura executados de forma inadequada. Tal irregularidade é grave, uma vez que impede ou dificulta a atuação do freio de segurança em caso de emergência. Os dispositivos destinados à segurança do elevador devem ser mantidos permanentemente em perfeitas condições de uso e funcionamento. Recomenda-se procedimentos de manutenção envolvendo a limpeza dos mecanismos e testes dinâmicos para acionamento do freio de segurança.",Eliseu,,Limitador de Velocidade,ok,tinta colando o limitador,08/07/2026,FALSE
3710,"O canal da polia do limitador de velocidade apresenta desgaste excessivo e o cabo está com acúmulo de sujeiras e lubrificante, apoiando-se no fundo do canal. 
Neste modelo de limitador de velocidade, instantâneo, o acionamento do freio de segurança depende da condição de tracionamento do cabo no canal da polia. A irregularidade é grave, uma vez que possibilita que o cabo deslize pela polia e comprometendo o acionamento do freio de segurança de elevador.",Eliseu,,Limitador de Velocidade,ok,"Canal da polia desgastada, cabo se apoiado no fundo do canal",08/07/2026,FALSE
3711,"Vista geral do limitador de velocidade do elevador, dispositivo responsável pelo desligamento do elevador e acionamento do freio de segurança em situações de sobrevelocidade.",Rômulo,,Limitador de Velocidade,ok,explicação do limitador de velocidade,08/07/2026,FALSE
3712,"Vista geral do limitador de velocidade do elevador, dispositivo responsável pelo desligamento do elevador e acionamento do freio de segurança em situações de sobrevelocidade. 
O dispositivo foi inspecionado e testado, não constatamos irregularidade.
A estrutura e montagem do cabo do limitador de velocidade foi inspecionada ao longo de toda sua extensão. Não constatamos irregularidade.",Rômulo,,Limitador de Velocidade,ok,"explicação do limitador de velocidade, inspecionado, ok",08/07/2026,FALSE
3713,"Vista geral do limitador de velocidade do elevador, dispositivo responsável por desligar o elevador e acionar o freio de segurança em situações de sobrevelocidade. 
O limitador de velocidade, quando desarmado, não está acionando o contato de segurança do mordente, permitindo o funcionamento do elevador com o mordente atuando.
Necessita regularização.",Romulo,,Limitador de Velocidade,ok,mordente atuando não aciona o contato de segurança,08/07/2026,FALSE
3714,"Vista do limitador de velocidade no topo da caixa de corrida, dispositivo responsável por desligar o elevador e acionar o freio de segurança em situações de sobrevelocidade.
O limitador de velocidade e seus dispositivos de segurança foram inspecionados e testados quanto ao seu funcionamento, não constatamos irregularidades. 
Detalhe mostrando cabo do limitador na caixa de corrida. A estrutura do cabo foi inspecionada ao longo de toda sua extensão. Não constatamos irregularidade.",Eliseu,,Limitador de Velocidade,ok,"limitador testado, OK, MRLS",08/07/2026,FALSE
3730,Q5-Falta instalar o limite e o circuito elétrico de segurança da polia tensora do cabo do limitador de velocidade. A ruptura ou afrouxamento do cabo do limitador de velocidade deve provocar o corte da alimentação do circuito da máquina e do freio. Este requisito pode ser atendido por um interruptor acionado positivamente pela polia tensora do cabo do limitador. Estes elevadores foram instalados faltando os circuitos de segurança e os limites da polia tensora do limitador de velocidade. Contraria à norma.,Eliseu,,Polia Tensora,ok,"falta circuito de segurança, regularização",08/07/2026,FALSE
3731,"Q5-Falta instalar o limite e o circuito elétrico de segurança da polia tensora do cabo do limitador de velocidade. A ruptura ou afrouxamento do cabo do limitador de velocidade deve provocar o corte da alimentação do circuito da máquina e do freio. Este requisito pode ser atendido por um interruptor acionado positivamente pela polia tensora do cabo do limitador. Estes elevadores foram instalados faltando os circuitos de segurança e os limites da polia tensora do limitador de velocidade. Contraria à norma. Observe que a polia está totalmente arriada, com comprometimento da segurança.",Eliseu,,Polia Tensora,ok,"falta circuito de segurança, regularização, polia arriada",08/07/2026,FALSE
3732,"Vistas gerais mostrando a polia tensora do cabo do limitador de velocidade dos elevadores.
As polias tensoras de ambos os elevadores estão arriadas, próximas de apoiarem-se no chão.
Deve-se proceder à encurtamento dos cabos.",Romulo,,Polia Tensora,ok,"polia arriada, encurtamento do cabo",08/07/2026,FALSE
3733,"O contato de segurança da polia tensora do limitador de velocidade foi constatado inoperante.
Tal dispositivo é responsável pelo corte da alimentação do circuito da máquina e do freio no caso de ruptura ou afrouxamento do cabo do limitador de velocidade.
Necessita regularização.
Os componentes de segurança dos elevadores devem ser mantidos permanentemente em perfeitas condições de funcionamento e integridade.",Eliseu,,Polia Tensora,ok,contato da polia tensora inoperante,08/07/2026,FALSE
3734,"Vista mostrando a polia tensora do cabo do limitador de velocidade, dispositivo responsável por interromper o funcionamento do elevador no caso de ruptura ou afrouxamento do cabo do limitador de velocidade.",Eliseu,,Polia Tensora,ok,"polia tensora, explicação do mecanismo",08/07/2026,FALSE
3765,Existe acúmulo de resíduos de construção civil depositado entre a polia e as cintas de tração (cabos de tração).  Tal irregularidade compromete a capacidade de tracionamento do conjunto e sujeita a cinta a danos e descarte prematuros. A limpeza deve fazer parte dos procedimentos periódicos de manutenção.,Eliseu,,Limpeza,ok,"resíduos de construção civil, tracionamento, desgaste",08/07/2026,FALSE
3715,"Em ambos os elevadores, o contato do dispositivo elétrico de segurança do limitador de velocidade, responsável por interromper o funcionamento do elevador em situações de sobrevelocidade, foi constatado inoperante (desligado).
 
Tal irregularidade contraria a norma. Recomenda-se procedimentos de manutenção envolvendo a regularização do circuito elétrico de segurança.
 
Os dispositivos de segurança dos elevadores devem ser mantidos permanentemente em perfeitas condições de operação.
 
NM 207 14.1 Proteção contra falhas elétricas 14.1.2 Dispositivos elétricos de segurança 14.1.2.1.1 Quando da atuação de um dos dispositivos de segurança listados no anexo A, o movimento da máquina deve ser impedido ou ela deve ser parada imediatamente [...].
 
NM 207 Anexo A – Lista dos dispositivos elétricos de segurança. Item 9.9.11.1 Controle do acionamento do limitador de velocidade.",Rômulo,,Limitador de Velocidade,ok,contato do limitador desligado,08/07/2026,FALSE
3716,"Vista geral do limitador de velocidade do elevador, dispositivo responsável pelo desligamento do elevador e acionamento do freio de segurança em situações de sobrevelocidade.
 
O limitador de velocidade possui lacres que, quando não violados, indicam que a calibração deste não foi adulterada.
 
Um dos lacres do limitador de velocidade do elevador está violado.
 
Deve-se então ser certificada a calibração da velocidade de disparo por pessoal técnico especializado, que disponham de bancadas de teste próprias para essa finalidade, a fim de garantir que o mecanismo esteja calibrado para funcionamento adequado.",Rômulo,,Limitador de Velocidade,ok,lacre do limitador de velocidade violado,08/07/2026,FALSE
3717,"Vista geral do limitador de velocidade dos elevadores, dispositivo responsável pelo desligamento do elevador e acionamento do freio de segurança em situações de sobrevelocidade.
O limitador de velocidade do elevador foi constatado com a borracha do rolete da came completamente desgastada e com danos na lateral do rolete. Tal irregularidade compromete as condições de atuação do mecanismo.
Deve-se proceder a substituição do componente danificado.
Os componentes de segurança dos elevadores devem ser mantidos permanentemente em perfeitas condições de funcionamento e integridade.",Rômulo,,Limitador de Velocidade,ok,rolete danificado,08/07/2026,FALSE
3718,"O limitador de velocidade do Elev. 1 (Serviço) foi constatado com massa e tinta colados na sua mola e mecanismos. Tal irregularidade é grave, uma vez que impede ou dificulta a atuação do freio de segurança em caso de emergência. Deve-se proceder a manutenção envolvendo a limpeza dos mecanismos e substituição da mola.",Rômulo,,Limitador de Velocidade,ok,massa e tinta colando limitador.,08/07/2026,FALSE
3719,"O limitador de velocidade apresenta sinais evidentes de reparos com colocação de componentes inadequados, que o torna impróprio ao uso.
Recomenda-se a substituição do limitador de velocidade, uma vez que o reparo envolveria procedimentos de calibração da velocidade de disparo do limitador, que deve ser realizado por pessoal técnico especializado, que disponham de bancadas de teste próprias para essa finalidade.",Eliseu,,Polia do Limitador,ok,"descaracterização, imprópria ao uso",08/07/2026,FALSE
3720,"Falta a instalação do contato de segurança da polia tensora do limitador de velocidade, dispositivo obrigatório por norma.
NBR 7192 4.11.2.7 A construção dos limitadores de velocidade deve atender aos seguintes requisitos:
g) a ruptura ou afrouxamento do cabo do limitador de velocidade deve provocar o corte da alimentação do circuito da máquina e do freio. Notas: a) Este requisito pode ser atendido por um interruptor acionado positivamente pela polia tensora do cabo do limitador.
 
Dispositivo obrigatório por norma.",Rômulo,,Polia Tensora,ok,polia tensora sem contato. Nbr 7192,08/07/2026,FALSE
3721,"Q4 – Polia tensora do limitador de velocidade arrastando-se contra a parede, comprometendo sua perfeita condição de funcionamento.",Eliseu,,Polia Tensora,ok,arrastando-se contra a parede,08/07/2026,FALSE
3722,Q4 – Vista da polia tensora do limitador de velocidade e seu contato de segurança. Não constatamos irregularidades.,Eliseu,,Polia Tensora,ok,ok,08/07/2026,FALSE
3723,A polia de tensionamento do cabo do limitador de velocidade está com acúmulo de sujeira nos contatos e mecanismos. O acúmulo de sujeira nos acionamentos do limite de segurança tende a travar seus mecanismos impedindo sua atuação em situações de emergência. Compromete a segurança.,Eliseu,,Polia Tensora,ok,"na polia tensora, travamento, segurança",08/07/2026,FALSE
3724,A polia tensora do limitador de velocidade está arriada. Necessita regularização.,Eliseu,,Polia Tensora,ok,"arriada, regularização",08/07/2026,FALSE
3725,Detalhe mostrando o contato de segurança da polia tensora do limitador de velocidade. O contato de segurança foi constatado curto-circuitado (eliminado).A prática de adulteração ou eliminação de circuitos de segurança dos elevadores é altamente condenável e compromete a segurança. Os componentes de segurança dos elevadores devem ser mantidos permanentemente em perfeitas condições de funcionamento e integridade.,Eliseu,,Polia Tensora,ok,"contato eliminado, segurança",08/07/2026,FALSE
3726,Falta instalar o limite e o circuito elétrico de segurança da polia tensora do cabo do limitador de velocidade. ( O elevador foi instalado faltando o contato elétrico de segurança da polia tensora do limitador de velocidade.) A Norma determina que a ruptura ou afrouxamento do cabo do limitador de velocidade deve provocar o corte da alimentação do circuito da máquina e do freio. Este requisito pode ser atendido por um interruptor acionado positivamente pela polia tensora do cabo do limitador de velocidade.,Eliseu,,Polia Tensora,ok,"falta circuito de segurança, norma",08/07/2026,FALSE
3727,"O circuito de segurança da polia tensora do limitador de velocidade foi constatado eliminado eletricamente (jumpeado).A prática de eliminação de circuitos de segurança é ato intencional fortemente condenável e compromete gravemente a segurança.
NBR 7192 4.11.2.7 A construção dos limitadores de velocidade deve atender aos seguintes requisitos:
g) a ruptura ou afrouxamento do cabo do limitador de velocidade deve provocar o corte da alimentação do circuito da máquina e do freio. Notas: a) Este requisito pode ser atendido por um interruptor acionado positivamente pela polia tensora do cabo do limitador.",Eliseu,,Polia Tensora,ok,"contato da polia tensora eliminado, segurança",08/07/2026,FALSE
3728,Polia tensora do limitador de velocidade desregulada. A polia está trabalhando torcida. O cabo do limitador de velocidade está “comendo” as bordas da polia. Veja o acúmulo de limalha sob a polia na foto abaixo. Esta irregularidade provoca um funcionamento ruidoso do elevador e desgaste prematuro da polia e cabo.,Eliseu,,Polia Tensora,ok,"desregulada, torcida, desgaste",08/07/2026,FALSE
3729,"Polia tensora do limitador de velocidade está com acúmulo excessivo de sujeira. Estes mecanismos devem ser testados em conjunto com o limitador de velocidade e freio de segurança, após a regularização dos mesmos. (reparos, limpeza, regulagem e lubrificação.)",Eliseu,,Polia Tensora,ok,"na polia tensora, travamento, segurança, regularização",08/07/2026,FALSE
3735,"Q5- Detalhe mostrando contato de segurança da polia tensora do limitar de velocidade do elevador, instalado junto aos serviços de modernização.
O contato de segurança da polia tensora do limitador de velocidade é item de segurança exigido por norma, e é responsável por interromper o funcionamento do elevador no caso de ruptura ou afrouxamento do cabo do limitador de velocidade:
NM 207 9 9.8 Limitador de velocidade 9.8.11 Verificação elétrica 9.8.11.3 A ruptura ou o afrouxamento do cabo do limitador de velocidade deve causar a parada do motor por meio de um dispositivo elétrico de segurança (14.1.2).
No poço de ambos os elevadores, a polia foi constatada totalmente arriada, já apoiada no braço de limite (ver foto), com comprometimento da condição de uso seguro do elevador, sem que o contato de segurança tenha interrompido o funcionamento do mesmo.
Necessita regularização.
Recomenda-se reposicionamento do braço de limite e do contato de segurança.",Rômulo,,Polia Tensora,ok,polia arriada sem o contato ter cortado,08/07/2026,FALSE
3736,"No poço de ambos os elevadores, a polia foi constatada totalmente arriada, já apoiada no braço de limite (ver foto), com comprometimento da condição de uso seguro do elevador, sem que o contato de segurança tenha interrompido o funcionamento do mesmo.
Necessita regularização.
Recomenda-se reposicionamento do braço de limite e do contato de segurança/encurtamento do cabo.
 
Detalhe mostrando polia tensora do cabo do limitador de velocidade já arriada e apoiada sobre braço limite, sem que o contato de segurança tenha interrompido o funcionamento do elevador.",Rômulo,,Polia Tensora,ok,"polia tensora arriada, apoiando no braço de limite",08/07/2026,FALSE
3737,Falta a grade da proteção da ventoinha do ventilador. Sujeita a acidentes com a penetração de objetos. Recomenda-se a reinstalação das proteções.,Eliseu,,Estrutura e Base da Máquina,ok,falta proteção da ventoinha do ventilador,08/07/2026,FALSE
3738,"A interligação ao quadro de comando do circuito de segurança dos contatos de confirmação de abertura do freio foi feita de forma inadequada, permitindo que o elevador parta sem que tenha havido a confirmação de abertura do freio, ou seja, com as sapatas atracadas. O circuito de segurança dos contatos de confirmação de abertura do freio deverá ser interligado ao circuito de segurança do elevador.",Eliseu,,Freio da Máquina,ok,"interligação dos circuitos inadequada, partida com freio aberto",08/07/2026,FALSE
3739,"No freio das máquinas de tração constatamos pinos das articulações das balacas desgastados. Recomenda-se que todos os freios das máquinas de tração dos elevadores recebam procedimentos de manutenção envolvendo a desmontagem dos componentes para verificação de desgastes e reparo de danos, bem como a devida lubrificação.",Eliseu,,Freio da Máquina,ok,"pinos das articulaçõees das balacas desgastados, manutenção, desmontagem e reparos",08/07/2026,FALSE
3740,"As bobinas do sistema de freio estão ligadas em paralelo. Tal situação possibilita que no caso de queima de uma das bobinas o elevador continue funcionando em condição irregular (com uma das sapatas travada). Os dispositivos destinados à segurança dos elevadores devem ser ligados em série.
NM207 Circuitos de segurança 14.1.2.3.2 [...] a) se uma falha combinada com uma segunda falha pode conduzir a uma situação perigosa, o elevador deve ser parado o mais tardar até a próxima seqüência da operação na qual o primeiro elemento defeituoso deveria participar. Toda operação adicional do elevador deve ser impossível enquanto persistir o defeito. A possibilidade de uma segunda falha ocorrer, após a primeira e antes que o elevador tenha sido parado pela seqüência mencionada, não é considerada.",Eliseu,,Freio da Máquina,ok,"bobinas ligadas em paralelo, devem ser ligadas em série",08/07/2026,FALSE
3741,"Vista da máquina de tração mostrando as ligações da caixa de terminais do motor. 
Falta regularizar os circuitos de segurança. 
1)Falta o circuito do bulbo térmico responsável por proteger as bobinas internas do motor contra superaquecimento. 
2)Falta ligar o circuito de segurança responsável pela confirmação de abertura e fechamento do freio eletromecânico da máquina de tração. 
A combinação dessas irregularidades possibilita diversas situações de funcionamento do elevador com o comprometimento da segurança. Por exemplo, no caso de queima de uma das bobinas do freio, o elevador poderá funcionar com uma das sapatas travada. Esta irregularidade, combinada com a falta de instalação do circuito do bulbo térmico possibilita o sobreaquecimento interno, danos ao isolamento das bobinas, e queima do motor de tração. Necessita regularização. ",Eliseu,,Freio da Máquina,ok,falta regularizar os circuitos de segurança,08/07/2026,FALSE
3742,"No freio da máquina de tração do elevador, foi constatado que um dos contatos de confirmação de abertura do freio está inoperante. Tal situação possibilita que o elevador funcione com uma das sapatas travadas.
Os dispositivos destinados à segurança dos elevadores devem ser ligados em série.",Rômulo,,Freio da Máquina,ok,contato de confirmação de abertura do freio inoperante,08/07/2026,FALSE
3743,Conjunto do freio está desregulado ocorrendo pancadas violentas na frenagem que sujeitam os componentes a danos (folga excessiva entre o disco e a pastilha). Necessita regulagem.,Eliseu,,Freio da Máquina,ok,"freio desregulado, pancadas",08/07/2026,FALSE
3744,A bobina de acionamento do freio da máquina de tração do elevador apresenta ruídos próprios de travamento de componentes mecânicos. Necessita revisão dos mecanismos através de procedimentos de manutenção.,Eliseu,,Freio da Máquina,ok,"ruídos na bobina de acionamento devido a travamento de componente mecânico, revisão",08/07/2026,FALSE
3745,"Falta a alavanca de acionamento do freio para salvamento de passageiros em situações de emergência. Este dispositivo de segurança é obrigatório e visa propiciar condições de salvamento de passageiros presos no interior da cabina, entre pavimentos, particularmente em situações de falta de energia.",Eliseu,,Freio da Máquina,ok,falta alavanca de acionamento,08/07/2026,FALSE
3746,"Falta a tampa da caixa de terminais da bobina do freio. Contraria a norma ABNT NBR 7192:
NBR 7192 4.3.2 Proteção de equipamentos sob tensão: Todas as partes sob tensão do sistema elétrico, na caixa do elevador, nas paradas, dentro ou em cima da cabinas, devem ser protegidas contra contato acidental.
A supressão de componentes dos elevadores tendem a sucatear o equipamento prematuramente. Necessita regularização.",Eliseu,,Freio da Máquina,ok,falta tampa dos terminais,08/07/2026,FALSE
3747,"Uma das balacas do freio está danificada e as travas de segurança ora estão faltando, ora estão sendo substituídas, de forma improvisada, por amarras de arames.
A prática de remendar de forma improvisada componentes ligados à segurança dos elevadores é fortemente condenável e tende a sucatear o equipamento. Os componentes de segurança dos elevadores devem ser mantidos permanentemente em perfeitas condições de funcionamento.",Eliseu,,Freio da Máquina,ok,"balacas, travas, danificadas",08/07/2026,FALSE
3748,"Uma das lonas do freio está desgastada, comprometendo as boas condições de frenagem do conjunto. Recomenda-se procedimentos de manutenção envolvendo a substituição das lonas desgastadas.",Eliseu,,Freio da Máquina,ok,lonas desgastadas,08/07/2026,FALSE
3752,"Na caixa de ligações, o isolamento das fiações dos terminais do motor de tração está rompido, expondo as partes vivas da fiação, e sujeitando a curto circuitos.",Eliseu,,Instalações Elétricas,ok,terminais expostos,08/07/2026,FALSE
3753,"Métodos para Controle de Vibrações.
Alteração das frequências (natural ou excitação) do sistema, de forma a se evitar condições de ressonância sob excitações externas.
Introdução de amortecimento ou mecanismos de dissipação de energia, de forma a prevenir respostas excessivas do sistema, mesmo sob ressonância.
Adição de massas neutralizadoras ou absorvedores de vibração, de forma a se reduzir a resposta do sistema.
Uso de isoladores de vibrações, de forma a se reduzir a transmissão das forças de excitação de uma parta da estrutura a outra.",Romulo,,Ligação Elétrica,ok,Controle de Vibrações,08/07/2026,FALSE
3754,"Os contatos de segurança da máquina de tração, para sobrecarga e afrouxamento das cintas de tração foram inspecionados e testados. Não constatamos irregularidades.",Eliseu,,Ligação Elétrica,ok,"máquina mrls atlas schindler, testada OK",08/07/2026,FALSE
3755,"O motor das máquinas de tração não dispõe de circuito de proteção térmica (bulbo térmico).
O motor deve possuir internamente bulbo térmico com a finalidade da detecção térmica da sobreaquecimento.
A falta de proteção térmica sujeita o motor a queima por sobreaquecimento gradual não detectável pelos dispositivos de proteção contra sobrecorrente instalados no quadro de comando.
O sobreaquecimento gradual ocorre em situações como: a partida de motores com as sapatas do freio eletromecânico não totalmente abertas, ou em enforcamento de corrediças da cabina ou do contrapeso.",Rômulo,,Ligação Elétrica,ok,Motor sem bulbo térmico,08/07/2026,FALSE
3756,"Caixa de ligações do motor aberta para inspeção, mostrando os terminais. Não constatamos irregularidades.",Eliseu,,Ligação Elétrica,ok,OK,08/07/2026,FALSE
3757,"Falta o aterramento da calha condutora das fiações de alimentação do motor de tração.
NM207 13.5.5 Aterramento: Todas as partes metálicas do elevador não submetidas a tensão, tanto colocadas na casa de máquinas como na caixa, devem estar aterradas.",Eliseu,,Ligação Elétrica,ok,"calha condutora, aterramento",08/07/2026,FALSE
3758,"Vista da caixa de ligações do motor de tração aberta para inspeção dos terminais. O cabo de aterramento foi constatado com a ligação no terminal frouxa, sujeitando a falhas elétricas e acidentes.
NM207 13.5.5 Aterramento: Todas as partes metálicas do elevador não submetidas a tensão, tanto colocadas na casa de máquinas como na caixa, devem estar aterradas.",Eliseu,,Ligação Elétrica,ok,fiação de aterramento frouxa,08/07/2026,FALSE
3759,"As fiações elétricas da alimentação dos motores estão expostas.
NM 7192 4.3.2 Os condutores, com exceção dos cabos de comando que ligam a fiação à caixa, devem ser instalados em condutos conforme a NBR 5410.",Eliseu,,Ligação Elétrica,ok,fiações no motor expostas (fora de condutos),08/07/2026,FALSE
3760,"Fotos mostrando ventilação forçada do motor da máquina de tração. A ventilação forçada se faz necessário devido ao sistema ultrapassado e deficiente de acionamento desses elevadores através de tiristores, provocarem um aquecimento muito acentuado nos motores de tração. Essa energia elétrica desprendida sob a forma de calor nos motores de tração, além de danosa para o equipamento, constitui em perdas e despesas inúteis para o condomínio. Os sistemas modernos de acionamento de motores através de inversores de frequência com variação de corrente e voltagem proporcionam uma economia significativa de energia proporcionando ainda condições mais favoráveis de funcionamento com a queda da temperatura e menores correntes de partida. Em edifícios comerciais onde ocorre alto tráfego de passageiros utilizando elevadores de alta velocidade com grande número de partidas e paradas é fortemente recomendável a instalação desses quadros de comando. O detalhe abaixo mostra o tacogerador. O óleo proveniente de vazamentos na máquina de tração ao atingir as correias do tacogerador provoca deslizamentos que causam falhas de sinalização e consequentemente, falhas de funcionamento nos elevadores.",Eliseu,,Ligação Elétrica,ok,"sistema de tiristores obsoleto, superaquecimento, vantagens do VVVF",08/07/2026,FALSE
3761,"Falta ligar o circuito de proteção térmica dos motores da máquina de tração (bulbo térmico). O circuito dos bulbos térmicos foi encontrado fechado direto (eliminado). O motor possui internamente bulbo térmico com a finalidade da detecção térmica da sobrecorrente. A falta de proteção térmica sujeita o motor a queima por sobreaquecimento gradual não detectável pelos dispositivos de proteção contra sobrecorrente instalados no quadro de comando. O sobreaquecimento gradual ocorre em situações como: a partida de motores com as sapatas do freio eletromecânico não totalmente abertas, ou em enforcamento de corrediças da cabina ou do contrapeso. A supressão de dispositivos de segurança dos elevadores é fortemente condenável. Os componentes de segurança dos elevadores devem ser mantidos permanentemente em perfeitas condições de funcionamento. Necessita procedimentos de regularização.",Eliseu,,Ligação Elétrica,ok,"bulbo térmico jumpeado, superaquecimento podendo causar queima do motor",08/07/2026,FALSE
3762,"Vista da caixa de ligações do motor de tração aberta para inspeção dos terminais. Foi constatado que uma das fases está com a fixação frouxa no terminal, provocando mau contato e tensão desigual entre as fases, sujeitando a queima do enrolamento do motor. Recomenda-se procedimentos de manutenção envolvendo a fixação adequada dos terminais.",Eliseu,,Ligação Elétrica,ok,ligação frouxa no terminal na caixa de ligações podendo causar queima do motor,08/07/2026,FALSE
3763,"Existem parafusos soltos sobre a estrutura da máquina de tração. A prática de deixar objetos abandonados sobre a máquina de tração importa em risco uma vez que tais objetos ficam sujeitos a queda pelas aberturas do piso, provocando acidentes.",Eliseu,,Limpeza,ok,parafusos soltos sobre a máquina de tração,08/07/2026,FALSE
3764,O vidro do visor de óleo da máquina está com acúmulo de sujeira e opaco impossibilitando os procedimentos de inspeção adequados do nível de óleo. Muitas vezes esta sujeira é causada por degradações ou contaminações no óleo. Deve-se proceder à regularização através de procedimentos de manutenção.,Eliseu,,Limpeza,ok,acúmulo de sujeira no visor impedindo a inspeção,08/07/2026,FALSE
3766,"Existe acúmulo de resíduos de construção civil (poeira misturada com pó de cimento) depositada sobre a máquina de tração. Ao se depositarem sobre as partes móveis, estes resíduos incorporam-se aos lubrificantes, tornando-se em abrasivos. Além disso, são arrastados pelo sistema de ventilação dos motores para a parte interna dos mesmos comprometendo sua vida útil. A limpeza deve fazer parte dos procedimentos periódicos de manutenção.",Eliseu,,Limpeza,ok,"poeira arrastada para a parte interna, consequências",08/07/2026,FALSE
3767,"Vista da máquina de tração instalada no topo da caixa de corrida. A máquina foi inspecionada, não constatamos irregularidades, todavia, existe acúmulo de resíduos de construção civil sobre a máquina e equipamentos. A limpeza deve fazer parte dos procedimentos regulares de manutenção uma vez que os resíduos tendem a ser arrastados para as partes internas do equipamento, comprometendo sua vida util.",Eliseu,,Limpeza,ok,"acúmulo de resíduos de construção civil sobre a máquina, MRLS",08/07/2026,FALSE
3768,"As partes internas do motor de tração (bobinas, rotores, coletores etc.) estão tomadas por sujeira e ressecadas. Não constatamos indícios de que as mesmas tenham sido desmontadas para reparos ou recebido tratamentos de ‘rejuvenescimento’.",Eliseu,,Limpeza,ok,"partes internas, sujeira, ressecamento",08/07/2026,FALSE
3769,A boa condição de funcionamento deste motor de tração depende do bom funcionamento da ventilação forçada. As aletas da ventoinha do sistema de ventilação forçada do motor de tração estão semi obstruídas por sujeira. Sujeita o motor de tração a danos por sobreaquecimento e o elevador a paralisações por desarme das proteções térmicas contra sobreaquecimento (relé ou bulbo térmico).,Eliseu,,Limpeza,ok,"ventilação obstruída por sujeira, sobreaquecimento",08/07/2026,FALSE
3770,"O Conjunto motor/máquina de tração apresenta vibração acentuada, proveniente de desbalanceamento / desalinhamento do conjunto. Tal irregularidade tende a danificar os mancais da máquina e do motor de tração, além de danificar os retentores provocando vazamento de óleo. Deve-se se proceder à regularização.",Eliseu,,Mancais e Rolamentos,ok,"vibração, desalinhamento",08/07/2026,FALSE
3771,As borrachas de acoplamento estão danificadas e com folgas provocando solavancos nas partidas e paradas da máquina de tração. Recomenda-se sua substituição.,Eliseu,,Mancais e Rolamentos,ok,borrachas danificadas,08/07/2026,FALSE
3772,As borrachas do acoplamento do motor à máquina de tração danificaram-se devido às vibrações provenientes de desalinhamento/desbalanceamento do conjunto. Estes danos poderiam ter sido evitados através de procedimentos de regularização durante as manutenções preventivas do equipamento. O elevador não deve ser mantido em funcionamento nessas condições.,Eliseu,,Mancais e Rolamentos,ok,borrachas de acoplamento danificadas,08/07/2026,FALSE
3773,Foi constatado que uma das fiações de ligação da bobina do freio está frouxa no terminal sujeitando a falha de funcionamento nas operações de abertura do freio. Recomenda-se procedimentos de manutenção envolvendo a fixação adequada dos terminais.,Eliseu,,Mancais e Rolamentos,ok,"terminais, fiação frouxa",08/07/2026,FALSE
3774,"A máquina de tração do elevador apresenta ruídos proveniente de folga das borrachas de acoplamento e ruídos acentuados provenientes dos rolamentos. A máquina não se apresenta em condição de funcionamento, recomendamos a paralisação do elevador para reparos.",Eliseu,,Mancais e Rolamentos,ok,"ruidos acentuados, recomendação de paralização",08/07/2026,FALSE
3798,"Os cabos de tração estão degradados por oxidações, a lubrificação original foi totalmente consumida sem que tenha sido reposta através de procedimentos de manutenção. Nas entre-pernas dos cabos observa-se o avançado estágio da oxidação interna. Manter o elevador em funcionamento nestas condições compromete a segurança. Recomenda-se a substituição dos cabos.",Eliseu,,Polia e Cabos de Tração,ok,"cabos totalmente consumidos por oxidações, substituição imediata do conjunto",08/07/2026,FALSE
3799,"Existem aberturas excessivas na passagem dos cabos pelo piso. Contraria a Norma.
NM207 6.4.4 As dimensões de aberturas no piso da casa de máquinas devem ser as menores possíveis, a fim de evitar a queda de objetos através das mesmas. Para evitar que objetos situados sobre a caixa caiam pelas aberturas, incluindo aquelas para os cabos elétricos, devem ser feitos ressaltos no mínimo 50 mm acima da laje ou piso acabado.",Eliseu,,Polia e Cabos de Tração,ok,"abertura excessiva, norma",08/07/2026,FALSE
3800,"Existem quebras de arames, ainda em número insignificante, ao longo da extensão dos cabos de tração, sem qualquer comprometimento da segurança. Deve-se fazer acompanhamento periódico, verificando a evolução das quebras, quando das manutenções.",Eliseu,,Polia e Cabos de Tração,ok,"quebras de arame ainda em número insignificante, acompanhamento",08/07/2026,FALSE
3801,"Falta dispositivo separador dos cabos de tração na suspensão do contrapeso. O separador de cabos tem a função de evitar torções e atenuar vibrações, evitando a repercussão de ruídos na cabina, melhorando as condições de conforto dos passageiros.",Eliseu,,Polia e Cabos de Tração,ok,"falta separador de cabos, explicação, vibração",08/07/2026,FALSE
3802,"O detalhe ao lado mostra o acúmulo de quebras em torno de um nódulo.  Os nódulos são defeitos típicos de fabricação, onde a alma de cânhamo sobressai e avoluma-se por entre as pernas dos cabos. Observe as cerdas da alma de cânhamo sobressaindo-se entre as pernas do cabo. Em alguns trechos as quebras distribuem-se em praticamente todo o contorno do cabo.  Recomenda-se a substituição do conjunto de cabos.",Eliseu,,Polia e Cabos de Tração,ok,"cabos com arames quebrados ao entorno de nódulos, descarte e substituição",08/07/2026,FALSE
3803,"Os cabos de tração apresentam trechos com acúmulo de sujeira incorporada a excesso de lubrificante que comprometem a capacidade de tracionamento do elevador. São necessários procedimentos de limpeza, relubrificação e regulagem do tensionamento dos cabos. O acúmulo de sujeira nos cabos de tração impedem procedimentos adequados de inspeção e diagnóstico, comprometendo a condição de uso seguro do elevador. Deve-se fazer acompanhamento periódico quando dos procedimentos de manutenção.",Eliseu,,Polia e Cabos de Tração,ok,excesso de sujeira e lubrificante impedindo a inspeção adequada. Limpeza e reinspeção,08/07/2026,FALSE
3804,"Os cabos de tração do elevador apresentam grande número de quebras de arames. Em alguns trechos todos os arames da camada externa da perna estão rompidos. A polia de tração apresenta-se desgastada com os cabos já se assentando no fundo dos canais de tração. Tal situação compromete as condições de uso seguro do elevador, sendo recomendável a substituição completa do conjunto.",Eliseu,,Polia e Cabos de Tração,ok,"arames quebrados, polia desgastada, substituição",08/07/2026,FALSE
3805,"Os cabos de tração e as polias dos elevadores foram inspecionados quanto à sua integridade. Não constatamos irregularidades que comprometam sua condição de funcionamento seguro. Todavia, os cabos de tração estão impregnados com acúmulo excessivo de sujeira agregada a lubrificação que impedem procedimentos adequados de inspeção e diagnóstico preciso das suas reais condições de uso. Recomenda-se procedimentos de manutenção envolvendo a limpeza dos cabos, seguida de reinspeção.",Eliseu,,Polia e Cabos de Tração,ok,"excesso de sujeira nos cabos, limpeza e reinspeção",08/07/2026,FALSE
3775,"Desbalanceamento estático do rotor: pode ser constatado através de ensaio estático. Um distúrbio da posição de equilíbrio faz com que o ponto pesado fique sempre para baixo do eixo.
Desbalanceamento dinâmico do rotor: Mesmo que o sistema esteja balanceado estaticamente, ele pode não estar balanceado dinamicamente devido ao momento resultante. O desbalanceamento dinâmico existe quando as massas desbalanceadores aparecem em mais do que um plano. Deve-se constatar este tipo de desbalanceamento através de ensaios dinâmicos.
Rotores longos podem ser considerados como uma série de discos finos, cada qual contendo o seu próprio desbalanceamento. Entretanto, apenas dois planos de balanceamento são suficientes para tornar o rotor balanceado novamento, uma vez qua a correção consiste em se eliminar a força e o momento resultantes.
Detalhamento: As máquinas de balanceamento dinâmico consistem de mancais de suporte apoiados sobre molas. Conhecendo-se a amplitude em cada um dos mancais e sua fase relativa, é possível determinar o desbalanceamento presente no sistema. A correção portanto, seria de translação e rotação do sistema, podendo ser considerado como um problema de 2 graus de liberdade.",Romulo,,Mancais e Rolamentos,ok,Desbalanceamento de rotores,08/07/2026,FALSE
3776,"Motor pesado é montado em um eixo flexível suportado por mancais. Eixos rotativos apresentam a tendência de se curvarem quando atingem determinadas velocidades e girarem de uma maneira complexa. Whirling é definido como a rotação do plano formado pelo eixo curvado e a linha de centro dos mancais. É um fenômeno que ocorre quando o centro de massa do rotor apoiado em um eixo rotativo não está alinhado com o eixo do mancal. O movimento do eixo e a excentricidade do rotor causam forças de inércia desbalanceadoras, puxando o eixo para fora do seu centro e tornando-o curvado.
Causas do Whirling: Desequilíbrio de massa, atrito fluido nos mancais, amortecimento histerético no eixo, rigidez do eixo, efeitos giroscépicos. O whirling pode ocorrer na mesma direção ou oposta da rotação do eixo. Sua velocidade pode ou não ser igual a velocidade de rotação.",Romulo,,Mancais e Rolamentos,ok,Desbalanceamento de rotores: Whirling,08/07/2026,FALSE
3777,"Quando testado sob carga nominal, o elevador apresentou ruídos excessivos quando em subida.
 
A irregularidade foi sanada pelo técnico da empresa responsável pela instalação através de ajustes nos parâmetros de potência do motor.",Rômulo,,Mancais e Rolamentos,ok,funcionamento ruidoso no teste de carga,08/07/2026,FALSE
3778," A transmissão de potência entre o motor e o conjunto redutor dessa máquina é feita através de acoplamento com quatro pinos metálicos, cada um revestido por uma borracha de acoplamento.
As borrachas de acoplamento da transmissão foram constatadas gastas, sujeitando o conjunto a vibração excessiva e desgaste prematuro.
Deve-se proceder a substituição das borrachas e verificação do alinhamento correto ao final da montagem.",Rômulo,,Mancais e Rolamentos,ok,borracha dos pinos de acoplamento entre motor e redutor desgastadas.,08/07/2026,FALSE
3806,"Os cabos estão com acúmulo excessivo de lubrificante impregnado de sujeira na parte externa. Os cabos devem receber limpeza periódica retirando-se o excesso de lubrificação externa, prejudicial ao tracionamento da polia. A lubrificação superficial dos cabos deve ser mantida nas condições originais, ou seja, uma leve película apenas sensível ao toque. A falta destes procedimentos de manutenção sujeita o conjunto cabos e polia a danos e descarte prematuros.",Eliseu,,Polia e Cabos de Tração,ok,"acúmulo de lubrificante e sujeira, a lubrificação deve ser mantida nas condições originais, película",08/07/2026,FALSE
3807,"As proteções das polias foram construídas de tal forma que não atendem à Norma. As proteções das polias foram construídas em chapa sem aberturas na parte superior, de tal forma que não atendem à Norma uma vez que não possibilitam a inspeção dos cabos nos canais da polia sem que a proteção seja retirada. Além disso os dispositivos destinados a evitar que os cabos saiam das ranhuras se frouxos, não se prestam a essa finalidade uma vez que são construídos com tirantes flexíveis e estão montados desregulados, muito acima dos cabos. 
NM207 9.6.1 As polias motrizes e polias de desvio devem ser providas com dispositivos de acordo com a tabela 3 para evitar: a) danos ao corpo humano; b) que, se frouxos, os cabos saiam de suas ranhuras; c) a introdução de objetos entre os cabos e ranhuras.
9.6.2 As proteções usadas devem ser construídas de modo que as partes girantes sejam visíveis e não atrapalhem as operações de exame e manutenção. Se elas forem perfuradas, devem atender EN 294, tabela 4. A desmontagem somente será necessária nos seguintes casos: a) troca de cabo; b) troca de polia; c) repasse das ranhuras.",Eliseu,,Polia e Cabos de Tração,ok,a proteção de polia usada nao atende a norma,08/07/2026,FALSE
3808,"Vista geral da máquina de tração. É recomendável a instalação de proteção anti-pulo dos cabos de tração nas polias.
NM207 9.6 Proteção de Polias 9.6.1 As polias motrizes e polias de desvio devem ser providas com dispositivos de acordo com a tabela 3 para evitar: a) danos ao corpo humano; b) que, se frouxos, os cabos saiam de suas ranhuras; c) a introdução de objetos entre os cabos e ranhuras.",Eliseu,,Polia e Cabos de Tração,ok,recomenda-se instalação de proteção anti-pulo nas polias,08/07/2026,FALSE
4312,"O limitador de velocidade do elevador encontra-se sem o contato elétrico de acionamento de segurança. Esse componente é fundamental: em caso de excesso de velocidade é ele quem desliga o sistema e inicia a parada da máquina de tração antes que a velocidade corro atinja a velocidade de desarme mecânico do limitador de velocidade. Necessita regularização conforme a norma:                                      
 
NM207 9.8 Limitador de velocidade 9.8.11.1 O limitador de velocidade ou outro dispositivo deve, por meio de um dispositivo elétrico de segurança atendendo 14.1.2, iniciar a parada da máquina antes que a velocidade do carro, subindo ou descendo, atinja a velocidade de desarme do limitador de velocidade. 14.1.2.1.1 Quando da atuação de um dos dispositivos de segurança listados no anexo A, o movimento da máquina deve ser impedido ou ela deve ser parada imediatamente como indicado em 14.1.2.4 Operação dos dispositivos elétricos de segurança Quando estiverem operando para garantir segurança, os dispositivos elétricos de segurança devem impedir a partida da máquina ou iniciar imediatamente a sua parada. A alimentação elétrica do freio deve ser igualmente cortada.
",Romulo,,Limitador de Velocidade,revisar,limitador sem contato elétrico,14/07/2026,FALSE
3779,"Vistas mostrando a máquina de tração do elevador 4130313, da qual o motor de tração foi recentemente desmontadoe montadopara serviçosde reparo.
Conforme ilustrado em detalhe abaixo, a transmissão de potência entre o motor e o conjunto redutor dessa máquina é feita através de quatro pinos metálicos,cada um revestidopor uma borracha de acoplamento.
As borrachas de acoplamento da transmissão foram constatadas despedaçadas e espalhadas sobre a máquina e no chão.
A ocorrência deste tipo de desgaste é característica de falha de montagem por desalinhamento entre o motor e o conjunto redutor da máquina.
O desalinhamento no acoplamento da máquina sujeita a funcionamento irregular, causando vibrações, desgasteexcessivoe funcionamentoruidoso.
Deve-se proceder à regularização envolvendo a troca das borrachas e realinhamento do conjunto e reinspeção da máquina.",Rômulo,,Mancais e Rolamentos,ok,"falha de montagem, desalinhamento entre eixo do motor e do redutor",08/07/2026,FALSE
3780,"Falta graxa nas graxeiras dos mancais do motor de tração. As graxeiras tem a função de reservatório e devem ser mantidas completas com graxa. Tal procedimento se faz necessário para que a graxa possa fluir para a parte interna dos mecanismos, garantindo sua boa condição de lubrificação.",Eliseu,,Mancais e Rolamentos,ok,falta lubrificação,08/07/2026,FALSE
3781,"Falta óleo lubrificante no mancal do motor de tração. A falta de lubrificação adequada sujeita os mancais, retentores e rolamentos a danos, ruídos e vibrações. Recomenda-se procedimentos de manutenção envolvendo a regularização do nível do óleo.
 ",Eliseu,,Mancais e Rolamentos,ok,"falta óleono mancal do motor de tração, consequências, regularização",08/07/2026,FALSE
3782,"O (conjunto motor/volante/acoplamento/redutor) apresenta vibrações acentuadas que tendem a danificar rolamentos, buchas, mancais e acoplamentos. Recomenda-se procedimentos de manutenção envolvendo o alinhamento e balanceamento.",Eliseu,,Motor Elétrico,ok,"vibrações no motor, consequencias, balanceamento",08/07/2026,FALSE
3783,Os coletores estão ovalizados e com desgastes provocando um funcionamento irregular e ruidoso das escovas. Recomenda-se procedimentos de manutenção envolvendo a retificação e isolamento entre os coletores.,Eliseu,,Motor Elétrico,ok,"coletores, desgaste",08/07/2026,FALSE
3784,Algumas bobinas do motor estão com indícios de superaquecimento. Os isolamentos estão carbonizados sujeitando a curto circuitos entre as espiras. Necessita procedimentos de revitalização com aplicação de resina isolante.,Eliseu,,Motor Elétrico,ok,isolamento carbonizados,08/07/2026,FALSE
3785,"As escovas do motor da máquina de tração estão desgastadas, com comprometimento das boas condições de funcionamento. Manter o equipamento funcionando com escovas desgastadas sujeita o equipamento a falhas e os coletores a danos. Devem-se fazer as substituições das escovas.",Eliseu,,Motor Elétrico,ok,"escovas do motor desgastadas, substituição das escovas",08/07/2026,FALSE
3786,"Vista mostrando o coletor e as escovas do motor da máquina de tração. Os coletores e escovas foram inspecionados, os motores e moto geradores apresentam-se em boa condição de funcionamento, não constatamos irregularidades.",Eliseu,,Motor Elétrico,ok,"o motor foi inspecionado, nao constatamos irregularidades",08/07/2026,FALSE
3787,"No motor da máquina de tração do elevador, foi constatado existência de ruído mecânico anormal no motor durante movimentação do elevador, provavelmente devido a deficiência de lubrificação nos mancais.
Tal irregularidade sujeita o motor a desgaste prematuro.
Necessita regularização.",Rômulo,,Motor Elétrico,ok,,08/07/2026,FALSE
3788,"A polia de tração do elevador se encontra em estágio avançado de desgaste, com os cabos já se aproximando de apoiar no fundo do canal. Caso algum dos cabos se apoie no fundo do canal (é possível ver marcas no canal da polia quando isso acontece) é necessário a substituição do conjunto. Recomenda-se o acompanhamento.",Rômulo,,Polia de Tração,ok,polia de tração desgastada mas cabos ainda Ok.,08/07/2026,FALSE
3789,Faltam as molas da suspensão. As molas são importantes para a equalização do tensionamento entre os cabos de tração e para o conforto dos passageiros nas frenagens.,Eliseu,,Polia e Cabos de Tração,ok,"faltam as molas, equalização, conforto",08/07/2026,FALSE
3790,"Foram suprimidas as molas das suspensões da cabina e do contrapeso. As molas têm a função de equalizar o tensionamento entre os cabos de tração. Recomenda-se a regularização.  A norma NM207 determina:  9.4 Distribuição da carga entre os cabos 9.4.1 Deve ser provido um dispositivo automático para equalizar a tensão dos cabos de tração, pelo menos em uma de suas extremidades. 9.4.2 Se forem usadas molas para a equalização da tensão, elas devem trabalhar a compressão. 9.4.3 Os dispositivos para ajuste do comprimento de cabos devem ser feitos de modo que tais dispositivos não possam trabalhar frouxos depois do ajuste.",Eliseu,,Polia e Cabos de Tração,ok,"faltam as molas, equalização, conforto, norma",08/07/2026,FALSE
3791,"A braçadeira de um dos cabos de aço de tração do elevador está fixado do lado errado.
Tal irregularidade reduz a força de fixação e pode levar ao escorregamento, comprometendo a segurança do equipamento.
Necessita regularização.
NM7192 A-5.3.4 Quarta fase Colocar as braçadeiras para cabos (as porcas devem ficar no lado da ponta do cabo não cortado).",Pablo,,Polia e Cabos de Tração,ok,"Presilha, fixada errada, cabo",08/07/2026,FALSE
3792,Um dos cabos de tração apresenta estrangulamento de seção que compromete sua condição de uso. Recomenda-se a substituição dos cabos de tração.,Eliseu,,Polia e Cabos de Tração,ok,"estragulamento de seção, substituição dos cabos",08/07/2026,FALSE
3793,"Falta trava de segurança em um dos tirantes dos cabos de tração. Tal irregularidade sujeita o cabo de tração a escape em caso de torção, provocando graves acidentes. Necessita regularização.",Eliseu,,Polia e Cabos de Tração,ok,falta trava de segurança,08/07/2026,FALSE
3794,"Faltam as marcas indicativas das posições de nivelamento do carro.
NM207 12.5.1.2 Deve ser possível verificar facilmente a partir da casa de máquinas se o carro está dentro da zona de destravamento. Esta verificação pode ser feita, por exemplo, colocando marcas nos cabos de tração ou no cabo do limitador de velocidade.",Eliseu,,Polia e Cabos de Tração,ok,"falta marca indicativa, norma",08/07/2026,FALSE
3795,"Os arames dos cabos de tração do elevador apresentam-se sem danos estruturais, todavia existem pontos de oxidação indicando o esgotamento da lubrificação interna. Recomenda-se a limpeza a relubrificação dos cabos, conforme orientações do fabricante de cabos, de forma a evitar o comprometimento prematuro da sua vida útil.",Eliseu,,Polia e Cabos de Tração,ok,pontos de oxidação indicando o esgotamento da lubrificação interna; limpeza e relubrificação,08/07/2026,FALSE
3796,"Os grampos de fixação dos cabos de tração foram montados invertidos, comprometendo a capacidade de carga dos cabos. É necessário que se faça o reposicionamento dos grampos nos cabos de tração. A parte curva do grampo deve comprimir a ponta no lado da extremidade do cabo.",Eliseu,,Polia e Cabos de Tração,ok,grampos de fixação montados invertidos,08/07/2026,FALSE
3797, Os cabos de tração apresentam-se impregnados com excesso de lubrificante comprometendo a capacidade de tracionamento da polia e causando gotejamento e sujidades sobre os componentes dos elevadores ao longo da caixa de corrida.,Eliseu,,Polia e Cabos de Tração,ok,excesso de lubrificante dos cabos de tração gotejando sobre os componentes na caixa de corrida,08/07/2026,FALSE
3809,"Falta graxa na tampa porta graxa das graxeiras dos mancais. A tampa tem a função de reservatório e deve ser mantida completa com graxa. Tal procedimento se faz necessário para que nas manutenções periódicas seja aplicada manualmente uma pressão que permita que a graxa possa fluir para a parte interna dos mecanismos, expulsando a graxa velha e garantindo sua boa condição de lubrificação.",Eliseu,,Polia e Cabos de Tração,ok,falta graxa na tampa porta graxa da graxeira do mancal,08/07/2026,FALSE
3810,"Falta óleo lubrificante no mancal da polia de tração. A falta de lubrificação adequada sujeita os mancais, retentores e rolamentos a danos. Deve-se proceder à regularização do nível do óleo.",Eliseu,,Polia e Cabos de Tração,ok,falta óleo lubrificante nos mancais,08/07/2026,FALSE
3811,Os cabos de tração apresentam-se com acúmulo de sujeira incorporada ao lubrificante. A sujeira em excesso depositada sobre os cabos compromete a capacidade de tracionamento da polia comprometendo a vida do conjunto. Procedimentos rotineiros de manutenção envolvendo limpeza do excesso de óleo e regulagem de tensionamento dos cabos serão suficientes para a regularização dos deslizamentos.,Eliseu,,Polia e Cabos de Tração,ok,deslizamento devido a excesso de lubrificante e sujeira,08/07/2026,FALSE
3812,"Vista geral da polia de tração. A polia apresenta-se com sua vida útil consumida devido a desgaste pelo uso contínuo e natural do equipamento. Observa-se pelos perfis dos canais o aprofundamento dos cabos de tração, indicando o esgotamento da sua capacidade de tracionamento. Recomenda-se a substituição do conjunto (cabos de tração e polia).",Eliseu,,Polia e Cabos de Tração,ok,"vida útil consumida pelo uso natural, esgotamento do tracionamento, substituição do conujunto",08/07/2026,FALSE
3814,"Após uma viagem do carro pode-se observar o deslizamento ocorrido entre as marcas dos cabos e polia. O deslizamento é proveniente de falta de regulagem do tensionamento dos cabos de tração. Tal irregularidade compromete a vida útil dos cabos e polia de tração, bem como, a tracionabilidade do conjunto. Procedimentos rotineiros de manutenção envolvendo regulagem de tensionamento dos cabos serão suficientes para a regularização dos deslizamentos.",Eliseu,,Polia e Cabos de Tração,ok,"deslizamento, falta de regulagem",08/07/2026,FALSE
3815,"Existe acúmulo de limalha depositada no piso, sob a polia de tração, proveniente de esmerilhamento entre os cabos secos e os canais da polia. É necessário a manutenção urgente do conjunto procedendo-se à equalização do tensionamento e lubrificação adequada dos cabos de tração, conforme determina a boa técnica e o fabricante dos mesmos.",Eliseu,,Polia e Cabos de Tração,ok,"cabos de tração secos, esmerilhamento com a polia, acúmulo de limalha no piso",08/07/2026,FALSE
3816,"Os cabos de tração foram inspecionados ao longo de toda sua extensão e apresentam-se em perfeitas condições de uso. Recomenda-se que periodicamente seja feita equalização de tensionamento, limpeza e relubrificação dos cabos, conforme recomenda o fabricante dos mesmos.",Eliseu,,Polia e Cabos de Tração,ok,"inspecionado, ok, recomendações de uso",08/07/2026,FALSE
3817,"Um dos cabos de tração está frouxo, deslizando no canal da polia, causando esmerilhamento que provoca desgaste prematuro do cabo e do canal da polia de tração. A evolução do elevador em funcionamento nestas condições tenderá a aumentar o desgaste, resultando em descarte prematuro do conjunto (cabos de tração e polia). Deve-se proceder urgentemente à equalização do tensionamento dos cabos através de procedimentos de manutenção.",Eliseu,,Polia e Cabos de Tração,ok,um cabo frouxo causando desgaste prematuro; equalização do tensionamento,08/07/2026,FALSE
3818,"Vista geral da polia de tração. Observa-se em alguns canais da polia desgaste mais acentuado com aprofundamento desuniforme entre os cabos de tração, devido a funcionamento em condições irregulares  (falta de equalização do tensionamento dos cabos de tração).
Deve-se avaliar a relação custo benefício de um repasse imediato nos canais da polia, confrontada com a programação para substituição em médio prazo de todo um novo conjunto cabos e polia.",Eliseu,,Polia e Cabos de Tração,ok,"aprofundamento desuniforme dos canais, avaliar entre repasse da polia ou substituição do conjunto",08/07/2026,FALSE
3819,"Vista geral da polia de tração. A polia apresenta-se desgastada pelo uso contínuo e natural do equipamento. Observa-se pelos perfis dos canais o aprofundamento uniforme dos cabos de tração. O aspecto geral indica ainda uma parcela de vida útil remanescente e boa capacidade de tracionamento. Face ao bom estado dos cabos de tração, deve-se avaliar a evolução do desgaste no conjunto cabos/polia, programando-se a substituição em médio prazo por um novo conjunto. Recomenda-se o acompanhamento periódico.",Eliseu,,Polia e Cabos de Tração,ok,"desgaste natural do conjunto cabos/polia, acompanhamento e substituição em médio prazo",08/07/2026,FALSE
3820,Vista geral mostrando os cabos uniformemente nivelados nos canais da polia. A polia apresenta perfeita capacidade de tracionamento sobre os cabos.,Eliseu,,Polia e Cabos de Tração,ok,"nivelamento OK, limpeza",08/07/2026,FALSE
3821,"Foram suprimidas indevidamente as molas das suspensões das cabinas e dos contrapesos. As molas são importantes para a equalização do tensionamento entre os cabos de tração e para o conforto dos passageiros nas frenagens. 
NM207 9.4.1 Deve ser provido um dispositivo automático para equalizar a tensão dos cabos de tração, pelo menos em uma de suas extremidades. 9.4.2 Se forem usadas molas para a equalização da tensão, elas devem trabalhar a compressão. 9.4.3 Os dispositivos para ajuste do comprimento de cabos devem ser feitos de modo que tais dispositivos não possam trabalhar frouxos depois do ajuste.",Eliseu,,Polia e Cabos de Tração,ok,"faltam as molas, equalização do tensionamento, conforto, norma",08/07/2026,FALSE
4313,"O acesso para casa de máquinas não tem uma escada fixada e um guarda corpo no andar superior. 
Essa situação pode ocasionar a queda de um técnico durante o acesso na casa de máquinas.
Recomendamos a instalação de uma escada fixa para o acesso a casa de máquinas e a instalação de um guarda corpo no piso superior.  
Necessita regularização. 
",Romulo,,Guarda Corpo,revisar,"acesso ruim para a casa de máquinas, escada móvel",14/07/2026,FALSE
4314,"Para modernização recomendamos a substituição dos indicadores de posição das portas de pavimento.
",Romulo,,Modernização,revisar,"modernização, substituição dos indicadores de posição",14/07/2026,FALSE
4315,"Para modernização recomendamos a instalação de um sistema de controle de acesso por biometria com reconhecimento facial e tag ou substituição da fechadura de liberação das botoeiras de pavimento da portaria e garagem.
",Romulo,,Modernização,revisar,"modernização, instalação de controle de acesso",14/07/2026,FALSE
4317,"Recomenda-se a modernização dos quadros de força, adequação da potência de acordo com as novas necessidades do quadro de comando, adequar a sinalização dos quadros de força identificando com o número do equipamento, substituir a chaves de iluminação com a instalação do Dispositivo Diferencial Residual (DR) nas chaves de iluminação. O DR é um interruptor que desliga automaticamente a corrente elétrica em caso de fuga de corrente ou vazamento de energia, gerando proteção das pessoas na cabine contra choque elétrico.​
",Romulo,,Modernização,revisar,"modernização, substituição do quadro de força",14/07/2026,FALSE
3822,"Falta limpeza e relubrificação dos cabos de tração do elevador. A falta de relubrificação sujeita os cabos de tração a deterioração com: oxidações profundas ao longo de longos trechos, esmerilhamentos por abrasão entre cabos e canais da polia, esmerilhamentos por abrasão entre pernas dos cabos de tração, redução no diâmetro externo do cabo por perda de sustentação hidráulica, comprometimentos internos envolvendo ressecamento da alma de cânhamo e danos a arames.",Eliseu,,Polia e Cabos de Tração,ok,"falta de relubrificação, e consequencias da falta de lubrificação",08/07/2026,FALSE
3823,"Os cabos de tração apresentam desgastes prematuros nos arames situados nas suas laterais. Os desgastes são provenientes da condição de funcionamento irregular a qual os cabos estão submetidos (torções e deslizamentos). Durante o funcionamento do elevador é possível ouvir os ruídos e observar os trancos dos cabos de tração torcidos, girando nos canais da polia para se acomodarem. Recomenda-se procedimentos de manutenção envolvendo o alívio de torção dos cabos e equalização do tensionamento.",Eliseu,,Polia e Cabos de Tração,ok,"cabos funcionando torcidos e com variação no tensionamento, regularização",08/07/2026,FALSE
3824,"Durante a inspeção foi constatado que um dos cabos de tração do elevador apresenta rompimento de uma das pernas. Tal irregularidade compromete as condições de uso seguro do elevador, sendo recomendada a substituição imediata do conjunto dos cabos de tração.",Eliseu,,Polia e Cabos de Tração,ok,"uma das pernas rompidas, substituição",08/07/2026,FALSE
3825,"Vista mostrando passagem dos cabos de tração pelo piso da casa de máquinas.
Um dos cabos de tração está roçando contra as bordas da laje na abertura de passagem dos cabos pelo piso da casa de máquinas.
Essa irregularidade sujeita os cabos a danos irreparáveis. Necessita procedimentos de regularização.",Eliseu,,Polia e Cabos de Tração,ok,cabos roçando contra o piso,08/07/2026,FALSE
3826,"Os cabos de tração do elevador apresentam deformações devido a manuseio inadequado. Essas deformações levam a desgaste prematuro dos cabos, quando em funcionamento, devido ao esmagamento entre os canais da polia. Deve-se proceder a substituição dos cabos danificados.",Rômulo,,Polia e Cabos de Tração,ok,"cabos de tração deformados devido a manuseio inadequado, substituição",08/07/2026,FALSE
3827,"Os cabos de tração do elevador foram inspecionados e foi constatado variação excessiva entre seu tensionamento (alguns cabos estão frouxos).
Essa situação sujeita a deslizamento dos cabos no canal da polia, causando esmerilhamento que provoca desgaste prematuro dos cabos e dos canais da polia de tração.
A evolução do elevador em funcionamento nestas condições tenderá a aumentar o desgaste, resultando em descarte prematuro do conjunto (cabos de tração e polia). Deve-se proceder à equalização do tensionamento dos cabos através de procedimentos de manutenção.",Rômulo,,Polia e Cabos de Tração,ok,variação no tensionamento dos cabos causando desgaste prematuro; equalização do tensionamento,08/07/2026,FALSE
3828,"Os elevadores foram instalados faltando as proteções das polias exigidas por norma.
NM207 9.6.1 As polias motrizes e polias de desvio devem ser providas com dispositivos de acordo com a tabela 3 para evitar: a) danos ao corpo humano; b) que, se frouxos, os cabos saiam de suas ranhuras; c) a introdução de objetos entre os cabos e ranhuras.
9.6.2 As proteções usadas devem ser construídas de modo que as partes girantes sejam visíveis e não atrapalhem as operações de exame e manutenção. Se elas forem perfuradas, devem atender EN 294, tabela 4. A desmontagem somente será necessária nos seguintes casos: a) troca de cabo; b) troca de polia; c) repasse das ranhuras.",Rômulo,,Polia e Cabos de Tração,ok,falta a instalação da proteção de polia,08/07/2026,FALSE
3862,"O nível de óleo da máquina de tração está abaixo da faixa mínima recomendada (a verificação foi realizada após longo repouso da máquina para acomodação do óleo). Pela tampa, observa-se que não está ocorrendo o arraste de óleo necessário à lubrificação do conjunto redutor.
Tal irregularidade sujeita o conjunto redutor, retentores, mancais e rolamentos a danos, ruidos e vibrações. Recomenda-se procedimentos de manutenção envolvendo a regularização do nível do óleo.",Eliseu,,Vedação e Vazamento,ok,"nível de óleo na máquina abaixo do recomendado, normalização do nível",08/07/2026,FALSE
4316,"Para modernização recomendamos a adequação do guarda-corpo conforme a norma:
NM 207 8.12 c) dispor de uma balaustrada quando o espaço livre no plano horizontal para além da extremidade do teto da cabina exceder 0,30 m. Esta balaustrada deve atender os seguintes requisitos: 1) no caso de caixas totalmente fechadas, a altura deve ser pelo menos de 0,70 m; no caso de caixas parcialmente fechadas a altura deve ser pelo menos 0,90 m; 2) ela deve consistir de pelo menos um corrimão, um rodapé de 0,10 m de altura e uma barra intermediária a meia altura; 3) a distância horizontal entre a borda mais exterior do corrimão e partes na caixa (contrapeso, interruptores, palhetas de atuação de interruptores, trilhos, etc) deve ser pelo menos de 0,10 m; 4) a balaustrada no lado de acesso deve prover segurança e facilidade de acesso ao topo da cabina;
",Romulo,,Modernização,revisar,"modernização, adequação do guarda corpo no topo da cabine",14/07/2026,FALSE
3751,"O freio atual da máquina de tração possui apenas uma bobina. Isso significa que, se essa única bobina falhar, o elevador não terá um sistema reserva (uma segunda frenagem) para parar a máquina de tração.

O uso de freios de bobina simples não atende aos padrões de segurança vigentes desde 1999. Para garantir a segurança dos passageiros e evitar acidentes, é recomendável a substituição do freio atual por um modelo de bobina dupla.

Essa modernização é uma exigência da Norma ABNT NBR NM 207 (Item 12.4.2.1), que determina que as peças do freio devem trabalhar em duplicata. A norma é clara ao exigir que, se uma parte do freio falhar, a outra metade deve ter força suficiente para parar o elevador sozinho.
 
NM207 12.4.2.1 [...]Todos os componentes mecânicos do freio que tomam parte na ação de freada no tambor ou disco devem ser instalados em duplicata e ter dimensões de modo que se um dos componentes não estiver trabalhando no tambor ou disco, mesmo assim deverá continuar a ser exercido um esforço de freada suficiente para redução da velocidade do carro com a carga nominal. Qualquer núcleo de bobina é considerado como sendo uma parte mecânica, enquanto que qualquer bobina não.",Eliseu,,Freio da Máquina,ok,"freio com bobina simples, deve ser bobina dupla",30/07/2026,FALSE
3829,"Os cabos de tração apresentam quebras de arames acentuadas, ao longo de toda sua extensão, concentradas em nódulos. Os nódulos são defeitos típicos de fabricação, onde a alma de cânhamo sobressai e avoluma-se por entre as pernas dos cabos. Este nódulo volumoso, ao passar pelos canais da polia de tração sofre esforços concentrados de compressão. Daí, ocorre a fadiga do metal dos arames acompanhada da concentração de quebras de forma prematura. A concentração de sujeira incorporada ao lubrificante nesta região defeituosa dos cabos (nódulos) é também típica. Ocorre devido à expulsão localizada do lubrificante da alma de cânhamo do cabo, provocada, também, como já dissemos, pelo esmagamento no ponto dos nódulos. A perda localizada do lubrificante aumenta o atrito entre as pernas e acelera o processo de fadiga e quebra dos arames. O estado geral dos cabos indica o esgotamento total de sua vida útil sendo recomendável seu descarte e substituição completa do conjunto.",Eliseu,,Polia e Cabos de Tração,ok,"cabos com arames quebrados, nódulos, descarte e substituição",08/07/2026,FALSE
3830,"Existem partes girantes expostas sujeitando a acidentes.
NM207 12 Máquinas 12.9 Proteção da maquinaria. Deve ser provida proteção efetiva para as partes girantes acessíveis que podem ser perigosas, em particular: a) chavetas e parafusos nos eixos; b) fitas, correntes e correias; c) engrenagens, pinhões; d) eixos salientes de motores; e) limitador de velocidade de bolas. Excluem-se polias motrizes com proteções de acordo com 9.6, volantes manuais, polias de freio e quaisquer peças semelhantes, redondas e lisas. Tais itens devem ser pintados de amarelo, pelo menos parcialmente.",Eliseu,,Polia e Cabos de Tração,ok,partes móveis sem proteção,08/07/2026,FALSE
3831,"O dispositivo automático para equalizar a tensão é item obrigatório por norma.
9.4 Distribuição da carga entre os meios de suspensão
9.4.1 Deve ser provido um dispositivo automático para equalizar a tensão dos meios de suspensão,
pelo menos em uma de suas extremidades.
9.4.2 Se forem usadas molas para a equalização da tensão, elas devem trabalhar à compressão.",Eliseu,,Polia e Cabos de Tração,ok,molas de equalização de tensão,08/07/2026,FALSE
3832,"A polia de tração do elevador foi constatada com aprofundamento desuniforme dos cabos nos canais. 
 
Um dos cabos de tração foi constatado se apoiando mais fundo no canal da polia do que os outros, devido a maior desgaste do canal.
 
Tal ocorrência é típica de funcionamento do elevador com desbalanceamento entre o tensionamento dos cabos de tração. Nessa situação, o cabo de tração com menor tensionamento (mais frouxo) desliza no canal da polia provocando desgaste prematuro do conjunto (polia e cabos de tração) por esmerilhamento.
 
O conjunto (polia e cabos de tração) teve sua vida útil comprometida e a execução de equalização do tensionamento dos cabos nas condições atuais tende a causar desgaste ainda maior do conjunto.
 
Todavia, o conjunto ainda preserva significante vida útil. Deve-se proceder ao acompanhamento.
 
 
Detalhe mostrando um dos cabos de tração se apoiando mais fundo do que os outros no canal da polia, devido a maior desgaste do canal.",Rômulo,,Polia e Cabos de Tração,ok,cabo aprofundado no canal da polia,08/07/2026,FALSE
3833,"Detalhe mostrando o dispositivo de lubrificação automática dos cabos de tração.
O dispositivo encontra-se inoperante e instalado de tal forma que lubrifica apenas 3 dos cabos de tração.
Recomenda-se limpeza e instalação de um dispositivo adequado.",Rômulo,,Polia e Cabos de Tração,ok,dispositivo de lubrificação automatina não atuando e pequeno demais,08/07/2026,FALSE
3863,Pela tampa do conjunto redutor verifica-se que está ocorrendo o arraste do óleo e a lubrificação adequada do conjunto coroa/sem-fim.,Eliseu,,Vedação e Vazamento,ok,"está ocorrendo arraste de óleo e lubrificação adequada, ok",08/07/2026,FALSE
3864,"A máquina de tração apresenta indícios de vazamento de óleo pelo retentor do eixo de acoplamento. Na foto do elevador, verifica-se que foi executado procedimento de reparo utilizando-se veda-juntas, todavia, verifica-se em diversos locais pontos de vazamento de óleo proveniente do Conjunto Redutor.",Eliseu,,Vedação e Vazamento,ok,"vazamento, uso de veda-juntas",08/07/2026,FALSE
3865,A máquina de tração apresenta indícios insignificantes de vazamento de óleo pela junta. Deve-se proceder a reaperto e limpeza.,Eliseu,,Vedação e Vazamento,ok,"vazamento de óleo insignificante, reaperto e limpeza",08/07/2026,FALSE
3866,"A máquina de tração apresenta vazamentos de óleo por diversas partes. Essa irregularidade pode comprometer a segurança, caso o óleo atinja as polias e os freios.
Além disso, o vazamento retira o óleo sistematicamente do conjunto redutor e contamina componentes da caixa de corrida, ao escorrer pelas aberturas do chão da casa de máquinas.
Recomenda-se a execução de reparos para eliminar os vazamentos. Após o serviço, deve-se fazer acompanhamento periódico visando certificar a vedação.",Rômulo,,Vedação e Vazamento,ok,vazamento de óleo em excesso na máquina de tração,08/07/2026,FALSE
3867,"Detalhe mostrando transbordamento de óleo proveniente do indicador de nível. A prática de se colocar óleo acima do nível adequado, em excesso, sujeita a máquina a vazamentos. Deve-se proceder à regularização através de procedimentos de manutenção.",Eliseu,,Vedação e Vazamento,ok,transbordamento de óleo pelo indicador de nível,08/07/2026,FALSE
3904,"A escada de acesso instalada no poço do elevador não se estende até acima do nível da soleira da porta, de tal forma que sujeita os técnicos a risco de acidente envolvendo queda.
Contraria a norma técnica.
NBR 7192 4.1.8.5 Nos poços deve existir acesso ao fundo que poderá ser feito do seguinte modo: a) quando pela porta do pavimento do elevador, por uma escada fixa incombustível, localizada próximo à porta e fora do caminho das partes móveis do elevador. Esta escada ou seu corrimão deve se estender até 0,80 m acima da soleira da porta de acesso;",Rômulo,,Escada de Acesso,ok,escada não se estende até acima do nivel da soleira,08/07/2026,FALSE
3905,"A escada de acesso instalada no poço do elevador não se estende até acima do nível da soleira da porta, de tal forma que sujeita os técnicos a risco de acidente envolvendo queda.
Tal irregularidade contraria a norma técnica:
NM 207 5.7.2.2 [...] O acesso, quando pela porta de pavimento do elevador, deve ser feito através de uma escada fixa incombustível, localizada próximo à porta de pavimento e fora do caminho das partes móveis do elevador. Esta escada ou seu corrimão deve estender-se até 0,80 m acima da soleira da porta de acesso.",Rômulo,,Escada de Acesso,ok,escada não se estende até acima do nivel da soleira,08/07/2026,FALSE
3906,"Falta interruptor da iluminação no poço.
NBR 16042 5.9 Iluminação da caixa [...] Em cada poço deve ser possível ligar a iluminação da caixa.",Rômulo,,Iluminação,ok,poço sem interruptor da iluminação,08/07/2026,FALSE
4088,"N4-Diversos fechos eletromecânicos estão desregulados. O contato elétrico ocorre antes do travamento mecânico das portas de pavimento. Esta irregularidade possibilita que o elevador funcione com as portas fechadas, porem, destravadas. Por norma de segurança, o fechamento do contato elétrico só deve ocorrer após o travamento de 7 mm no fecho mecânico. Contato elétrico ocorre antes do travamento mecânico das portas de pavimento",Eliseu,,"Trinco, Travamento e Contatos de Segurança",ok,"desregulados, falso travamento, norma",08/07/2026,FALSE
3834,"Durante a perícia realizada no dia 05/09/2018 foram inspecionados todos os componentes responsáveis pela fixação do cabo, assim como o próprio cabo de tração, já retirado do elevador.
O cabo de tração havia sido previamente cortado, para proceder a sua retirada. Excetuando este corte, a estrutura do cabo retirado foi constatada em perfeito estado sem indício de quebra ou danos, como os demais cabos de tração que permaneceram no elevador.
Não foi constatado indício de quebra ou dano mecânico em nenhum dos componentes de fixação das extremidades do cabo na cabina e no contrapeso: tirantes, porcas, molas e cunhas.
Todavia, uma das porcas e o contra pino do tirante da fixação do cabo ao contrapeso não foram localizados.
O contra pino faltante é responsável por impedir o escape das porcas e consequente o escape do cabo.
Observando a furação destinada ao contra pino no tirante (foto abaixo) verifica-se que o furo está com acúmulo de sujeiras, indicando que quando da ocorrência do acidente, o tirante estava sem o contra pino.
A possibilidade do rompimento do contra pino foi descartada, uma vez que não foram constatadas marcas de deformação na borda da furação do tirante e nem restos de metal do contra pino cisalhado dentro da furação. 
Considerando que o escape do cabo ocorreu mediante o escape das porcas de fixação do tirante, salvo melhor juízo, concluímos que o acidente ocorreu devido a:
falha de montagem, na qual não foi instalado o contra pino do tirante
falha de manutenção,  na qual não se detectou e corrigiu a falta do componente de segurança (contra pino) durante os procedimentos periódicos de manutenção.",Rômulo,,Polia e Cabos de Tração,ok,"pericia Ed. Iberia, cabo solto",08/07/2026,FALSE
3835,"Foi constatado que existe diferença excessiva de tensionamento entre os cabos.
Um dos cabos se apresenta frouxo, deslizando no canal da polia durante movimentação do elevador, provocando esmerilhamento e prematuro com consequente redução da vida útil.
Deve-se proceder a equalização da tensão dos cabos.",Rômulo,,Polia e Cabos de Tração,ok,"Um dos cabos frouxo, desgaste e esmerilhamento",08/07/2026,FALSE
3836,"As polias são componentes mais caros do que os cabos, seu custo de substituição é muito superior. Elas são projetadas para sofrer menos desgaste durante a operação do elevador e consequentemente durar mais.
 
O aço usado nos cabos de tração é um aço mais macio, o quê inclusive reduz a quebra dos arames. As polias, por sua vez recebem tratamento térmico de têmpera para aumentar a dureza de sua superfície e reduzir seu desgaste.
 ",Rômulo,,Polia e Cabos de Tração,ok,Informação Técnica: Cabos e Polias,08/07/2026,FALSE
3837,"Os cabos de tração dos dois elevadores foram constatados instalados excessivamente torcidos com alguns chegando a girar 14 vezes em seu próprio eixo durante o percurso do elevador.
Tal irregularidade sujeita a polia e os cabos de tração a desgaste prematuro comprometendo a vida útil do conjunto.
Tal irregularidade sujeita também ao afrouxamento e escape do cabo (na falta de cupilha no tirante), uma vez que a torção sobre os cabos sujeitam a movimentação da porca e contraporca de fixação no tirante.
Necessita regularização.",Rômulo,,Polia e Cabos de Tração,ok,Cabos de tração girando muito.,08/07/2026,FALSE
3838,"Detalhe mostrando as molas da fixação dos tirantes dos cabos de tração.
Falta o pino em um dos tirantes dos cabos de tração. Sujeita ao escape das porcas e do cabo, causando acidente grave. Necessita regularização.",Eliseu,,Polia e Cabos de Tração,ok,tirante do cabo de tração sem pino,08/07/2026,FALSE
3884,"Q3- Falta o contato elétrico do amortecedor. A Norma NBR 7192 determina: 4.7.3.4 O funcionamento do elevador somente será possível após o retorno do êmbolo do pára-choque à sua posição inicial e se o nível de óleo estiver correto. O dispositivo para detectar estas condições deve ser um contato elétrico. Se qualquer amortecedor estiver comprimido mais do que 10%, o elevador deve ser impedido de operar normalmente por meio de um interruptor elétrico arranjado e ligado adequadamente; se o nível de óleo de qualquer dos amortecedores estiver inferior ao nível mínimo permissível, o elevador deve ser impedido de operar;",Eliseu,,Amortecedores,ok,"circuitos do amortecedor, norma",08/07/2026,FALSE
3885,"Os circuitos de segurança do nível de óleo dos amortecedores hidráulicos foram suprimidos.
A prática de supressão de circuitos de segurança dos elevador é altamente condenável e compromete a segurança. Os componentes de segurança dos elevadores devem ser mantidos permanentemente em perfeitas condições de funcionamento e integridade.",Eliseu,,Amortecedores,ok,"circuitos suprimidos, segurança",08/07/2026,FALSE
3886,"Q3- O óleo do amortecedor hidráulico da cabina está deteriorado e consequentemente perdeu suas propriedades hidráulicas ideais de operação.
Os dispositivos de segurança do elevador devem ser mantidos em perfeitas condições de uso. Necessita regularização.",Eliseu,,Amortecedores,ok,óleo deteriorado,08/07/2026,FALSE
3887,"O amortecedor hidráulico do elevador está com excesso de óleo (acima do nível recomendado).
O excesso, assim como a deficiência de óleo, compromete a capacidade operacional do equipamento e as condições de uso seguro do elevador.
Necessita regularização.",Eliseu,,Amortecedores,ok,excesso de óleo no amortecedor,08/07/2026,FALSE
3888,"Os visor para verificação do óleo do amortecedor hidráulico foi constatado travado, não sendo possível sua abertura para verificação do nível de óleo, contraria a norma.
 
10.4.3.5 Os pára-choques hidráulicos devem ser construídos de modo que o nível do fluido possa ser facilmente verificado. ",Eliseu,,Amortecedores,ok,visor do nível de óleo travado,08/07/2026,FALSE
3889,"O contato elétrico do amortecedor é dispositivo obrigatório por norma e condiciona o funcionamento do elevador ao posicionamento correto do êmbolo do amortecedor e ao nível de óleo adequado.
 
A Norma NBR 7192 determina: 4.7.3.4 O funcionamento do elevador somente será possível após o retorno do êmbolo do pára-choque à sua posição inicial e se o nível de óleo estiver correto. O dispositivo para detectar estas condições deve ser um contato elétrico. Se qualquer amortecedor estiver comprimido mais do que 10%, o elevador deve ser impedido de operar normalmente por meio de um interruptor elétrico arranjado e ligado adequadamente; se o nível de óleo de qualquer dos amortecedores estiver inferior ao nível mínimo permissível, o elevador deve ser impedido de operar;",Eliseu,,Amortecedores,ok,descrição do contato elétrico do amortecedor,08/07/2026,FALSE
3839,"Os cabos de tração dos elevadores devem ser inspecionados periodicamente, para que sua substituição seja determinada sem que seu estado chegue a apresentar o perigo de uma ruptura.
Os cabos tração foram inspecionados em toda sua extensão e foram analisados:
1) A localização e concentração de fios partidos. (recomendações de critérios de descarte de cabos segundo Norma Brasileira PN-NB 192 na página seguinte).
- Foram constatadas quebras de fios esparsas, porém em número insignificante, sem qualquer comprometimento das condições de uso seguro.
2) A intensidade de desgaste por abrasão, que reduz a seção dos fios e diminui o coeficiente de segurança dos cabos de aço.
- Foi constatado leve desgaste por abrasão dos fios dos cabos, sem qualquer comprometimento das condições de uso seguro.
3) A existência de corrosão e a condição de lubrificação dos cabos.
- Não existem indícios de corrosão dos cabos.
- Os cabos apresentaram sujeira superficial, especificamente, lubrificante agregado a sujeiras, prejudicial ao tracionamento da polia. Deve-se proceder à limpeza e relubrificação dos cabos conforme orientações técnicas na página 11 deste laudo.
4) A ocorrência de decomposição da ‘alma’ de fibra ou redução em seu diâmetro, que resulta na falta de sustentação das pernas nessa região, sujeitando a um desgaste desuniforme.
- Não foi constada ocorrência de decomposição da ‘alma’ em nenhum dos cabos.
5) Distorções na estrutura resultante de manuseio, fixação ou fabricação inadequada.
- Não foi constatada distorções na estrutura de nenhum dos cabos.
6) A existência de desequilíbrio de tensionamento entre as ‘pernas’ do cabo, resultante de deslizamento ou afundamento de uma ou duas das pernas, ou de alguma das duas condições acima.
- Não foi constatado desequilíbrio de tensionamento entre as pernas em nenhum dos cabos..
7) A condição de tracionamento entre a polia e os cabos e o equilíbrio de tensionamento entre os cabos de tração.
- Os cabos foram constatados com tensionamento equilibrado e boas condições de tracionamento na polia.
 
 
Parecer Técnico: Não foi constatada nenhuma das condições acima que implique no descarte dos cabos de tração.
Os cabos de tração e polia apresentam-se em adequadas condições de uso e segurança, preservando significante vida útil remanescente, especialmente considerando tratar-se de edifício residencial de poucas paradas e pequeno tráfego.
Todavia, deve-se proceder aos procedimentos de limpeza e relubrificação detalhados na página 11 deste laudo, visando evitar corrosão dos fios e da alma dos cabos de tração, que comprometem a vida útil dos mesmos.",Romulo,,Polia e Cabos de Tração,ok,parecer técnico sobre os cabos de tração,08/07/2026,FALSE
3840,"Diversas instruções e rótulos com avisos não contem indicações em português. 
NM207 15 Avisos e instruções de operação 15.1 Disposições gerais Quaisquer rótulos, avisos e instruções de operação devem ser legíveis e facilmente compreensíveis (se necessário ajudado com sinais e símbolos). Eles devem ser indeléveis, de material durável, colocados em uma posição visível e redigidos na língua do país onde o elevador está instalado (ou, se necessário, em várias línguas).",Eliseu,,Sinalização e Identificações,ok,"identificação, idioma local, norma",08/07/2026,FALSE
3841,"Falta a placa com características técnicas da máquina de tração. A placa deve conter: 
ABNT 7192 4.12.8 Marcações: as máquinas devem ter, em lugar visível, uma placa indicando as seguintes características: a) rotação da polia, em RPM; b) velocidade nominal do carro, em m/s; c) número e diâmetro dos cabos, em mm; d) carga útil, em N.",Eliseu,,Sinalização e Identificações,ok,falta placa de dados técnicos,08/07/2026,FALSE
3842,"Na máquina de tração, falta a seta indicativa do sentido de subida e descida do carro . Esta determinação da norma visa prevenir procedimentos equivocados em situações de emergência.
NM207 15.4.3 O sentido de movimento do carro deve ser claramente indicado na máquina, próximo do volante de giro manual, ou inserida no próprio volante se o mesmo não for removível.",Eliseu,,Sinalização e Identificações,ok,falta seta indicativa do sentido de subida e descida,08/07/2026,FALSE
3843,"Os avisos, rótulos e instruções de operação dos elevadores devem estar em conformidade com a norma.
NM207 15 Avisos e instruções de operação 15.1 Disposições gerais Quaisquer rótulos, avisos e instruções de operação devem ser legíveis e facilmente compreensíveis (se necessário ajudado com sinais e símbolos). Eles devem ser indeléveis, de material durável, colocados em uma posição visível e redigidos na língua do país onde o elevador está instalado (ou, se necessário, em várias línguas).",Eliseu,,Sinalização e Identificações,ok,"dados técnicos, dificil legibilidade",08/07/2026,FALSE
3844,"Falta a identificação dos elevadores e seus componentes, conforme norma.
NM207 15 Avisos e instruções de operação 15.15 [...] Se partes de diferentes elevadores estão presentes em uma mesma casa de máquinas ou casa de polias, cada elevador deve ser identificado com um número ou uma letra invariavelmente usada em todas as partes (máquina, controle, limitador de velocidade, interruptores, etc). Para facilitar a inspeção, manutenção, etc no topo da cabina, no poço ou em outros locais, onde necessário, o mesmo símbolo de identificação deve aparecer.",Eliseu,,Sinalização e Identificações,ok,"falta a identificação dos elevadores e seus componentes, conforme norma",08/07/2026,FALSE
3845,A máquina de tração do elevador não possui o número de identificação. Necessita regularização. ,Eliseu,,Sinalização e Identificações,ok,máquina sem identificação,08/07/2026,FALSE
3846,"O suporte na parede, para guarda do dispositivo de resgate (volante) é inadequado.
NM207 12.5.1.1 Se o volante é removível, ele deve ser colocado em um lugar acessível na casa de máquinas. Ele deve ser convenientemente marcado se houver qualquer risco de confusão com referência à máquina a qual pertence.",Eliseu,,Sistema de Resgate,ok,"suporte, fixação improvisada",08/07/2026,FALSE
3847,"Falta dispositivo para operação manual de emergência.
NM207 12.5.1 12.5.1 Se o esforço manual requerido para mover o carro em subida e com a sua carga nominal não superar 400 N, a máquina deve possuir um meio manual de operação de emergência que permita levar o carro a um pavimento por intermédio de um volante liso ou, alternativamente, de uma manobra elétrica de emergência de acordo com 14.2.1.4. 12.5.1.1 ",Eliseu,,Sistema de Resgate,ok,falta dispositivo de operação manual de emergência,08/07/2026,FALSE
3848,"O volante da máquina de tração é do tipo ""chifre"", sujeitando a acidentes. O volante deve ser liso.
NM207 12.5.1 12.5.1 Se o esforço manual requerido para mover o carro em subida e com a sua carga nominal não superar 400 N, a máquina deve possuir um meio manual de operação de emergência que permita levar o carro a um pavimento por intermédio de um volante liso ou, alternativamente, de uma manobra elétrica de emergência de acordo com 14.2.1.4. 12.5.1.1 ",Eliseu,,Sistema de Resgate,ok,volante tipo chifre,08/07/2026,FALSE
3903,"A escada de acesso instalada no poço do elevador não atende à norma.
NBR 7192 4.1.8.5 Nos poços deve existir acesso ao fundo que poderá ser feito do seguinte modo: a) quando pela porta do pavimento do elevador, por uma escada fixa incombustível, localizada próximo à porta e fora do caminho das partes móveis do elevador. Esta escada ou seu corrimão deve se estender até 0,80 m acima da soleira da porta de acesso;",Rômulo,,Escada de Acesso,ok,escada de acesso não atende à norma,08/07/2026,FALSE
4009,Os tubos dos pesos de fechamento automático das portas de pavimento estão fixados com sucatas de material (pedaços de fios).Tal irregularidade deprecia e sucateia o equipamento,Eliseu,,Limpeza,ok,"nos tubos de pesos, limpeza",08/07/2026,FALSE
4010,"Reboco soltando-se junto aos marcos da porta de pavimento, sujeitando a queda de pedaços de alvenaria sobre a cabina, e acidentes.",Eliseu,,Limpeza,ok,reboco soltando nos marcos,08/07/2026,FALSE
4011," Vista geral interna à caixa de corrida mostrando a suspensão de uma das portas de pavimento. As portas de pavimento estão com um funcionamento pesado e ruidoso. Tal irregularidade é causada pelo acúmulo de sujeira, ressecamentos e falta de ajustes em seus componentes e mecanismos. Deve-se proceder a limpeza ajuste e lubrificação.",Eliseu,,Limpeza,ok,"nas estruturas, funcionamento pesado, desgaste, limpeza",08/07/2026,FALSE
3849,"O sistema de resgate de passageiros em situação de emergência não atende a norma:
1) A máquina não é capaz de ser acionada manualmente.
NM207 12.4 Sistema de freada 12.4.2 Freio eletromecânico 12.4.2.4 Qualquer máquina montada com o dispositivo de operação manual de emergência (12.5.1) deve ser capaz de ser acionada manualmente e deve requerer um esforço permanente para manter o freio aberto.
 
2) Durante as operações de resgate, a partir do quadro de comando, não dispõe de uma forma de verificar o nivelamento em relação ao pavimento, velocidade e sentido de deslocamento da cabina.
NBR 16042 6.6.2 O(s) painel(éis) deve(m) ser providos com:[...] c) visor para uma observação direta da máquina ou dispositivos mostradores que informem 1) o sentido de movimento do carro; 2) a chegada a uma zona de destravamento de porta de pavimento; e 3) a velocidade do elevador.
 
Durante a inspeção, constatou-se que a alavanca de abertura de freio (dispositivo de operação manual de emergência) está sujeita a travamento quando acionada, mantendo o freio aberto. Tal irregularidade é grave, uma vez que possibilita que a cabina/contrapeso entre em movimento de queda livre.",Eliseu,,Sistema de Resgate,ok,o sistema de resgate não atende a norma e a alavanca de abertura do freio está sujeita a travamento,08/07/2026,FALSE
3850,"No eixo do motor, falta o dispositivo elétrico de segurança, acionado pelo volante de operação de resgate de passageiros em situações de emergência.
NM207 12.5 Operação de emergência: Um dispositivo elétrico de segurança de acordo com 14.1.2 deve ser atuado impedindo o funcionamento do motor quando o volante for colocado na máquina.",Eliseu,,Sistema de Resgate,ok,"falta dispositivo impedindo funcionamento, norma",08/07/2026,FALSE
3851,"O gerador de pulsos (encoder) instalado no eixo do motor de tração impossibilita a instalação do volante de operação de resgate de passageiros em situações de emergência exigida pela Norma.
Neste caso, obrigatoriamente o quadro de comando deverá dispor de um dispositivo que permita a manobra elétrica de emergência para resgate de passageiros.
NM207 12.5.1 12.5.1 Se o esforço manual requerido para mover o carro em subida e com a sua carga nominal não superar 400 N, a máquina deve possuir um meio manual de operação de emergência que permita levar o carro a um pavimento por intermédio de um volante liso ou, alternativamente, de uma manobra elétrica de emergência de acordo com 14.2.1.4. 12.5.1.1 ",Eliseu,,Sistema de Resgate,ok,encoder instalado no eixo do motor impedindo a instalação do volante de resgate,08/07/2026,FALSE
3852,"NBR NM 16858-1 5.9.2.3 Operação de emergência 5.9.2.3.1 Onde um meio de operação de emergência é exigido, ele deve consistir de: b) um meio elétrico de acordo com o seguinte: 1) a fonte de alimentação deve ser capaz de mover o carro com qualquer carga para um pavimento adjacente dentro de 1 h após uma pane. b) a velocidade não pode ser superior a 0,30 m/s. ",Rômulo,,Sistema de Resgate,ok,Exigência NBR NM 16858 para resgate elétrico,08/07/2026,FALSE
3853,"Vista geral mostrando as máquinas de tração. Compostas basicamente de motor, polia de tração e freio. Proporcionam, através de polias e de cabos de tração, o movimento de subida e descida da cabina e do contrapeso. Além disso, são dotadas de freio eletromecânico capaz de manter a cabina paralisada. Os cabos de tração passam pela polia e são fixados na suspensão da cabina e contrapeso",Eliseu,,Vedação e Vazamento,ok,"vista geral, explicação do mecanismo",08/07/2026,FALSE
3854," O óleo proveniente de vazamento do redutor da máquina de tração escorre pelo piso da casa de máquinas gotejando sobre a cabina através da passagem dos cabos pela laje. O óleo gotejado sobre a cabina ora sujeita os técnicos a escorregões e acidentes, ora goteja sobre os passageiros no interior da mesma. 
NM207 6.3.4 As dimensões de furos na laje e piso da casa de máquinas devem ser reduzidas ao mínimo. Para evitar que objetos situados sobre a caixa caiam pelas aberturas, incluindo aquelas para os cabos elétricos, devem ser feitos ressaltos no mínimo 50 mm acima da laje ou piso acabado.",Eliseu,,Vedação e Vazamento,ok,óleo vazando da máquina escorrendo sobre o piso e indo para a caixa de corrida,08/07/2026,FALSE
3855,"A máquina de tração apresenta vazamento de óleo do redutor pelo retentor do eixo de acoplamento, pelas juntas e pelos mancais. Vazamento de óleo em excesso causa sujidades e respingos, pode comprometer a máquina, impregnar a polia e cabos de tração prejudicando a condição de tracionamento. Pode ainda atingir as lonas de freio comprometendo a frenagem. Deve-se proceder a reparos, substituição do óleo, limpeza geral, inclusive dos cabos, polia e freio, quando atingidos. Após as regularizações deve-se fazer acompanhamento periódico visando certificar a vedação dos vazamentos.",Eliseu,,Vedação e Vazamento,ok,"vazamento de óleo pelo redutor, acompanhamento e manutenção",08/07/2026,FALSE
3856,"O nível de óleo do conjunto redutor está acima do recomendado. Excessos, assim como deficiências de óleo, sujeitam o equipamento a condições irregulares de lubrificação e a vazamentos.",Eliseu,,Vedação e Vazamento,ok,nível de óleo no conjunto redutor acima do recomendado,08/07/2026,FALSE
3857,"Observa-se pelos visores dos mancais dos motores das máquinas de tração que a falta de óleo nos mancais já atingiu um estado comprometedor, impossibilitando visualizar a presença de óleo pelo visor (a verificação foi realizada após longo repouso da máquina para acomodação do óleo). A falta de lubrificação adequada sujeita retentores de óleo a danos e futuros vazamentos, mancais e rolamentos a danos, ruídos e vibrações. Os visores devem ser mantidos limpos e o óleo deve ser colocado nas marcas de nível adequadas.",Eliseu,,Vedação e Vazamento,ok,"nível de óleo muito baixo, consequências, manutenção",08/07/2026,FALSE
3858,"No motor de tração do elevador está ocorrendo vazamento de graxa na parte inferior do rolamento, contaminando os coletores. Tal irregularidade sujeita os carvões a mau contato elétrico e perda de potência nos motores.",Eliseu,,Vedação e Vazamento,ok,"vazamento de graxa, consequências",08/07/2026,FALSE
3859,"A bucha do mancal do motor apresenta-se desgastada, com folgas e vazamento acentuado de óleo. Recomenda-se procedimentos de manutenção envolvendo a substituição da bucha e regularização do nível de óleo.",Eliseu,,Vedação e Vazamento,ok,"borrachas danificadas, óleo, vazamento",08/07/2026,FALSE
3860,"Está ocorrendo vazamento de óleo lubrificante do mancal para as partes internas do motor de tração, contaminando as escovas e bobinas. As contaminações sujeitam os isolamentos a danos e, consequentemente, a curto circuito nas bobinas e queima do motor. Deve-se proceder à regularização através de procedimentos de manutenção.",Eliseu,,Vedação e Vazamento,ok,"óleo, vazamento para as escovas podendo causar queima do motor",08/07/2026,FALSE
3861,"Existe óleo de vazamento do retentor da máquina de tração atingindo as lonas do freio, comprometendo as boas condições de frenagem do conjunto e a condição de uso seguro do equipamento. Deve-se fazer a limpeza, regulagem e relubrificação das articulações do conjunto.",Eliseu,,Vedação e Vazamento,ok,"vazamento de óleo comprometendo as condições de frenagem, manutenção",08/07/2026,FALSE
4355,"A folha da porta da cabina encontra-se desalinhada de forma que uma de suas extremidades projeta-se excessivamente para o interior da cabina. 
Esse desalinhamento gera atrito continuo no canal da soleira, resultando no desgaste acentuado e danos na corrediça de náilon. 
Tal irregularidade sujeita a porta a um funcionamento pesado, ruidoso e com solavancos durante os movimentos de abertura e fechamento, além de provocar desgaste prematuro nos mecanismos do operador de portas e comprometer o conforto dos passageiros.
Necessita de regularização técnica através da remontagem e realinhamento das folhas da porta da cabina, bem como a substituição da corrediça desgastada por uma nova de procedência certificada.
",Romulo,,Porta da Cabina,revisar,"Desalinhamento, Folha da Porta, Corrediça de Náilon, Atrito na Soleira, Funcionamento Ruidoso, Realinhamento de Portas, Operador de Portas",11/08/2026,FALSE
3868,"A máquina de tração do elevador apresenta indícios de vazamento de óleo pelo retentor do eixo de acoplamento, eixo da polia, juntas e mancais. Muitas vezes os vazamentos são insignificantes e remontam a um longo período sem limpeza, são provenientes de procedimentos de lubrificação inadequados ou de excesso de óleo no conjunto redutor. Deve-se fazer a limpeza, reaperto e acompanhamento periódico visando avaliar a origem e proporção destes vazamentos ao longo do tempo. Caso, então, se constate alta reincidência que os justifiquem, deve-se proceder a reparos. É rotineiro que reparos nos retentores voltem a apresentar vazamentos pouco tempo após a execução dos serviços. Desta forma a recorrência dos vazamentos deverá ser certificada dentro do período de garantia dos serviços. Finalmente, vale ressaltar ser rotineiro encontrar máquinas novas, apresentando tais vazamentos já na instalação.",Eliseu,,Vedação e Vazamento,ok,"vazamento de óleo pelo redutor, acompanhamento e manutenção",08/07/2026,FALSE
3869,"NM207 6.3.2.1 As dimensões do recinto devem ser suficientes para permitir ao pessoal de manutenção chegar e alcançar com facilidade e segurança todos os componentes, especialmente o equipamento elétrico. 
As passagens dentro do recinto devem estar livres de obstruções e possuir as larguras mínimas seguintes: 
Em máquinas: 
0,5 m em dois lados adjacentes, um dos quais deve permitir o acionamento manual e cômodo da máquina de tração.
 ",Eliseu,,Sem Subcategoria,ok,"norma, acesso à máquina, dimensões",08/07/2026,FALSE
3870,"Vista geral mostrando a máquina de tração do elevador, instalada na casa de máquinas. 
A máquina de tração, o freio e seus contatos elétricos de segurança foram inspecionados e testados quanto ao seu funcionamento. Não constatamos irregularidades.
Os cabos de tração foram inspecionados ao longo de toda sua extensão, não constatamos irregularidades em sua estrutura e nem em sua montagem.",Rômulo,,Sem Subcategoria,ok,"máquina foi inspecionada, ok",08/07/2026,FALSE
3871,NM 207 10.6 Dispositivos de segurança para casos em que o carro ou o contrapeso encontre um obstáculo durante a descida 10.6.1 Os elevadores devem possuir um dispositivo que cause a parada do elevador e mantenha-o parado se: a) for dada uma partida e a máquina não girar; b) o carro (ou o contrapeso) for parado em descida por um obstáculo que cause o deslizamento dos cabos na polia motriz.,Romulo,,Sem Subcategoria,ok,"parada do elevador em casos de: 1)dar partida e a maquina nao girar 2)dar partida, haver obstáculo, e os cabos deslizarem na polia",08/07/2026,FALSE
3872,"Vista geral mostrando a máquina de tração do elevador, instalada na parte superior da caixa de corrida. 
A máquina de tração, o freio e seus contatos elétricos de segurança foram inspecionados e testados quanto ao seu funcionamento. Não constatamos irregularidades.
Os cabos de tração foram inspecionados ao longo de toda sua extensão, não constatamos irregularidades em sua estrutura e nem em sua montagem.",Eliseu,,Sem Subcategoria,ok,"máquina de tração MRLS inspecionada, OK",08/07/2026,FALSE
3873,"Deve existir botão soco na plataforma, conforme norma.
 
ISO 9386-1 9.2.2.5 8.15.5 Um interruptor de segurança biestável deve ser montado na plataforma de forma que, quando operado, deve interromper diretamente o circuito de segurança. Este interruptor deve estar claramente visível e acessível ao usuário, fácil de operar e protegido contra operação involuntária ou por posicionamento ou por projeto.",Rômulo,,Botoeira,ok,Falta botão soco na plataforma,08/07/2026,FALSE
3874,"Faltam as placas de avisos, informações e sinalizações na plataforma
 
ISO 9386-1 13.2 Na plataforma 13.2.1 Avisos contendo as informações mínimas indicadas abaixo devem ser exibidos na plataforma: a) carga nominal, em quilogramas, e o número máximo de pessoas que podem ser transportadas (a altura dos caracteres indicando as condições de carga nominal deve ser de no mínimo 1 O mm para letras maiúsculas e números e 7 mm para letras minúsculas); um exemplo de uma etiqueta típica de carga nominal é mostrado na Figura 11; b) o nome do fabricante, número de série e ano de instalação. ",Rômulo,,Sinalizações e Identificação,ok,"faltam as placas de avisos, informações e sinalizações na plataforma",08/07/2026,FALSE
3875,"Q3-. O contato do circuito de segurança do nível de óleo do amortecedor está falhando, causando interrupção no funcionamento do elevador. Necessita regularização.",Eliseu,,Amortecedores,ok,"contato do nível de óleo falhando, regularização",08/07/2026,FALSE
3876,Q3 - O contato do amortecedor hidráulico instalado sob a cabina está inoperante. Os componentes de segurança dos elevadores devem ser mantidos permanentemente em perfeitas condições de funcionamento e integridade.,Eliseu,,Amortecedores,ok,"circuito inoperante, segurança",08/07/2026,FALSE
3877,"Q3-Compare o trecho roscado da tampa de óleo do amortecedor hidráulico deste elevador com a tampa dos amortecedores dos outros elevadores. Observe que neste caso o trecho roscado é longo, garantindo a segurança do dispositivo.",Eliseu,,Amortecedores,ok,"recho roscado curto, segurança",08/07/2026,FALSE
3878,"Q3-Falta a tampa do limite, quando o amortecedor hidráulico é acionado a haste não retorna para a posição de acionamento do limite. Os componentes de segurança dos elevadores devem ser mantidos permanentemente em perfeitas condições de funcionamento.",Eliseu,,Amortecedores,ok,"contato elétrico, haste não retorna",08/07/2026,FALSE
3879,"Q3-Faltam as camisas de proteção dos pistões do amortecedores hidráulicos, expondo o êmbolo a poeira. A poeira ao depositar no êmbolo danifica os retentores e provoca travamento do pistão, comprometendo gravemente a segurança",Eliseu,,Amortecedores,ok,"faltam as camisas de proteção, sujeira, travamento",08/07/2026,FALSE
3880,Q3-O nível de óleo do amortecedor hidráulico da cabina está baixo. A deficiência de óleo compromete a capacidade operacional do equipamento e as condições de uso seguro do elevador. Necessita regularização.,Eliseu,,Amortecedores,ok,"nível de óleo baixo, regularização, segurança",08/07/2026,FALSE
3881,"Q3-O trecho roscado da tampa do óleo é mínimo, sendo incapaz de suportar a pressão quando o pistão receber a carga da cabina e contrapeso. Neste caso a tampa do pistão tende a saltar deixando escapar o óleo sem absorver o impacto. Compromete a segurança",Eliseu,,Amortecedores,ok,"trecho roscado curto, irregular, segurança",08/07/2026,FALSE
3882,"Q3-Os amortecedores dos elevadores estão com os êmbolos tomados por ferrugens e sujeira que comprometem sua capacidade para absorção de impacto no choque da cabina e contrapeso, podendo inclusive ficar preso. Todos os amortecedores estão faltando as camisas que protegem os êmbolos das oxidações e sujeira. Recomendamos que as camisas sejam repostas. Irregularidades nos amortecedores comprometem gravemente segurança.",Eliseu,,Amortecedores,ok,"faltando camisas, sujeira, travados, substituição, segurança",08/07/2026,FALSE
3883,Q3-Os amortecedores estão com os êmbolos tomados por ferrugens que comprometem sua capacidade de absorção do impacto do choque da cabina e contrapeso. O amortecedor da cabina está completamente preso. As camisas dos amortecedores estão completamente podres. Irregularidades nos amortecedores comprometem a segurança.,Eliseu,,Amortecedores,ok,"faltando camisas, sujeira, travados, substituição, segurança",08/07/2026,FALSE
3890,"Em três dos quatro amortecedores dos elevadores, o circuito de segurança do nível de óleo do amortecedor foi constatado eliminado eletricamente (jumpeado).
A prática de eliminação de circuitos de segurança é ato intencional fortemente condenável e compromete gravemente a segurança.
A Norma NBR 7192 determina: 4.7.3.4 O funcionamento do elevador somente será possível após o retorno do êmbolo do pára-choque à sua posição inicial e se o nível de óleo estiver correto. O dispositivo para detectar estas condições deve ser um contato elétrico. Se qualquer amortecedor estiver comprimido mais do que 10%, o elevador deve ser impedido de operar normalmente por meio de um interruptor elétrico arranjado e ligado adequadamente; se o nível de óleo de qualquer dos amortecedores estiver inferior ao nível mínimo permissível, o elevador deve ser impedido de operar;
 
Detalhes mostrando contatos eliminados eletricamente. A prática de eliminação de circuitos de segurança é ato intencional fortemente condenável 
 
Detalhe mostrando os dois fios ligados no mesmo terminal, eliminando o contato de segurança.",Rômulo,,Amortecedores,ok,contato dos circuitos do nível de óleo do amortecedor eliminado.,08/07/2026,FALSE
3891,"Detalhe mostrando placa de característica técnica do amortecedor.
 
As instruções dos equipamentos devem conter indicações em português. Tal irregularidade contraria a norma. 
 
NM 207 15 Avisos e instruções de operação 15.1 Disposições gerais Quaisquer rótulos, avisos e instruções de operação devem ser legíveis e facilmente compreensíveis (se necessário ajudado com sinais e símbolos). Eles devem ser indeléveis, de material durável, colocados em uma posição visível e redigidos na língua do país onde o elevador está instalado (ou, se necessário, em várias línguas).",Eliseu,,Amortecedores,ok,,08/07/2026,FALSE
3892,"Falta interruptor fundo do poço: Fornecer e instalar interruptor tipo soco, tomada, iluminação, etc., conforme norma NM 207Norma 4.1.8.6 Em todos os poços, junto à porta de inspeção aos mesmos, deve existir para cada elevador um interruptor de segurança que interrompa o circuito de comando.",Eliseu,,Botão Stop e Caixa de Inspeção,ok,"falta botão tipo soco, norma",08/07/2026,FALSE
3893,Q1-Vista geral do fundo do poço. O interruptor do fundo do poço não atende à Norma. Os dispositivos de parada devem consistir de dispositivos elétricos de segurança de acordo com 14.1.2. Eles devem ser biestáveis e de modo que o retorno ao serviço não possa resultar de uma ação involuntária. Estes dispositivos devem ser do tipo “botão de soco”.,Eliseu,,Botão Stop e Caixa de Inspeção,ok,"não atende a norma, tipo soco, norma",08/07/2026,FALSE
3894,"Q2-4.1.8.6 Em todos os poços, junto à porta de inspeção aos mesmos, deve existir para cada elevador um interruptor de segurança que interrompa o circuito de comando.",Eliseu,,Botão Stop e Caixa de Inspeção,ok,deve haver um botão tipo soco para cada elevador,08/07/2026,FALSE
3895,"Q2-O interruptor instalado no poço do elevador não é acessível da porta de acesso e do piso do poço. Contraria a norma técnica. Deve-se instalar interruptor adicional ou reposiciona-lo.
NM 207 5.7.2.4 Deve existir no poço, disponível para o pessoal de manutenção: a) um interruptor, facilmente acessível da porta de acesso e do piso do poço, que pare o elevador e mantenha-o parado e que não tenha risco de engano sobre a posição de parada correspondente. Um interruptor adicional poderá ser requerido se estas condições não puderem ser atendidas simultaneamente por um único interruptor.",Eliseu,,Botão Stop e Caixa de Inspeção,ok,"não está acessível, norma",08/07/2026,FALSE
3896,"O interruptor de emergência tipo ""botão soco"" instalado no poço do elevador não é facilmente acessível  simultaneamente da porta de acesso e do piso do elevador. A Norma determina que um interruptor adicional, em série, seja instalado para cumprir esta função.
 
5.7.2.4 Deve existir no poço, disponível para o pessoal de manutenção: 
a) um interruptor, facilmente acessível da porta de acesso e do piso do poço, que pare o elevador e mantenha-o parado e que não tenha risco de engano sobre a posição de parada correspondente (ver 15.7). 
 
Um interruptor adicional poderá ser requerido se estas condições não puderem ser atendidas simultaneamente por um único interruptor. 
Este(s) interruptor(es) deve(m) atender os requisitos de 14.2.2.2;  
 
 ",Máximo,,Botão Stop e Caixa de Inspeção,ok,"Botão soco Inacessível, necessita segundo",08/07/2026,FALSE
3897,"Falta identificação adequada do interruptor de segurança.
 
NBR 12892 15.7 Poço Sobre ou junto ao interruptor de parada do poço deve estar o símbolo ‘STOP’, colocado de modo que não haja perigo de engano sobre a posição de parada. ",Rômulo,,Botão Stop e Caixa de Inspeção,ok,identificação do interruptor de segurança,08/07/2026,FALSE
3898,O interruptor de segurança (botão soco) é o dispositivo de segurança usado pelo pessoal técnico para interromper o funcionamento do elevador antes de entrar no poço.,Rômulo,,Botão Stop e Caixa de Inspeção,ok,"botão soco, o que é",08/07/2026,FALSE
3899,"O interruptor de segurança no poço do elevador foi constatado inoperante.
O botão soco (interruptor de segurança) é um dispositivo obrigatório por norma para ser usado pelo pessoal técnico interromper o funcionamento do elevador antes de entrar no poço.
 NM 207 5.7.2.4 Deve existir no poço, disponível para o pessoal de manutenção: 
um interruptor, facilmente acessível da porta de acesso e do piso do poço, que pare o elevador e mantenha-o parado e que não tenha risco de engano sobre a posição de parada correspondente (ver 15.7). 
Os destinados à segurança do elevador devem ser mantidos permanentemente em perfeitas condições de uso e funcionamento. 
Necessita regularização.",Rômulo,,Botão Stop e Caixa de Inspeção,ok,botão soco inoperante,08/07/2026,FALSE
3900,Q1- O Interruptor do fundo do poço está inoperante. Contraria a Norma. Compromete a segurança de acesso,Eliseu,,Botão Stop e Caixa de Inspeção,ok,"inoperante, segurança",08/07/2026,FALSE
3901,"Falta a instalação da escada de acesso no poço dos elevadores, item de segurança exigido por norma:
NM207 5.7.2.2. [...] O acesso, quando pela porta de pavimento do elevador, deve ser feito através de uma escada fixa incombustível, localizada próximo à porta de pavimento e fora do caminho das partes móveis do elevador. Esta escada ou seu corrimão deve estender-se até 0,80 m acima da soleira da porta de acesso.
Essa exigência da norma visa evitar que um técnico sofra acidente envolvendo queda durante sua descida ao poço do elevador.
Necessita regularização.",Rômulo,,Escada de Acesso,ok,"falta escada de acesso, norma",08/07/2026,FALSE
3902,"A escada de acesso ao poço do elevador está com os chumbadores totalmente frouxos, sujeitando os técnicos a acidentes envolvendo queda. A escada de acesso é item de segurança exigido por norma. É necessário realizar a fixação adequada.",Rômulo,,Escada de Acesso,ok,escada com o chumbador frouxo,08/07/2026,FALSE
4012,Vista geral mostrando as portas de pavimento pelo lado interno da caixa de corrida. As portas apresentam-se com acúmulo de poeira e sujeira sujeitando a mau contato elétrico nos trincos e paralisações dos elevadores. A limpeza deve fazer parte dos procedimentos periódicos de manutenção.,Eliseu,,Limpeza,ok,"nas estruturas, mau contato elétrico, paralização",08/07/2026,FALSE
3907,"Q2-Falta instalar interruptor no poço para alimentação da iluminação da caixa de corrida.
O interruptor no poço é item exigido por norma:
NM207 13.6.3.2 [...] Os interruptores da iluminação da caixa devem ser colocados na casa de máquinas e no poço, para que a iluminação possa ser comandada de ambos os lugares.
Essa exigência visa proporcionar condições adequadas para manutenção e inspeção dos componentes instalados na caixa de corrida.
Necessita regularização.",Rômulo,,Iluminação,ok,poço sem interruptor para iluminação,08/07/2026,FALSE
3908,"Q2-Falta tomada no poço.4.1.8.3 Em cada poço deve existir um ponto de luz de forma a assegurar o iluminamento mínimo de 50 lx no piso do poço, acionado por um interruptor facilmente acessível pela porta de acesso ao poço. Deve existir também uma tomada de, no mínimo, 600 W.",Eliseu,,Iluminação,ok,"ponto de luz e tomada, norma",08/07/2026,FALSE
3909,"Q2-Norma 4.1.8.6 Em todos os poços, junto à porta de inspeção aos mesmos, deve existir para cada elevador um interruptor de segurança que interrompa o circuito de comando.",Eliseu,,Iluminação,ok,norma,08/07/2026,FALSE
3910,"Q2-O interruptor e tomada instalados são inadequados para os procedimentos técnicos no fundo do poço Q2-4.1.8.3 Em cada poço deve existir um ponto de luz de forma a assegurar o iluminamento mínimo de 50 lx no piso do poço, acionado por um interruptor facilmente acessível pela porta de acesso ao poço. Deve existir também uma tomada de, no mínimo, 600 W.Os dispositivos de parada devem consistir de dispositivos elétricos de segurança. Eles devem ser biestáveis e de modo que o retorno ao serviço não possa resultar de uma ação involuntária. Estes dispositivos devem ser do tipo “botão de soco”.",Eliseu,,Iluminação,ok,"instalações elétricas e botão tipo soco, norma",08/07/2026,FALSE
3911,"Falta instalação de lâmpada no poço do elevador.
NM16042 5.9 Iluminação da caixa [...] Esta iluminação deve compreender uma lâmpada a 0,5 m no máximo em cada um dos pontos mais alto e mais baixo da caixa e lâmpadas intermediária.",Rômulo,,Iluminação,ok,"poço sem lâmpada, 16042",08/07/2026,FALSE
3912,Q6-Vista geral da polia tensora da fita seletora. A polia tensora foi constatada com o contato de segurança calçado por papelão. A prática de eliminação de circuitos de segurança é ato intencional fortemente condenável e compromete gravemente a segurança,Eliseu,,Iluminação e Instalações Elétricas,ok,"contato eliminado, calçado com papelão, segurança",08/07/2026,FALSE
3913,Q1-AGUA NO POÇO. Uma das maiores empresas de manutenção de elevadores do Brasil em seus manuais orienta seus técnicos a adotarem os seguintes procedimentos face à constatação de água no fundo do poço:1) Na casa de máquinas verificar a existência de massa.2)Posicionar o elevador no penúltimo pavimento superior e desligar a chave geral.3)Comunicar ao cliente o motivo da paralisação do elevador e orientá-lo para que remova a água do poço.4)Abrir ficha de recado constando o número da obra e o motivo da paralisação.4)O elevador deve permanecer desligado até que todas as peças eventualmente necessárias sejam substituídas e seja constatada a não existência de umidade (não existência de massa). Procedimentos básicos como esses certamente impediriam ônus desnecessário com substituição de componentes oxidados e impediriam que as instalações desse elevador atingissem tal estágio de precariedade e comprometimento da segurança.,Eliseu,,Infiltração e Drenagem,ok,procedimento de manutenção,08/07/2026,FALSE
3914,Q1-O poço do elevador está com acúmulo de água. Tal irregularidade impossibilita o acesso dos técnicos para a execução dos serviços de manutenção. Oxida os componentes de segurança instalados no fundo do poço. Contraria a Norma. Recomendamos a impermeabilização do poço. Caso não solucione o problema recomendamos como ultimo recurso a instalação de bomba automática tipo sapo.,Eliseu,,Infiltração e Drenagem,ok,"impossibilita acesso, regularização",08/07/2026,FALSE
3915,Q1-O poço do elevador está com acúmulo de água. Tal irregularidade impossibilita o acesso dos técnicos para a execução dos serviços de manutenção. Oxida os componentes de segurança instalados no fundo do poço. Contraria a Norma. Recomendamos a impermeabilização do poço e a instalação de bomba automática tipo sapo com capacidade adequada.,Eliseu,,Infiltração e Drenagem,ok,"impossibilita acesso, regularização",08/07/2026,FALSE
3916,"Q1-O poço do elevador está com acúmulo de água. Tal irregularidade impossibilita o acesso dos técnicos para a execução dos serviços de manutenção. Oxida os componentes de segurança instalados no fundo do poço. Recomendamos a impermeabilização do poço e a instalação de bomba automática tipo sapo com capacidade adequada. As instalações elétricas, estranhas ao elevador, no poço do elevador 4, estão em situação precária sujeitando os componentes a mau funcionamento e queimas por curto circuitos.",Eliseu,,Infiltração e Drenagem,ok,"impossibilita acesso, regularização",08/07/2026,FALSE
3917,"Q1-Existem indícios de infiltração pela parede do poço, junto à luminária. O ambiente do deve ser seco, arejado e limpo, visando preservar as boas condições de funcionamento e a vida útil dos componentes.",Eliseu,,Infiltração e Drenagem,ok,indícios de infiltração,08/07/2026,FALSE
3918,"Q1-Existem indícios de infiltração pela parede do poço, junto à luminária. O ambiente do deve ser seco, arejado e limpo, visando preservar as boas condições de funcionamento e a vida útil dos componentes.",Eliseu,,Infiltração e Drenagem,ok,"infiltração no poço, deve ser seco, arejado, etc",08/07/2026,FALSE
3919,"A falta de acesso adequado e a presença de água nos poços acaba levando a um quadro de falta de manutenção nos equipamentos instalados nos poços.
Este quadro se agrava devido à degradação prematura que a presença de água provoca nos componente.
Após regularizado o acesso e impermeabilização dos poços, os equipamentos instalados devem passar por revisão geral.",Eliseu,,Infiltração e Drenagem,ok,"água no poço e sem escada, falta de manutenção",08/07/2026,FALSE
3920,"A falta de acesso adequado e a presença de água nos poços acaba levando a um quadro de falta de manutenção nos equipamentos instalados nos poços.
Este quadro se agrava devido à degradação prematura que a presença de água provoca nos componente.
Após regularizado o acesso e impermeabilização dos poços, os equipamentos instalados devem passar por revisão geral.",Eliseu,,Infiltração e Drenagem,ok,,08/07/2026,FALSE
3921,Existe infiltração de água no interior da caixa proveniente de obra civil. Compromete a integridade do equipamento sujeitando a danos e oxidações.,Eliseu,,Infiltração e Drenagem,ok,infiltração na caixa devido a obra civil,08/07/2026,FALSE
3922,"Existe infiltração de umidade no interior da caixa. O ambiente deve ser seco, arejado e limpo, visando preservar as boas condições de funcionamento e a vida útil dos componentes.",Eliseu,,Infiltração e Drenagem,ok,infiltração na caixa,08/07/2026,FALSE
3923,"Q1- NBR 7192 4.1.9 Uso exclusivo da caixa. Nenhum outro equipamento, além do necessário para a instalação do elevador, deve existir na caixa e poço.",Eliseu,,Limpeza,ok,equipamento estranho,08/07/2026,FALSE
3924,"Q1-Acúmulo de óleo derramado no chão do poço proveniente de lubrificação inadequada e derramamentos. O óleo impregna o piso e contamina o ambiente, ao ser pisado suja o hall dos pavimentos e sujeita a acidentes. Devem ser providenciados a limpeza e procedimentos adequados de lubrificação. Poços com acúmulo de óleo derramado via de regra afugentam os técnicos responsáveis pelos serviços de manutenção. A consequência é que os diversos dispositivos de segurança instalados no fundo do poço ficam abandonados.",Eliseu,,Limpeza,ok,"lubrificação inadequada, contaminação, afugenta técnicos",08/07/2026,FALSE
3925,Q1-Vista geral mostrando os equipamentos do elevador instalados no fundo do poço. Os mecanismos e estruturas no fundo do poço estão com acúmulo de sujeira. A limpeza deve fazer parte dos procedimentos periódicos de manutenção. O poço deve ser mantido permanentemente limpo.,Eliseu,,Limpeza,ok,"vista geral, limpeza",08/07/2026,FALSE
3926,Q3-Amortecedores de mola com acúmulo de sujeira em seu interior. A limpeza deve fazer parte dos procedimentos periódicos da manutenção.,Eliseu,,Limpeza,ok,"Amortecedores de mola, sujeira",08/07/2026,FALSE
3927,Q5-Vista geral da polia tensora dos cabos de compensação. O conjunto apresenta-se ressecado e com sujeira. Necessita procedimentos de manutenção. Os componentes de segurança dos elevadores devem ser mantidos permanentemente em perfeitas condições de funcionamento.,Eliseu,,Limpeza,ok,"na polia tensora, resecada",08/07/2026,FALSE
3928,Q6-Vista geral da polia tensora da fita seletora. Os mecanismos e contatos elétricos estão com acúmulo de sujeira. Os componentes de segurança dos elevadores devem ser mantidos permanentemente em perfeitas condições de funcionamento.,Eliseu,,Limpeza,ok,"na polia tensora da fita seletora, limpeza",08/07/2026,FALSE
3929,Q1 - Existe entulho acumulado no fundo do poço de todos os elevadores. Contraria a norma. Compromete acesso e higiene do poço.,Eliseu,,Limpeza,ok,"entulho no fundo do poço, higiene",08/07/2026,FALSE
3930,Existe óleo derramado no chão do poço do elevador proveniente de lubrificação inadequada das guias. O óleo impregna o piso e contamina o ambiente. Ao ser pisado suja o hall dos pavimentos e sujeita a acidentes Deve ser providenciada a limpeza e procedimentos adequados de lubrificação das guias. Recomenda-se a instalação de coletores de óleo.,Rômulo,,Limpeza,ok,sujeira  e óleo geral,08/07/2026,FALSE
3931,"Os mecanismos e estruturas no poço do elevador estão com acúmulo de sujeira. 
A limpeza do maquinário e do ambiente do poço do elevador deve fazer parte dos procedimentos periódicos de manutenção, conforme norma técnica.
NBR 16083 A manutenção inclui: a) lubrificação e limpeza. 
Necessita regularização.",Rômulo,,Limpeza,ok,sujeira no poço,08/07/2026,FALSE
3932,Os mecanismos e estruturas no fundo do poço estão com acúmulo de sujeira. A limpeza deve fazer parte dos procedimentos periódicos de manutenção. O poço deve ser mantido permanentemente limpo.,Eliseu,,Limpeza,ok,falta higienizalção do poço,08/07/2026,FALSE
3933,"Q1 - Nos portões de acesso ao poço recomenda-se instalação de tela de proteção no portão, impedindo a introdução de objetos e partes do corpo, de forma a prevenir acidentes.",Eliseu,,Porta de Acesso,ok,recomendação para instalação de tela de proteção,08/07/2026,FALSE
3934,"Q1-Deve existir no poço um espaço suficiente para acomodar um paralelepípedo reto retangular de no mínimo 0,5 m x 0,6 m x 1,0 m apoiado em qualquer uma das faces, devendo a área de apoio ser pintada com tinta de cor amarelo brilhante. A pintura da área
 ",Eliseu,,Sinalização de Segurança,ok,"paralelepípedo, pintar área",08/07/2026,FALSE
3935,Q1-O acesso ao fundo do poço deve conter inscrição indicando tratar-se de local de acesso restrito a pessoal qualificado e possuir porta de fechamento com interruptor de segurança que paralise o funcionamento do elevador.,Eliseu,,Sinalização de Segurança,ok,"placa de acesso restrito, interruptor",08/07/2026,FALSE
3936,"Q1 - Não há divisória entre os poços dos elevadores.
A divisória entre poços é item de segurança exigido por norma:
NM 207 5.6 Caixa contendo carros e contrapesos pertencentes a diversos elevadores 5.6.1 Na parte inferior da caixa deve existir uma divisória separando as partes móveis (carro ou contrapeso) de diferentes elevadores. Esta divisória deve estender-se a partir do extremo inferior das trajetórias dos órgãos móveis até uma altura de 2,5 m no mínimo acima do fundo do poço.
Essa exigência visa eliminar a possibilidade de que um técnico trabalhando no poço de um elevador (paralisado) entre acidentalmente no poço de outro elevador (em operação), entrando em condição de risco de acidente grave.
Necessita regularização.",Eliseu,,Sinalização de Segurança,ok,"não há divisória entre os poços, norma",08/07/2026,FALSE
3937,"Q1 - Nos portões de acesso ao poço recomenda-se instalação de tela de proteção no portão, impedindo a introdução de objetos e partes do corpo, de forma a prevenir acidentes.",Eliseu,,Sinalização de Segurança,ok,"acesso, instalação de tela de proteção no portão",08/07/2026,FALSE
3938,"Falta a pintura da área de segurança, exigida por norma.
NBR 16042 5.7.2.3 [...] a) deve existir no poço um espaço suficiente para acomodar um paralelepípedo reto retangular de no mínimo 0,5 m x 0,6 m x 1,0 m apoiado em qualquer uma das faces, devendo a área de apoio ser pintada com tinta de cor amarelo brilhante.
A pintura da área de segurança no poço tem como função indicar para o técnico um lugar seguro para ficar no caso de situações envolvendo a descida da cabina na caixa de corrida.",Rômulo,,Sinalização de Segurança,ok,falta pintura da area de segurança,08/07/2026,FALSE
3939,"Falta regularizar a sinalização da área de segurança, que possui dimensões inferiores às mínimas exigidas. NM 207 5.7.2.3 [...] a) deve existir no poço um espaço suficiente para acomodar um paralelepípedo reto retangular de no mínimo 0,5 m x 0,6 m x 1,0 m apoiado em qualquer uma das faces, devendo a área de apoio ser pintada com tinta de cor amarelo brilhante.
A pintura da área de segurança no poço tem como função indicar para o técnico um lugar seguro para ficar no caso de situações envolvendo a descida da cabina na caixa de corrida.",Rômulo,,Sinalização de Segurança,ok,área de segurança muito pequena,08/07/2026,FALSE
4318,"Para modernização recomendamos a substituição do sistema do freio eletromecânico simples para o freio duplo. O freio duplo oferece redundância no sistema de frenagem: em caso de falha de um dos freios, o outro continua atuando de forma independente. Além disso, o freio duplo proporciona maior confiabilidade, atende às normas de segurança mais atuais e reduz significativamente o risco de falhas críticas durante a operação do equipamento.
 NM 207. NM207 12.4.2.1 [...]Todos os componentes mecânicos do freio que tomam parte na ação de freada no tambor ou disco devem ser instalados em duplicata e ter dimensões de modo que se um dos componentes não estiver trabalhando no tambor ou disco, mesmo assim deverá continuar a ser exercido um esforço de freada suficiente para redução da velocidade do carro com a carga nominal. Qualquer núcleo de bobina é considerado como sendo uma parte mecânica, enquanto que qualquer bobina não. Recomenda-se adequação à norma de segurança vigente.
",Romulo,,Modernização,revisar,"modernização, substituição de freio simples por freio duplo",14/07/2026,FALSE
3940,"Falta a pintura da área de segurança no chão do poço do elevador, item exigido por norma:
NM 207 5.7.2.3 [...] a) deve existir no poço um espaço suficiente para acomodar um paralelepípedo reto retangular de no mínimo 0,5 m x 0,6 m x 1,0 m apoiado em qualquer uma das faces, devendo a área de apoio ser pintada com tinta de cor amarelo brilhante.
A pintura da área de segurança no poço tem como função indicar para o técnico um lugar seguro para ficar no caso de situações envolvendo a descida da cabina na caixa de corrida.",Rômulo,,Sinalização de Segurança,ok,falta pintura da area de segurança,08/07/2026,FALSE
3941,"Q1-Vista geral do fundo do poço mostrando as molas apara choques, a polia tensora da fita seletora e a polia tensora do cabo do limitador de velocidade.",Eliseu,,Sem Subcategoria,ok,vista geral,08/07/2026,FALSE
3942,"Vista mostrando os dispositivos de segurança do elevador instalados no fundo do poço.
Os equipamentos e instalações foram inspecionados e testados, não constatamos irregularidades.",Eliseu,,Sem Subcategoria,ok,"testado, ok",08/07/2026,FALSE
3943,"Algumas portas de pavimento não se fecham automaticamente quando a cabina do elevador está ausente do pavimento. Tal irregularidade contraria a norma, é grave, e a ela está associado o maior número de acidentes com usuários de elevadores (queda no poço). A regulagem das portas e fechos eletromecânicos para garantir seu fechamento automático deve fazer parte dos procedimentos periódicos de manutenção. A Norma determina : 4.5.7.2 As portas de pavimento (corrediças ou eixo vertical) devem possuir dispositivos que as fechem e as travem automaticamente, se o carro deixar a zona de nivelamento.",Eliseu,,Mecanismos de Fechamento de Porta,ok,"deve haver, norma",08/07/2026,FALSE
3944,"Algumas portas de pavimento não se fecham automaticamente quando a cabina do elevador está ausente do pavimento. Tal irregularidade contraria a norma, é grave, e a ela está associado o maior número de acidentes com usuários de elevadores (queda no poço).A regulagem das portas e fechos eletromecânicos para garantir seu fechamento automático deve fazer parte dos procedimentos periódicos de manutenção. A Norma determina : 4.5.7.2 As portas de pavimento (corrediças ou eixo vertical) devem possuir dispositivos que as fechem e as travem automaticamente, se o carro deixar a zona de nivelamento. Recomendamos ainda a instalação de plaqueta em todos os halls dos andares junto às portas dos elevadores: ANTES DE ENTRAR, VERIFIQUE SE O ELEVADOR ESTA CORRETAMENTE ESTACIONADO NO PAVIMENTO.",Eliseu,,Mecanismos de Fechamento de Porta,ok,"deve haver, norma, plaqueta",08/07/2026,FALSE
3945,"Algumas portas estão pesadas e não se fecham automaticamente na ausência da cabina do elevador. A Norma determina : 4.5.7.2 As portas de pavimento (corrediças ou eixo vertical) devem possuir dispositivos que as fechem e as travem automaticamente, se o carro deixar a zona de nivelamento.",Eliseu,,Mecanismos de Fechamento de Porta,ok,"deve haver, norma",08/07/2026,FALSE
3946,As borrachas batentes das portas de pavimento estão danificadas ou faltando. Esta irregularidade sujeita as portas de pavimento a um fechamento ruidoso além de criar um aspecto degradado do equipamento o qual tende a comprometer a segurança psicológica dos usuários e depreciar equipamento.,Eliseu,,Mecanismos de Fechamento de Porta,ok,"borrachas batentes danificadas, funcionamento ruidoso",08/07/2026,FALSE
3947,Em edifícios comerciais é recomendável que se disponha de indicadores de posição também nos pavimentos de forma a tranquilizar os passageiros em espera nos pavimentos.,Eliseu,,Botoeiras e Indicadores de Posição,ok,"predio comercial, indicador em todos os andares",08/07/2026,FALSE
3948,As obras civis de assentamento das botoeiras de pavimento estão inacabadas. A boa aparência das portas e dispositivos da cabina incute no usuário uma sensação de segurança psicológica.,Eliseu,,Botoeiras e Indicadores de Posição,ok,"obras civis inacabadas, assentamento das botoeiras",08/07/2026,FALSE
3949,Foto mostrando os indicadores de posição dos elevadores instalados nas portas de pavimento. Alguns leds estão queimados.,Eliseu,,Botoeiras e Indicadores de Posição,ok,leds queimados,08/07/2026,FALSE
3950,Vista geral externa das portas de pavimento dos elevadores. As botoeiras estão velhas e algumas sinalizações danificadas. Diversas borrachas batentes das portas de pavimento estão danificadas. Tais irregularidades depreciam o equipamento e o imóvel.,Eliseu,,Botoeiras e Indicadores de Posição,ok,equipamento depreciado,08/07/2026,FALSE
3951,"N1-Falta a codificação em braile nas botoeiras de pavimento, exigida por decreto federal. 
Decreto Federal n°5296 § 2o Junto às botoeiras externas do elevador, deverá estar sinalizado em braile em qual andar da edificação a pessoa se encontra.",Eliseu,,Botoeiras e Indicadores de Posição,ok,"falta codificação em braile, norma",08/07/2026,FALSE
3952," Falta a instalação das abas de desvio nas soleiras das portas do elevador. As abas de desvio são componentes de segurança, servem para evitar colisões diretas entre a cabina em movimento e a soleira da porta. Deve-se proceder a instalação.",Rômulo,,Botoeiras e Indicadores de Posição,ok,"deve ser intaladas as abas de desvio, segurança",08/07/2026,FALSE
3953,"As fotos ao lado mostram as botoeiras, indicadores de posição e sentido de movimento dos elevadores. Observe que apenas o hall principal dispõe de indicadores de posição dos elevadores. Em edifícios comerciais é recomendável que todos os pavimentos disponham de indicadores de posição de forma a tranquilizar os passageiros em espera nos pavimentos.",Eliseu,,Botoeiras e Indicadores de Posição,ok,"predio comercial, indicador em todos os andares",08/07/2026,FALSE
4089,"N4-Em algumas portas os ferrolhos dos fechos eletromecânicos das portas de pavimento não são biselados (chanfrados).O formato cilíndrico reto destes ferrolhos é particularmente inadequado, uma vez que impedem totalmente o travamento automático das portas de pavimento estando a cabina fora da zona de nivelamento.",Eliseu,,"Trinco, Travamento e Contatos de Segurança",ok,"ferrolhos não chanfrados, inadequado",08/07/2026,FALSE
4090,"N4-Existem fiações esmagadas, com as partes vivas expostas, sujeitando a curto circuitos e acidentes graves envolvendo a falsa confirmação de fechamento de porta.",Eliseu,,"Trinco, Travamento e Contatos de Segurança",ok,"fiações esmagadas, curtos, falso travamento",08/07/2026,FALSE
4091,"N4-Fecho eletromecânico da porta do andar falhando o contato elétrico de confirmação do trinco, provocando abertura e fechamento ininterrupto da porta da cabina, sem a partida do elevador. O contato de confirmação de fechamento do trinco de porta está ficando preso.",Eliseu,,"Trinco, Travamento e Contatos de Segurança",ok,falha no contato elétrico,08/07/2026,FALSE
4092,N4-Fecho eletromecânico do andar 21.Este fecho está faltando a mola interna do mecanismo e o contato móvel está danificado. Essa irregularidade informa ao quadro de comando que a porta de pavimento está aberta desoperando o relé 29 e impedindo o funcionamento do elevador. Para a regularização do quadro de comando é recomendável previamente a regularização deste fecho. Evitando jumpeamento de circuitos.,Eliseu,,"Trinco, Travamento e Contatos de Segurança",ok,"faltando mola interna, impede o funcionamento",08/07/2026,FALSE
4093,N4-Fecho eletromecânico faltando a haste de acionamento para a abertura da porta de pavimento em situações de emergência.,Eliseu,,"Trinco, Travamento e Contatos de Segurança",ok,"faltando haste de acionamento, emergência",08/07/2026,FALSE
4319,"Para a modernização, recomendamos a regularização das tomadas de energia, garantindo que estejam devidamente fixadas, identificadas, com aterramento adequado e proteção contra sobrecarga, a fim de assegurar a segurança elétrica e facilitar a manutenção dos equipamentos.
",Romulo,,Modernização,revisar,"modernização, substituição das tomadas elétricas",14/07/2026,FALSE
3954,"Falta a numeração da porta de pavimento.4.5.6.3 A marcação da numeração dos pavimentos nas portas do tipo eixo vertical será obrigatória quando não houver indicador de posição nas cabinas. Deve satisfazer às seguintes condições: a)ser feita de modo a se vista através das portas das cabinas; b)quando não houver visor na cabina, esta marcação deve ser colocada num ponto de fácil visualização; c)os números usados devem ter altura mínima de 4 cm. Devem ser pintados ou aplicados sobre fundo que lhes dê realce para facilidade de leitura.",Eliseu,,Botoeiras e Indicadores de Posição,ok,falta numeração da porta de pavimento,08/07/2026,FALSE
3955," Existem portas onde os dispositivos do fecho eletromecânico estão roçando nas chapas tapa-vistas das portas de pavimento, provocando ruídos e comprometendo o fechamento automático.",Eliseu,,Chapa Tapa Vista,ok,fecho eletromecânico roçando na chapa tapa vista,08/07/2026,FALSE
3956,"Dispositivo de abertura da porta de pavimento em situação irregular. Necessitando regularização. De modo algum deve ser possível abrir as portas por meio de ferramentas normais. É obrigatória a instalação de dispositivos de abertura das portas de pavimento de todos os andares, para fins de emergência, que devem satisfazer às seguintes condições: a)a abertura das portas deve ser efetuada somente por meio de chave especialmente projetada para impedir a fácil duplicação. De modo algum deve ser possível abrir as portas por meio de ferramentas normais; b)o furo para introdução da chave especial deve ser coberto; c)a chave especial de abertura deve se guardada pelo responsável da manutenção e/ou operação dos elevadores em local de fácil acesso a pessoas qualificadas em caso de emergência, mas não acessível ao público",Eliseu,,Chave de Abertura Manual,ok,"abertura possível através de chaves normais, norma",08/07/2026,FALSE
3957,Dispositivo de abertura das portas de pavimento em situações de emergência e salvamento tampado com bucha de papel. Necessita regularização.,Eliseu,,Chave de Abertura Manual,ok,"dispositivo tampado com papel, regularização",08/07/2026,FALSE
3958,Fecho eletromecânico faltando a alavanca de acionamento para a abertura da porta de pavimento em situações de emergência. Nessas condições não se consegue abrir a porta a partir do pavimento com o auxilio da chave em situações de emergência.,Eliseu,,Chave de Abertura Manual,ok,"não se consegue abrir a porta, falta alavanca",08/07/2026,FALSE
3959,"A chave de destravamento deverá ter uma etiqueta nela presa chamando a atenção para o perigo da utilização desta chave e a necessidade de se assegurar do travamento da porta depois que ela tiver sido fechada.
NM207 15 Avisos e instruções de operação 15.1 Disposições gerais Quaisquer rótulos, avisos e instruções de operação devem ser legíveis e facilmente compreensíveis (se necessário ajudado com sinais e símbolos). Eles devem ser indeléveis, de material durável, colocados em uma posição visível e redigidos na língua do país onde o elevador está instalado (ou, se necessário, em várias línguas).",Eliseu,,Chave de Abertura Manual,ok,"etiqueta, sinalização, norma",08/07/2026,FALSE
3960,"A norma exige que a chave de emergência utilizada para abrir as portas de pavimento seja especial, diferente de qualquer outra. As portas de pavimento deste elevador podem ser abertas utilizando-se chave de fenda ou mesmo pedaços de arame. Esta irregularidade compromete a segurança uma vez que possibilita que pessoas não qualificadas interfiram e tenham acesso às partes internas do elevador. Irregularidades como esta possibilitam ainda que jovens muitas vezes “surfem” e se acidentem sobre os elevadores.",Eliseu,,Chave de Abertura Manual,ok,"chave deve ser especial, norma",08/07/2026,FALSE
3961,A norma proíbe a instalação de fechaduras nas portas de pavimento.,Eliseu,,Chave de Abertura Manual,ok,fechaduras a mais,08/07/2026,FALSE
3962,"As portas de pavimento não dispõe de chaves de emergência seguras, podem ser abertas com um simples pedaço de arame ou chaves de fenda. O elevador foi instalado com sistema de abertura de emergência que não atende à Norma:4.1.7 Acesso à caixa para fins de emergência a)a abertura das portas deve ser efetuada somente por meio de chave especialmente projetada para impedir a fácil duplicação. De modo algum deve ser possível abrir as portas por meio de ferramentas normais; b)o furo para introdução da chave especial deve ser coberto;",Eliseu,,Chave de Abertura Manual,ok,"chave deve ser especial, norma",08/07/2026,FALSE
3963,"As portas de pavimento não dispõe de chaves de emergência seguras, podem ser abertas com um simples pedaço de arame ou chaves de fenda. Recomendamos a instalação de chaves de emergência que atenda a norma.",Eliseu,,Chave de Abertura Manual,ok,"chave deve ser especial, regularização",08/07/2026,FALSE
3964,As portas de pavimento podem ser abertas com um simples pedaço de arame ou chaves de fenda. Recomendamos a instalação de chaves de emergência que atenda a norma.,Eliseu,,Chave de Abertura Manual,ok,"chave deve ser especial, regularização",08/07/2026,FALSE
3965,"Falta ilhós de segurança em algumas portas de pavimento. Tal irregularidade contraria a norma e cria condições para o acesso de pessoas não habilitadas à caixa de corrida, sujeitando a acidentes.",Eliseu,,Chave de Abertura Manual,ok,falta ilhós de seguranaç,08/07/2026,FALSE
3966,Por Norma a abertura das portas devem ser efetuadas somente por meio de chave especialmente projetada para impedir a fácil duplicação. De modo algum deve ser possível abrir as portas por meio de ferramentas normais; o furo para introdução da chave deve ser coberto.,Eliseu,,Chave de Abertura Manual,ok,chave deve ser especial,08/07/2026,FALSE
3967,N2 -Alguns dispositivos de abertura de emergência das portas de pavimento estão fora da posição impedindo a abertura das portas a partir do pavimento. Tal irregularidade compromete a segurança nos casos em que é necessário a abertura da porta para resgate de passageiro preso dentro da cabina.,Eliseu,,Chave de Abertura Manual,ok,"fora de posição, impedindo abertura para resgate",08/07/2026,FALSE
3968,"As portas de pavimento não dispõe de chaves de emergência seguras, podem ser abertas com um simples pedaço de arame ou chaves de fenda. Recomendamos a instalação de chaves de emergência que atenda a norma.",Eliseu,,Chave de Abertura Manual,ok,ilhós de chave de destravamento de porta alto demais,08/07/2026,FALSE
4013,"N4-Os mecanismos dos fechos eletromecânicos das portas de pavimento estão com funcionamento pesado por acúmulo de sujeira nas articulações. A limpeza deve fazer parte dos procedimentos periódicos de manutenção. Os Fechos eletromecânicos são responsáveis pela segurança das portas de pavimento, fazem a confirmação ao quadro de comando do travamento elétrico e mecânico das portas de pavimento. Impedem o funcionamento do elevador com as portas abertas ou destrancadas.",Eliseu,,Limpeza,ok,"nos fechos eletromecânicos, impedem o funcionamento",08/07/2026,FALSE
4014,N4-Os mecanismos dos fechos eletromecânicos e as suspensões das portas de pavimento estão com funcionamento pesado por acúmulo de sujeira nas articulações. A limpeza deve fazer parte dos procedimentos periódicos de manutenção.,Eliseu,,Limpeza,ok,nos fechos eletromecânicos,08/07/2026,FALSE
4120,"NBR NM 207 7.3.2 Largura As portas de pavimento deverão proporcionar uma abertura livre mínima de 0,8 m.",Rômulo,,Mecanismos de Fechamento de Porta,ok,abertura livre mínima das portas nm 207,08/07/2026,FALSE
4121,Falta o aterramento da porta do quadro de comando. Toda instalação elétrica deve obedecer à NBR 5410,Eliseu,,Aterramento,ok,"Falta aterramento, norma",08/07/2026,FALSE
3969,"A norma exige que a chave de emergência utilizada para abrir as portas a partir do pavimento seja especial, diferente de qualquer outra.
NBR 7192 4.1.7 Acesso à caixa para fins de emergência a)a abertura das portas deve ser efetuada somente por meio de chave especialmente projetada para impedir a fácil duplicação. De modo algum deve ser possível abrir as portas por meio de ferramentas normais; b)o furo para introdução da chave especial deve ser coberto;
As portas de pavimento destes elevadores permitem a abertura utilizando-se chave de fenda ou mesmo pedaços de arame.
Esta irregularidade compromete a segurança, uma vez que possibilita que pessoas não qualificadas ao serviço tenham acesso à caixa de corrida, sujeitando a vandalismo e acidentes graves envolvendo a queda de pessoas ou objetos.
Recomenda-se a instalação de ilhós que atendam a norma.",Rômulo,,Chave de Abertura Manual,ok,portas com ilhós que permitem uso de chave de fenda,08/07/2026,FALSE
3970,"A norma exige que a chave de emergência utilizada para abrir as portas a partir do pavimento seja especial, diferente de qualquer outra.
Diversas portas de pavimentos dos elevadores foram constatadas com o ilhós para a abertura da porta eliminados, permitindo a abertura utilizando-se chave de fenda ou mesmo pedaços de arame.
Esta irregularidade compromete gravemente a segurança, uma vez que possibilita que pessoas não qualificadas ao serviço tenham acesso à caixa de corrida, sujeitando a vandalismo e acidentes graves envolvendo a queda de pessoas ou objetos.
Necessita regularização.",Rômulo,,Chave de Abertura Manual,ok,portas de pavimento com ilhós removidos,08/07/2026,FALSE
3971,"Vista geral da porta de pavimento observado pelo lado interno da caixa de corrida. A Norma determina : 4.5.7.2 As portas de pavimento (corrediças ou eixo vertical) devem possuir dispositivos que as fechem e as travem automaticamente, se o carro deixar a zona de nivelamento.",Eliseu,,Fechamento Automático,ok,"deve haver fechamento automático, norma",08/07/2026,FALSE
3972,"NM207. Item 7.4.1 Soleiras: É recomendável que seja provida uma contra inclinação suave em frente de cada soleira de pavimento para evitar escorrimento de água de lavagem, respingo",Eliseu,,"Folhas de Porta, Batente e Soleiras",ok,"inclinação para água escoar, norma",08/07/2026,FALSE
3973," As suspensões das portas de pavimento estão com folgas excessivas provocando um funcionamento ruidoso. As folgas em excesso possibilitam que as portas escapem das suspensões ou sejam inseridos objetos entre as portas com o elevador em movimento, comprometendo gravemente a segurança.",Eliseu,,"Folhas de Porta, Batente e Soleiras",ok,"suspensões com folga, escape, segurança",08/07/2026,FALSE
3974,Algumas corrediças de porta de pavimento estão frouxas e danificadas. Sujeita que as portas escapem das guias. Compromete a segurança.,Eliseu,,"Folhas de Porta, Batente e Soleiras",ok,"frouxas, danificadas, segurança",08/07/2026,FALSE
3975,Algumas portas de pavimento estão batendo. Falta regular o ditador destas portas para amortecimento do fechamento.,Eliseu,,"Folhas de Porta, Batente e Soleiras",ok,"portas batendo, regular o ditador",08/07/2026,FALSE
3976,"Existem obras civis inacabadas nos batentes das portas de pavimento. Sujeita a queda de pedregulhos sobre os componentes dos elevadores, causando danos.",Eliseu,,"Folhas de Porta, Batente e Soleiras",ok,obras civis inacabadas nos batentes,08/07/2026,FALSE
3977,"Falta angulação de 60o nas soleiras das portas de pavimento, contraria a norma, e compromete a segurança.",Eliseu,,"Folhas de Porta, Batente e Soleiras",ok,falta angulação de 60o,08/07/2026,FALSE
3978,"Faltam diversas borrachas batentes nas portas de pavimento, provocando batidas ruidosas no fechamento das portas de pavimento.",Eliseu,,"Folhas de Porta, Batente e Soleiras",ok,"faltam borrachas batentes, batidas ruidosas",08/07/2026,FALSE
3979,Faltam os acabamentos e chumbações das soleiras das portas de pavimento.,Eliseu,,"Folhas de Porta, Batente e Soleiras",ok,faltam acabamentos e chumbações,08/07/2026,FALSE
3980,"Algumas portas de pavimento estão com folga excessiva na suspensão. Cria condições para que as portas escapem das carretilhas, para a penetração de objetos entre as portas e a ocorrência de acidentes, compromete a segurança.",Eliseu,,"Folhas de Porta, Batente e Soleiras",ok,"com folga, escape das carretilhas, acidentes",08/07/2026,FALSE
3981,"Vista geral mostrando as portas de pavimento pelo lado interno da caixa de corrida. As chapas tapa vistas na parte superior das portas dificulta os procedimentos periódicos de manutenção rotineira. Desta forma, face à importância das boas condições de funcionamento e segurança das portas de pavimento, é recomendável que seja programada revisão específica para manutenção das portas de pavimento com a retirada das chapas tapa vistas, limpeza, ajuste e regulagem dos trincos e mecanismos.",Eliseu,,"Folhas de Porta, Batente e Soleiras",ok,"dificultando a manutenção, retirada",08/07/2026,FALSE
3982,"Falta angulação de 60o nas soleiras das portas de pavimento de alguns andares, contraria a norma, e compromete a segurança dos técnicos sujeitando-os a cisalhamento dos pés quando da cabina em movimento de subida durante a inspeção.",Eliseu,,"Folhas de Porta, Batente e Soleiras",ok,"falta angulação de 60o, segurança",08/07/2026,FALSE
3983, Parafusos usados nas soleiras das portas de pavimento devem ser de cabeça rebaixada.,Eliseu,,"Folhas de Porta, Batente e Soleiras",ok,parafusos devem ser de cabeça rebaixada,08/07/2026,FALSE
3984, Existem portas faltando parafuso de fixação dos porta-corrediça. Cria condições para que as carretilhas das portas escapem da suspensão provocando a ocorrência de acidentes.,Eliseu,,"Folhas de Porta, Batente e Soleiras",ok,faltam parafusos nos porta-corrediças,08/07/2026,FALSE
3985, Existem portas faltando parafuso de fixação dos porta-corrediça. Cria condições para que as carretilhas das portas escapem da suspensão provocando a ocorrência de acidentes.,Eliseu,,"Folhas de Porta, Batente e Soleiras",ok,"porta corrediça solta, acidentes",08/07/2026,FALSE
3986,"NBR NM 207 7 Portas de pavimento 7.1 Disposições gerais 7.1.1 As aberturas na caixa, que dão acesso à cabina, devem ser providas de portas do tipo corrediça horizontal automática, não perfuradas, que fechem toda a abertura. Quando fechadas, as folgas entre folhas ou entre folhas e longarinas, vergas ou soleiras, devem ser as menores possíveis. A condição será considerada atendida quando essas folgas não excederem 6 mm. ",Rômulo,,"Folhas de Porta, Batente e Soleiras",ok,folga excessiva entre a porta de pavimento e o marco da porta,08/07/2026,FALSE
3987,"NM 16042  7 Portas de pavimento 7.1 Disposições gerais As aberturas na caixa, que dão acesso à cabina, devem ser providas de portas do tipo corrediça horizontal automática, não perfuradas, que fechem toda a abertura. Quando fechadas, as folgas entre folhas ou entre folhas e longarinas, vergas ou soleiras, devem ser as menores possíveis. A condição será considerada atendida quando essas folgas não excederem 6 mm. Este valor, devido ao desgaste, pode alcançar 10 mm.",Rômulo,,"Folhas de Porta, Batente e Soleiras",ok,folgas entre folhas de porta e marco de porta,08/07/2026,FALSE
3988,ISO 9386-1 9.1.1.4.4 A distância horizontal entre bordas da plataforma e o fechamento ou entre plataforma e soleiras de pavimento não pode exceder 20 mm.,Rômulo,,"Folhas de Porta, Batente e Soleiras",ok,plataforma pegando na estrutura,08/07/2026,FALSE
3989,"Vista das portas de pavimento pela parte interna da caixa de pavimento.
Diversas portas de pavimento foram constatadas sem aba corta-fogo. As abas corta-fogo são componentes de segurança, responsáveis por retardar a propagação de chamas e fumaça através da caixa de corrida em casos de incêndio.
Os componentes de segurança dos elevadores devem ser mantidos permanentemente em perfeitas condições de funcionamento.
Necessita regularização.
NM207 - 7.2.2 Comportamento sob condições de fogo 
As portas de pavimento devem atender às exigências das normas ISO 834 e ISO 3008, com um mínimo de 30 minutos (F30).  ",Rômulo,,"Folhas de Porta, Batente e Soleiras",ok,portas sem aba corta fogo,08/07/2026,FALSE
3990,"Algumas portas de pavimento estão com folga excessiva na suspensão. Cria condições para o escape das carretilhas, penetração de objetos entre as portas e a ocorrência de acidentes, compromete a segurança",Eliseu,,"Folhas de Porta, Batente e Soleiras",ok,"com folga, escape das carretilhas, acidentes",08/07/2026,FALSE
3991,"Detalhes mostrando trilhos da soleira das portas de pavimento. As soleiras estão com acúmulo excessivo de sujeira.
Tal irregularidade sujeita as portas a funcionamento pesado e ruidoso, compromete o fechamento automático, provoca desgaste prematuro nos mecanismos do operador de portas, corrediças de náilon e suspensões, além de comprometer as condições de higiene do edifício.
A limpeza deve fazer parte dos procedimentos periódicos de manutenção.",Eliseu,,Limpeza,ok,"na soleira das portas, funcionamento pesado",08/07/2026,FALSE
3992,Vista geral das portas de pavimento mostrando as suspensões e fechos eletromecânicos. As portas e fechos foram inspecionados e testados. Os resíduos de construção depositados nas corrediças estão comprometendo o fechamento automático das portas de pavimento. Durante a realização da obra os serviços de manutenção dos elevadores devem ser intensificados de forma a evitar desgastes prematuros e danos aos componentes.,Eliseu,,Limpeza,ok,"nas corrediças, fechamento automático comprometido",08/07/2026,FALSE
3993,Existem entulhos e serviços de alvenaria inacabadas nos indicadores das portas ao longo da caixa de corrida. Contraria a Norma.,Eliseu,,Limpeza,ok,nos indicadores de porta,08/07/2026,FALSE
3994," Algumas portas de pavimento estão com aspecto desgastado e com as estruturas danificadas por oxidações. A boa conservação das portas de pavimento além de valorizar o imóvel proporciona ao usuário uma sensação de segurança. Ademais, a substituição de portas é onerosa ao condomínio.",Eliseu,,Limpeza,ok,"desgastadas, oxidadas, valoriza o imóvel",08/07/2026,FALSE
3995,As portas do pavimento inferior estão fortemente oxidadas. Foi aplicada pintura anticorrosiva de forma incompleta e improvisada. Deve-se submeter as portas a tratamento adequado e conforme a boa técnica. A reposição de portas de pavimento é onerosa.,Eliseu,,Limpeza,ok,"oxidadas, tratamento anticorrosivo",08/07/2026,FALSE
3996,N4 - Os mecanismos dos fechos eletromecânicos das portas de pavimento estão com funcionamento pesado por acúmulo de sujeira nas articulações.,Eliseu,,Limpeza,ok,"nos fechos eletromecânicos, funcionamento pesado",08/07/2026,FALSE
3997,A porta de pavimento do andar está particularmente oxidada e com acúmulo de sujeira na sua parte interna.,Eliseu,,Limpeza,ok,"oxidada, sujeira",08/07/2026,FALSE
3998,a sequência de fotos a seguir mostra a parte superior de diversas portas de pavimento ao longo da caixa de corrida. O acúmulo de sujeira é excessivo. a sujeira contaminam o ambiente comprometendo as condições de higiene do edifício. Limpeza deve fazer parte dos procedimentos periódicos de manutenção.,Eliseu,,Limpeza,ok,"na parte superior das portas, higiene, limpeza",08/07/2026,FALSE
3999,Algumas portas de pavimento estão com acúmulo de resíduos de construção nas canaletas das soleiras. Provocam mau funcionamento das portas e desgaste prematuro das corrediças de nylon.,Eliseu,,Limpeza,ok,"nas soleiras, desgaste, mau funcionamento",08/07/2026,FALSE
4000,"As estruturas da porta estão com acúmulo excessivo de sujeira. Tal irregularidade sujeita as portas a funcionamento pesado e ruidoso, provoca desgaste prematuro nos mecanismos do operador de portas, corrediças de náilon e suspensões, além de comprometer as condições de higiene do edifício. A limpeza deve fazer parte dos procedimentos periódicos de manutenção.",Eliseu,,Limpeza,ok,"nas estruturas, funcionamento pesado, desgaste, limpeza",08/07/2026,FALSE
4001,"As estruturas das portas de pavimento, ao longo da caixa de corrida, estão com acúmulo de sujeira. Tal irregularidade sujeita as portas a funcionamento pesado e ruidoso, compromete o fechamento automático, provoca desgaste prematuro nos mecanismos do operador de portas, corrediças de náilon e suspensões, além de comprometer as condições de higiene do edifício. A limpeza deve fazer parte dos procedimentos periódicos de manutenção.",Eliseu,,Limpeza,ok,"nas estruturas, funcionamento pesado, desgaste, limpeza",08/07/2026,FALSE
4002,"As portas de pavimento dos andares inferiores estão particularmente oxidadas e com acúmulo de sujeira na sua parte interna. A substituição de portas de pavimento é particularmente cara, desta forma, deve-se proceder a tratamentos anticorrosivos preventivamente.",Eliseu,,Limpeza,ok,"oxidadas, tratamento anticorrosivo",08/07/2026,FALSE
4003,"Os painéis inox da cabina estão arranhados. Estas irregularidades depreciam o equipamento, além disto, o aspecto descuidado do elevador causa insegurança psicológica aos usuários.",Eliseu,,Limpeza,ok,"painéis inox arranhados, depreciam, insegurança",08/07/2026,FALSE
4004,Diversos contatos de fechamento de porta estão cobertos por pinturas. Sujeita a mau contato e falhas de funcionamento do elevador.,Eliseu,,Limpeza,ok,"contatos cobertos com pintura, mau contato",08/07/2026,FALSE
4005,"Existe acúmulo de lixo e objetos depositados no interior de alguns dos tubos dos pesos de fechamento automático das portas de pavimento. Tal irregularidade possibilita o travamento do peso no interior do tubo. Desta forma o cabo de transmissão ficará exposto a colisão e arraste contra partes da cabina em movimento, provocando a ocorrência de acidentes. A limpeza nestes tubos deve fazer parte das rotinas periódicas de manutenção.",Eliseu,,Limpeza,ok,"nos tubos de pesos, limpeza",08/07/2026,FALSE
4006,Existem resíduos de obra civil depositados nas corrediças das portas de pavimento. Sujeitam as portas a mau funcionamento e desgaste prematuro dos nylons da s corrediças.,Eliseu,,Limpeza,ok,"nas corrediças, mau funcionamento, desgaste",08/07/2026,FALSE
4007,"Os mecanismos das portas de pavimento estão oxidados e ressecados, sujeitando as portas a funcionamento pesado e ruidoso.",Eliseu,,Limpeza,ok,mecanismos oxidados e ressecados,08/07/2026,FALSE
4008,"Os trilhos das soleiras das portas de pavimento dos andares inferiores estão com acúmulo de sujeira. Tal irregularidade sujeita as portas a funcionamento pesado e ruidoso, compromete o fechamento automático, provoca desgaste prematuro nos mecanismos do operador de portas. A limpeza deve fazer parte dos procedimentos periódicos de manutenção. NBR 16083 A manutenção inclui: a) lubrificação e limpeza. 
Necessita regularização.",Eliseu,,Limpeza,ok,"nas soleiras, desgaste, mau funcionamento",08/07/2026,FALSE
4015,"Detalhes mostrando acúmulo de resíduos de construção civil na parte superior das estruturas das portas de pavimento. O acúmulo de sujeira nos mecanismos da suspensão, nos trincos das portas de pavimento e nas corrediças sujeita as portas a um funcionamento pesado e ruidoso, com desgastes prematuros, e constantes falhas de funcionamento. Tal irregularidade também sobrecarrega e compromete a vida útil e as condições de funcionamento do operador de portas.",Eliseu,,Limpeza,ok,"resíduos de construção das estruturas e mecanismos das portas. funcionamento pesado, desgaste, falhas",08/07/2026,FALSE
4016," Diversas portas de pavimento estão corroidas por oxidações, e com as estruturas danificadas. Deve-se realizar procedimentos de manutenção corretiva envolvendo tratamentos anti-corrosivos,  substituição ou reparos das folhas de porta que estão com as estruturas já comprometidas.",Eliseu,,Limpeza,ok,"portas oxidadas, danificadas, tratamentos, substituição",08/07/2026,FALSE
4017," Foram constatados indícios de escorrimento de água proveniente de lavagem nos pavimentos nos elevadores. Deve-se orientar os funcionários para que não ocorra tal irregularidade. A água, ao escorrer do pavimento para a parte interior da caixa de corrida, sujeita os componentes dos elevadores a danos.",Eliseu,,Limpeza,ok,água de limpeza escorrendo nos pavimentos,08/07/2026,FALSE
4018," Diversas portas de pavimento estão corroidas por oxidações, e com as estruturas danificadas. Deve-se realizar procedimentos de manutenção corretiva envolvendo tratamentos anti-corrosivos,  substituição ou reparos das folhas de porta que estão com as estruturas já comprometidas.",Eliseu,,Limpeza,ok,"portas oxidadas, danificadas, tratamentos, substituição",08/07/2026,FALSE
4019," Foram constatados indícios de escorrimento de água proveniente de lavagem nos pavimentos nos elevadores. Deve-se orientar os funcionários para que não ocorra tal irregularidade. A água, ao escorrer do pavimento para a parte interior da caixa de corrida, sujeita os componentes dos elevadores a danos.",Eliseu,,Limpeza,ok,"escorrimento de água, orientar funcionários",08/07/2026,FALSE
4020,"Vista da porta de pavimento pelo hall do elevador.
Foi constatado que diversas portas de pavimento, durante sua abertura e fechamento estão roçando contra restos de massas nos marcos e componentes das estruturas, sujeitando a arranhar as folhas das portas.
Deve-se proceder à regularização e à revisão das folhas de porta danificadas.",Rômulo,,Limpeza,ok,"massa dos marcos arranhando as portas, recebimento",08/07/2026,FALSE
4021,"Os trilhos da soleira de algumas portas de pavimento estão com acúmulo de resíduos de construção civil.
Tal irregularidade sujeita as portas a funcionamento pesado e ruidoso, compromete o fechamento automático, provoca desgaste prematuro nos mecanismos do operador de portas, corrediças de náilon e suspensões.
Deve-se proceder à limpeza.",Rômulo,,Limpeza,ok,"massa e residuos de construção civil na soleira, recebimento",08/07/2026,FALSE
4022,"Algumas portas de pavimento foram constatadas com resíduos de construção civil depositada sobre mecanismos e estruturas.
Tal irregularidade sujeita as portas a um funcionamento pesado e ruidoso, com desgastes prematuros, e constantes falhas de funcionamento. Tal irregularidade também sobrecarrega e compromete a vida útil e as condições de funcionamento do operador de portas.
Deve-se proceder à limpeza.",Rômulo,,Limpeza,ok,"massa nos dispositivos da porta, recebimento",08/07/2026,FALSE
4023,"Vista das portas de pavimentos dos elevadores. 
Foi constatado que em algumas portas de pavimento houve aplicação de reboco sobre os indicadores de posição. Este procedimento impede a retirada dos indicadores para manutenção e substituição.
Necessita procedimento de regularização",Rômulo,,Limpeza,ok,reboco nos indicadores de posição. obra,08/07/2026,FALSE
4024,"As estruturas das portas estão com acúmulo excessivo de sujeira.
Tal irregularidade sujeita as portas a funcionamento pesado e ruidoso, provoca desgaste prematuro nos mecanismos do operador de portas, corrediças e suspensões.
O acúmulo de poeira e sujeira nos contatos elétricos sujeita a mau contato elétrico nos trincos e paralisações dos elevadores.
Necessita regularização.",Rômulo,,Limpeza,ok,sujeira porta,08/07/2026,FALSE
4025," Nos dois elevadores, as portas de pavimento do pilotis e 1° subsolo estão corroídas por oxidações, e com as estruturas danificadas, aparentemente provocado por entrada de água de limpeza a partir do pavimento
Deve-se realizar procedimentos de manutenção corretiva envolvendo tratamentos anti-corrosivos.",Rômulo,,Limpeza,ok,portas oxidadas,08/07/2026,FALSE
4026,"Existe acúmulo excessivo de sujeira nas portas de pavimento. Tal irregularidade sujeita as portas a funcionamento pesado e ruidoso, compromete o fechamento automático, provoca desgaste prematuro nos mecanismos do operador de portas. Necessita regularização. NBR 16083 A manutenção inclui: a) lubrificação e limpeza.  ",Rômulo,,Limpeza,ok,,08/07/2026,FALSE
4027,"Detalhes mostrando acúmulo de resíduos de construção civil nas estruturas e mecanismos das portas de pavimento. O acúmulo de sujeira nos mecanismos da suspensão, nos trincos das portas de pavimento e nas corrediças sujeita as portas a um funcionamento pesado e ruidoso, com desgastes prematuros, sujeitando a constantes falhas de funcionamento do elevador.
Tal irregularidade também sobrecarrega e compromete a vida útil e as condições de funcionamento do operador de portas.
Necessita regularização.",Rômulo,,Limpeza,ok,resíduos de construção nas estruturas e mecanismos das portas,08/07/2026,FALSE
4028," Detalhe mostrando mola responsável pelo fechamento automático da porta de pavimento, rompida. Necessita regularização.",Eliseu,,Mecanismos de Fechamento de Porta,ok,"mola rompida, regularização",08/07/2026,FALSE
4029,"NBR 16042 7.7 Confirmação de porta de pavimento fechada e travada. 7.7.3.1 Travamento 7.7.3.1.5 O engate dos elementos de travamento deve ser de modo que uma força de 300 N no sentido da abertura da porta não diminua a eficácia do travamento. 
",,,Mecanismos de Fechamento de Porta,ok,travamento,08/07/2026,FALSE
4030, Os dispositivos de abertura e arraste das portas de pavimento estão instalados de forma precária.,Eliseu,,Mecanismos de Fechamento de Porta,ok,instalação precária,08/07/2026,FALSE
4031,"Verificamos que as portas de pavimento estão desreguladas e não se fecham automaticamente quando a cabina do elevador está ausente do pavimento. Tal irregularidade é grave, e a ela está associado o maior número de acidentes com usuários de elevadores. A regulagem das portas deve fazer parte dos procedimentos periódicos de manutenção.",Eliseu,,Mecanismos de Fechamento de Porta,ok,"mecanismos desregulados, não fazem fechamento",08/07/2026,FALSE
4066,Diversos circuitos das portas e seus engates estão desajustados e deformados. A boa conservação dos trincos é fundamental para garantir as condições de segurança e funcionamento dos elevadores.,Eliseu,,"Trinco, Travamento e Contatos de Segurança",ok,"engastes desajustados, falta boa conservação",08/07/2026,FALSE
4067,"É proibida a instalação de fechaduras nas portas de pavimento além das previstas no projeto do elevador, em conformidade com a norma.",Eliseu,,"Trinco, Travamento e Contatos de Segurança",ok,fechaduras a mais,08/07/2026,FALSE
4068, Diversos componentes dos dispositivos de abertura das portas de pavimento estão danificados sujeitando os elevadores a falhas de funcionamento.,Eliseu,,"Trinco, Travamento e Contatos de Segurança",ok,"componentes danificados, falhas de funcionamento",08/07/2026,FALSE
4032,"As portas de pavimento foram constatadas incapazes de realizar o fechamento e travamento autônomo, conforme determina a norma.
NBR 7192 4.5.7.2 As portas de pavimento (corrediças ou eixo vertical) devem possuir dispositivos que as fechem e as travem automaticamente se o carro deixar a zona de nivelamento.
Essa exigência visa evitar que uma das portas de pavimento seja acidentalmente deixada aberta ou destravada em qualquer circunstância, criando condição de risco envolvendo a queda de objetos ou pessoas na caixa de corrida do elevador.
Tal irregularidade é grave, e está associada ao maior número de acidentes com usuários de elevadores.
Deve-se proceder à regularização envolvendo procedimentos de manutenção.
 
Detalhe mostrando que a folha da porta de pavimento, após ser solta, não foi capaz de realizar fechamento e travamento, ficando apoiada sobre o trinco.",Eliseu,,Mecanismos de Fechamento de Porta,ok,portas de eixo vertical que não fecham quando soltas,08/07/2026,FALSE
4033,As hastes de abertura de diversas portas de pavimento estão calçadas com sucatas e frouxas. Os dispositivos de segurança devem sem mantidos permanentemente em boas condições de uso.,Eliseu,,Mecanismos de Fechamento de Porta,ok,sucateamento,08/07/2026,FALSE
4034,"As portas de pavimento dispõe de pesos que garantem o fechamento automático das mesmas através dos cabos de arraste. Os cabos de arraste em diversas portas de pavimento estão ressecados, oxidados e com grande número de arames partidos. Compromete a segurança, é necessário a substituição.",Eliseu,,Mecanismos de Fechamento de Porta,ok,"comprometido, cabos de arraste ressecados",08/07/2026,FALSE
4035,"As portas pantográficas da cabina possibilitam que objetos ou partes do corpo sejam inseridos através de suas barras sujeitando a acidentes graves. Portas pantográficas da cabina são dispositivos obsoletos. É recomendável a substituição desta porta por porta de abertura lateral, ou tipo bus.",Eliseu,,Mecanismos de Fechamento de Porta,ok,"portas pantográficas, obsoletas, substituição",08/07/2026,FALSE
4036,Cabo de aço do dispositivo de arraste da porta de pavimento do andar 13 com quebra de arames.,Eliseu,,Mecanismos de Fechamento de Porta,ok,cabo de arraste com arames quebrados,08/07/2026,FALSE
4037,Detalhe do batente de uma das portas de pavimento danificada. Diversas borrachas batentes das portas de pavimento estão danificadas.,Eliseu,,Mecanismos de Fechamento de Porta,ok,borrachas batentes danificadas,08/07/2026,FALSE
4038,"Detalhe do cabo de arraste das portas de pavimento. Os cabos de arraste em diversas portas de pavimento estão ressecados, oxidados e com grande número de arames partidos. Compromete a segurança, é necessária a substituição.",Eliseu,,Mecanismos de Fechamento de Porta,ok,"cabos de arraste ressecados, oxidados, substituição",08/07/2026,FALSE
4039,Rolete do dispositivo de arraste. O cabo foi fixado de forma improvisada por arame. A prática de remendar de forma improvisada componentes ligados à segurança dos elevadores é fortemente condenável e tende a sucatear o equipamento.,Eliseu,,Mecanismos de Fechamento de Porta,ok,"cabo fixado de forma improvisada, condenável",08/07/2026,FALSE
4040,"Detalhe do cabo de arraste de uma das portas de pavimento. O cabo de arraste está ressecado, oxidado e com grande número de arames partidos. Necessita substituição. Compromete a segurança, é necessária a substituição. Os cabos de arraste em diversas portas de pavimento estão ressecados, oxidados e com grande número de arames partidos. É necessário a substituição.",Eliseu,,Mecanismos de Fechamento de Porta,ok,"cabo com arames quebrados, oxidado, substituição",08/07/2026,FALSE
4041,Diversos roletes de borracha do dispositivo de abertura das portas de pavimento estão danificados.,Eliseu,,Mecanismos de Fechamento de Porta,ok,roletes de borracha danificados,08/07/2026,FALSE
4042,Diversos roletes do dispositivo de arraste e abertura das portas de pavimento estão travados com sucatas de material em lugar de anel elástico. Tais procedimentos improvisados tendem a sucatear o equipamento.,Eliseu,,Mecanismos de Fechamento de Porta,ok,roletes travados com sucata,08/07/2026,FALSE
4043,"Haste de acionamento da abertura dos fechos da porta de pavimento desregulada, possibilitando o desengate da haste. Necessita regularização, compromete a segurança.",Eliseu,,Mecanismos de Fechamento de Porta,ok,haste de acionamento dos fechos desregulada,08/07/2026,FALSE
4044,"Vista mostrando o ditador sobre a porta, responsável pelo amortecimento no fechamento. Algumas portas de pavimento estão batendo. Falta regular o ditador destas portas para amortecimento do fechamento.",Eliseu,,Mecanismos de Fechamento de Porta,ok,"portas batendo, regular o ditador",08/07/2026,FALSE
4045,N4 – Diversos roletes dos dispositivos de arraste das portas de pavimento estão danificados comprometendo o funcionamento,Eliseu,,Mecanismos de Fechamento de Porta,ok,roletes danificados,08/07/2026,FALSE
4046,"N4 - Em algumas portas constatamos que o cabo de aço de arraste da porta está roçando nas fiações do circuito de segurança da porta de pavimento, possibilitando um curto circuito no sistema. Tal irregularidade compromete a segurança do pessoal de manutenção, pois, se curto circuitado, a abertura da porta pelo técnico não paralisará o elevador, que poderá entrar em movimento inesperado durante o procedimento de manutenção, causando acidente.",Eliseu,,Mecanismos de Fechamento de Porta,ok,"cabo de arraste roçando na fiação, curto, segurança",08/07/2026,FALSE
4047," Diversas roldanas estão danificadas, sujeitando as portas ao escape das suspensões e a um funcionamento com trepidações, pesado e aos trancos.",Eliseu,,Mecanismos de Fechamento de Porta,ok,"roldanas danificadas, escape, trepidações",08/07/2026,FALSE
4048," Diversas roldanas estão danificadas, sujeitando as portas ao escape das suspensões e a um funcionamento com trepidações, pesado e aos trancos.",Eliseu,,Mecanismos de Fechamento de Porta,ok,"roldanas danificadas, escape, trepidações",08/07/2026,FALSE
4049,"Verificamos que as portas de pavimento estão, em sua grande maioria, desreguladas e não se fecham automaticamente quando a cabina do elevador está ausente. Contraria a norma.
NBR 7192 4.5.7.2 As portas de pavimento (corrediças ou eixo vertical) devem possuir dispositivos que as fechem e as travem automaticamente se o carro deixar a zona de nivelamento.
Tal irregularidade é grave, e a ela está associado o maior número de acidentes com usuários de elevadores. 
Procedimentos adequados de manutenção com regulagem serão suficientes para a regularização. ",Rômulo,,Mecanismos de Fechamento de Porta,ok,"portas sem fazer fechamento automático, 7192",08/07/2026,FALSE
4050,"Existem roletes de arraste danificados comprometendo a abertura e fechamento das portas de pavimento. Sujeita o elevador à falhas de funcionamento.
Necessita regularização.",Eliseu,,Mecanismos de Fechamento de Porta,ok,rolete de arraste de porta danificado,08/07/2026,FALSE
4321,"Para modernização recomendamos a instalação de um dispositivo (contato) elétrico de segurança no conjunto da polia tensora instalada no poço do Elevador Social.
A principal função desse dispositivo é monitorar a tensão dos cabos do limitador de velocidade. Ele atua como um elemento de proteção preventiva, sendo responsável por detectar falhas como a ruptura do cabo ou alterações bruscas na posição da polia.
Em caso de anomalias, o contato de segurança atua interrompendo o circuito de segurança do elevador, impedindo seu funcionamento e prevenindo riscos à operação e aos usuários.
",Romulo,,Modernização,revisar,"modernização, instalação de contato elétrico na polia tensora",14/07/2026,FALSE
4069,"N4 - Os Fechos eletromecânicos são responsáveis pela segurança das portas de pavimento, fazem a confirmação ao quadro de comando do travamento elétrico e mecânico das portas de pavimento. Impedem o funcionamento do elevador com as portas abertas ou destrancadas.",Eliseu,,"Trinco, Travamento e Contatos de Segurança",ok,Definição,08/07/2026,FALSE
4051,"AA porta do pavimento 1 foi constatada desajustada, incapaz de realizar o fechamento e travamento autônomo.
O fechamento e travamento autônomo das portas de pavimento é item obrigatório por norma. Necessita regularização.
NM 207 7.7 Confirmação de porta de pavimento fechada e travada 7.7.1 Proteção contra o risco de queda. No caso de portas de pavimento e de cabina acionadas simultaneamente, um dispositivo (mola ou peso) deve assegurar o fechamento autônomo da porta de pavimento se ela está aberta e a cabina estiver fora da zona de destravamento.
Não deve ser possível, em operação normal, abrir uma porta de pavimento (ou quaisquer de suas folhas, no caso de porta multi-folha) a menos que o carro esteja parado ou quase parando, dentro da zona de destravamento desta porta.",Eliseu,,Mecanismos de Fechamento de Porta,ok,fechamento autônomo comprometido,08/07/2026,FALSE
4052,"fechamento automático de porta de pavimento NM 207

NBR NM 207 7.7 Confirmação de porta de pavimento fechada e travada 7.7.1 Proteção contra o risco de queda No caso de portas de pavimento e de cabina acionadas simultaneamente, um dispositivo (mola ou peso) deve assegurar o fechamento autônomo da porta de pavimento se ela está aberta e a cabina estiver fora da zona de destravamento. ",Rômulo,,Mecanismos de Fechamento de Porta,ok,fechamento automático NM 207,08/07/2026,FALSE
4053,"As portas do elevador não estão abrindo completamente, ficam abertas apenas 70 cm. Necessita regularização.
NM 16042 8.6 Portas da cabina 8.6.1 As portas da cabina não podem ser perfuradas, devem ser de acionamento automático e devem proporcionar uma largura livre mínima de 0,8 m.",Rômulo,,Mecanismos de Fechamento de Porta,ok,,08/07/2026,FALSE
4054,"NM 16042 7.2.3.2 Sob a aplicação de uma força de 150 N com a mão (sem ferramenta), no ponto mais desfavorável, no sentido de abertura das portas corrediça horizontal e portas dobráveis, as folgas definidas em 7.1.1 podem exceder 6 mm, mas não devem exceder 
a) 30 mm para as portas de abertura lateral;
b) 45 mm para as portas de abertura central. ",Rômulo,,Mecanismos de Fechamento de Porta,ok,porta abrindo demais quando forçada 16042,08/07/2026,FALSE
4055,"Tubo condutor do peso da porta solto. Tal irregularidade possibilita o travamento do peso no interior do tubo. Desta forma o cabo de transmissão ficará exposto a colisão e arraste contra partes da cabina em movimento, provocando a ocorrência de acidentes. Necessita regularização.",Eliseu,,Mecanismos de Fechamento de Porta,ok,"tubo condutor do peso solto, travamento",08/07/2026,FALSE
4056,"Vista geral da porta de pavimento pela caixa de corrida.
Diversas portas de pavimento foram constatadas montadas de tal forma que o rolete do dispositivo de arraste da porta está roçando contra a estrutura da porta.
Esta situação sujeita ao funcionamento pesado e ruidoso das portas, sobrecarregando o dispositivo operador de portas.
Necessita regularização.",Rômulo,,Mecanismos de Fechamento de Porta,ok,rolete do dispositivo de arraste pegando na estrutura da porta,08/07/2026,FALSE
4057,"ISO 9386-1 9.1.2.1 Portas de pavimento. As aberturas dando acesso à plataforma devem ser providas de portas de pavimento as quais: b) são de fechamento autônomo, porém estáveis na posição aberta.",Rômulo,,Mecanismos de Fechamento de Porta,ok,porta da plataforma ficando travada aberta.,08/07/2026,FALSE
4058,"Vista geral do hall dos elevadores mostrando as portas de pavimento. Diversas portas necessitam regulagem, e limpeza dos mecanismos dos fechos eletromecânicos e fechadores hidráulicos de forma a garantir o fechamento automático das portas quando as cabinas estão ausentes dos pavimentos.",Eliseu,,Mecanismos de Fechamento de Porta,ok,"limpeza, regulagem para possibilitar o fechamento",08/07/2026,FALSE
4059,Rolete do dispositivo de arraste da porta de pavimento danificado. Sujeita a prender passageiros na cabina,Eliseu,,Mecanismos de Fechamento de Porta,ok,"rolete danificado, prender passageiros",08/07/2026,FALSE
4060,Rolete do dispositivo de arraste. A trava de segurança do rolete foi substituída de forma improvisada por arame. A prática de remendar de forma improvisada componentes ligados à segurança dos elevadores é fortemente condenável e tende a sucatear o equipamento.,Eliseu,,Mecanismos de Fechamento de Porta,ok,"trava substituida por arame, sucateamento",08/07/2026,FALSE
4061,Um grande numero de roletes de borracha dos dispositivos de abertura das portas de pavimento estão danificados. Sujeita os elevadores a falhas de funcionamento. A prática de remendar e realizar reparos de forma improvisada em componentes ligados à segurança dos elevadores é fortemente condenável e tende a sucatear o equipamento.,Eliseu,,Mecanismos de Fechamento de Porta,ok,"roletes danificados, falhas, sucateamento",08/07/2026,FALSE
4062,"Verificamos que as portas de pavimento estão, em sua grande maioria, desreguladas e não se fecham automaticamente quando a cabina do elevador está ausente. Tal irregularidade é grave, e a ela está associado o maior número de acidentes com usuários de elevadores. Procedimentos adequados de manutenção com regulagem serão de suficientes para a regularização. Diversas portas necessitam regulagem, e limpeza dos mecanismos dos fechos eletromecânicos e fechadores hidráulicos de forma a garantir o fechamento automático das portas quando as cabinas estão ausentes dos pavimentos.",Eliseu,,Mecanismos de Fechamento de Porta,ok,"comprometido, regulagem",08/07/2026,FALSE
4063," Existem portas onde os dispositivos do fecho eletromecânico estão roçando nas chapas tapa-vistas das portas de pavimento, provocando ruídos e comprometendo o fechamento automático.",Eliseu,,Mecanismos de Fechamento de Porta,ok,mecanismos roçando na chapa tapa-vistas,08/07/2026,FALSE
4064,"fechamento automático de porta de pavimento NM 16042
 
NBR NM 16042  7.7 Confirmação de porta de pavimento fechada e travada 7.7.1 Proteção contra o risco de queda No caso de portas de pavimento e de cabina acionadas simultaneamente, um dispositivo (mola ou peso) deve assegurar o fechamento autônomo da porta de pavimento se ela está aberta e a cabina estiver fora da zona de destravamento. ",Rômulo,,Mecanismos de Fechamento de Porta,ok,fechamento automático de porta de pavimento NM 16042,08/07/2026,FALSE
4065,"Vista geral das portas de pavimento na parte interna da caixa de corrida.
Diversas portas de pavimento, quando forçadas manualmente no sentido de abertura na parte inferior, desfazem o contato elétrico do trinco paralisando o elevador de súbito. Tal irregularidade contraria a Norma NBR 16042 no item .7.3.1.5.
NBR 16042 7.7 Confirmação de porta de pavimento fechada e travada 7.7.3.1 Travamento
.7.3.1.5 O engate dos elementos de travamento deve ser de modo que uma força de 300 N no sentido da abertura da porta não diminua a eficácia do travamento. ",Rômulo,,"Trinco, Travamento e Contatos de Segurança",ok,contato desfazendo quando a porta é forçada,08/07/2026,FALSE
4320,"Para modernização recomendamos a substituição das chaves de limites (dispositivos eletrônicos de segurança de paradas e redução do Elevador).
",Romulo,,Modernização,revisar,"modernização, substituição dos limites de percurso",15/07/2026,FALSE
4070," Diversos trincos de porta de pavimento estão faltando tampa e expondo os circuitos energizados. Todas as partes sob tensão do sistema elétrico, na caixa do elevador, nas paradas, dentro ou em cima das cabinas, devem ser protegidas contra contato acidental. A falta da tampa também expõe os contatos elétricos dos fechos a depósito de sujeira que provocam mau contato e sujeitam os elevadores a falhas de funcionamento. Os componentes de segurança dos elevadores devem ser mantidos permanentemente em perfeitas condições de funcionamento.",Eliseu,,"Trinco, Travamento e Contatos de Segurança",ok,"faltando tampa, partes sob tensão, sujeira, segurança",08/07/2026,FALSE
4071, O fecho eletromecânico apresenta-se com folga nos mecanismos causando falhas de funcionamento e paralisação do elevador. Necessita regularização envolvendo reparos e manutenção.,Eliseu,,"Trinco, Travamento e Contatos de Segurança",ok,"folgas, falhas de funcionamento, regularização",08/07/2026,FALSE
4072,"Todas as portas possuem tampa acrílica para trinco. O material empregado é frágil e quebradiço, particularmente nos pontos de fixação dos parafusos.",Eliseu,,"Trinco, Travamento e Contatos de Segurança",ok,"tampa de acrílico, material frágil e quebradiço",08/07/2026,FALSE
4073,"-Em alguns pavimentos os ferrolhos dos fechos eletromecânicos estão desajustados e sobressaindo excesso. Desta forma impedem o fechamento da porta com a cabina ausente, mesmo quando a porta é forçada no sentido de fechamento. Esta irregularidade compromete a segurança.",Eliseu,,"Trinco, Travamento e Contatos de Segurança",ok,"desajustados, impedem o fechamento automático",08/07/2026,FALSE
4074,"Em diversos pavimentos os contatos de palhetas estão desajustados, deformados e muito próximos. Quando acionadas pelo trinco as palhetas desajustadas tocam-se cabeça a cabeça. Por razões de segurança e exigência da norma. O contato elétrico que dá condições de funcionamento aos elevadores deve ser acionado exclusivamente pela lingueta do próprio fecho. As portas:4.1.2.4 Devem ser munidas de fecho e contatos elétricos que quando abertos impeçam o funcionamento do carro, contatos esses que só sejam acionados pela lingueta do próprio fecho.",Eliseu,,"Trinco, Travamento e Contatos de Segurança",ok,"contatos elétricos desajustados, norma",08/07/2026,FALSE
4075,"Falta a tampa de diversos fechos eletromecânicos das portas de pavimento. Todas as partes sob tensão do sistema elétrico, na caixa do elevador, nas paradas, dentro ou em cima das cabinas, devem ser protegidas contra contato acidental. A falta da tampa também expõe os contatos elétricos dos fechos a depósito de sujeira que provocam mau contato e sujeitam os elevadores a falhas de funcionamento.",Eliseu,,"Trinco, Travamento e Contatos de Segurança",ok,"sem tampa, contato acidental, sujeira",08/07/2026,FALSE
4076,"Falta o aterramento das portas, marcos e trincos ao longo da caixa de corrida. A norma determina: Todas as partes metálicas do elevador não submetidas a tensão, tanto colocadas na casa de máquinas como na caixa, devem estar aterradas. Toda instalação elétrica deve obedecer à NBR 5410.",Eliseu,,"Trinco, Travamento e Contatos de Segurança",ok,"falta aterramento das portas, norma",08/07/2026,FALSE
4077,"Vista geral das portas de pavimento na parte interna da caixa de corrida.
Diversas portas de pavimento, quando forçadas manualmente no sentido de abertura, na parte inferior, desfazem o contato elétrico do trinco paralisando o elevador de súbito. Tal irregularidade contraria a Norma.
NM 207 7.7.3.1.4 O engate dos elementos de travamento deve ser de modo a que uma força no sentido da abertura da porta não diminua a eficácia do travamento.",Eliseu,,"Trinco, Travamento e Contatos de Segurança",ok,forçamento manual paralizando o elevador,08/07/2026,FALSE
4078,Os fechos eletromecânicos de diversas portas de pavimento estão calçados com sucatas.,Eliseu,,"Trinco, Travamento e Contatos de Segurança",ok,calçados com sucata,08/07/2026,FALSE
4079,Os mecanismos dos trincos das portas de pavimento estão pesados por acúmulo de sujeira nas articulações,Eliseu,,"Trinco, Travamento e Contatos de Segurança",ok,presos por acúmulo de sujeira,08/07/2026,FALSE
4080,N4 - Os contatos dos fechos eletromecânicos estão com carbonizações que causam mau contato e falhas de funcionamento nos elevadores.,Eliseu,,"Trinco, Travamento e Contatos de Segurança",ok,"contatos carbonizados, mau contato, falhas",08/07/2026,FALSE
4081,"N4-A porta do andar 4 foi constatada com as palhetas dos contatos elétricos do trinco desreguladas, dando condição de funcionamento ao elevador com o trinco mecanicamente destravado. Esta situação irregular engana o sistema de segurança do elevador acusando um falso travamento da porta de pavimento. Tal irregularidade é grave, compromete a segurança dos usuários, sujeita a acidentes uma vez que possibilita o funcionamento do elevador com a porta de pavimento destravada.COM O TRINCO ACIONADO (OU PRESO ACIDENTALMENTE) PERMANECE O CONTATO ELÉTRICO DANDO CONDIÇÃO DE FUNCIONAMENTO INSEGURO AO ELEVADOR. Alertamos que irregularidades em portas de pavimento de eixo vertical de elevadores detêm o mais alto índice de acidentes com usuários, particularmente com quedas no poço.",Eliseu,,"Trinco, Travamento e Contatos de Segurança",ok,"contatos elétricos desregulados, falso travamento, segurança",08/07/2026,FALSE
4082,N4-A sequência de fotos mostra contatos de alguns fechos eletromecânicos com carbonizações que causam mau contato e falhas de funcionamento nos elevadores.,Eliseu,,"Trinco, Travamento e Contatos de Segurança",ok,"contatos carbonizados, mau contato, falhas",08/07/2026,FALSE
4083,"N4-Algumas fiações estão com as partes vivas expostas e sem identificação.4.3.2 Proteção de equipamentos sob tensão: Todas as partes sob tensão do sistema elétrico, na caixa do elevador, nas paradas, dentro ou em cima da cabinas, devem ser protegidas contra contato acidental.",Eliseu,,"Trinco, Travamento e Contatos de Segurança",ok,"fiações expostas, norma",08/07/2026,FALSE
4084,"N4-Algumas portas de andar foram constatadas com acúmulo de sujeira e graxas nos contatos móveis , dando condição de funcionamento ao elevador com o trinco mecanicamente destravado. Esta situação irregular engana o sistema de segurança do elevador acusando um falso travamento da porta de pavimento. Tal irregularidade é grave, compromete a segurança dos usuários, sujeita a acidentes uma vez que possibilita o funcionamento do elevador com a porta de pavimento destravada.",Eliseu,,"Trinco, Travamento e Contatos de Segurança",ok,falso travamento por acúmulo de sujeira,08/07/2026,FALSE
4085,"N4-Braço do fecho eletromecânico com folga e empenado. Folgas excessivas sujeitam a falhas no trinco, possibilitando a abertura da porta de pavimento na ausência do elevador. Compromete a segurança.",Eliseu,,"Trinco, Travamento e Contatos de Segurança",ok,"braço com folga, falhas de funcionamento",08/07/2026,FALSE
4086,"N4-Detalhe mostrando o contato móvel da porta de pavimento. Diversos contatos estão presos por sujeira e graxa dando condição de funcionamento ao elevador com o trinco mecanicamente destravado. Esta situação irregular engana o sistema de segurança do elevador acusando um falso travamento da porta de pavimento. Tal irregularidade é grave, compromete a segurança dos usuários, sujeita a acidentes uma vez que possibilita o funcionamento do elevador com a porta de pavimento destravada.",Eliseu,,"Trinco, Travamento e Contatos de Segurança",ok,"contato preso por sujeira, falso travamento",08/07/2026,FALSE
4087,"N4-Diversos fechos eletromecânicos de portas de pavimento estão com as articulações presas, e quando acionados permanecem na posição aberto, sem retornar automaticamente para a posição fechado. Esta irregularidade impede a partida do elevador, provocando paralisações.",Eliseu,,"Trinco, Travamento e Contatos de Segurança",ok,"articulações presas, impede a partida do elevador",08/07/2026,FALSE
3629,"13 Instalação elétrica 13.1 Generalidades 13.1.2 Nas casas de máquinas e casas de polias é necessária uma proteção contra contato direto, por meio de coberturas possuindo um grau de proteção pelo menos IP 2X.

13 Instalação elétrica 13.5 Fiação elétrica 13.5.3 Método de instalação 13.5.3.2 Conexões, terminais de ligação e conectores, exceto aqueles indicados em 13.1.2, devem ser localizados em armários, caixas ou painéis providos com esse propósito.",,,Iluminação e Instalações Elétricas,ok,,15/07/2026,FALSE
4094,"N4-Fiações elétrica sobre a porta estão expostas. Todas as partes sob tensão do sistema elétrico, na caixa do elevador, nas paradas, dentro ou em cima da cabinas, devem ser protegidas contra contato acidental.4.3.2 Proteção de equipamentos sob tensão: Todas as partes sob tensão do sistema elétrico, na caixa do elevador, nas paradas, dentro ou em cima da cabinas, devem ser protegidas contra contato acidental. Os condutores localizados na caixa, nas cabinas e na casa de máquinas, com exceção dos cabos de comando que ligam a fiação à caixa, devem ser instalados em condutos conforme a NBR 5410.Pode ser usado eletroduto flexível em cabinas, casa de máquinas, caixas entre limitadores, fechos eletromagnéticos, botoeiras e dispositivos semelhantes, desde que não ultrapasse 1,50 m em comprimento. Em outros locais não sujeitos a danos, as derivações poderão ser igualmente feitas em eletrodutos flexíveis.",Eliseu,,"Trinco, Travamento e Contatos de Segurança",ok,"fiações expostas, norma",08/07/2026,FALSE
4095,"N4-Os ferrolhos dos fechos eletromecânicos das portas de pavimento não são biselados (chanfrados).O formato cilíndrico reto destes ferrolhos é inadequado, uma vez que impedem o travamento automático das portas de pavimento estando a cabina fora da zona de nivelamento. A Norma determina : 4.5.7.2 As portas de pavimento (corrediças ou eixo vertical) devem possuir dispositivos que as fechem e as travem automaticamente, se o carro deixar a zona de nivelamento.",Eliseu,,"Trinco, Travamento e Contatos de Segurança",ok,"ferrolhos não chanfrados, inadequado, norma",08/07/2026,FALSE
4096,"N4-Fechos eletromecânicos: responsáveis pela segurança das portas de pavimento, fazem a confirmação ao quadro de comando do travamento elétrico e mecânico das portas de pavimento. Impedem o funcionamento do elevador com as portas abertas ou destrancadas.",Eliseu,,"Trinco, Travamento e Contatos de Segurança",ok,Definição,08/07/2026,FALSE
4097,"N4-Por norma de segurança, o fechamento do contato elétrico só deve ocorrer após o travamento de 7 mm no fecho mecânico. Os fechos eletromecânicos não atendem à norma. Normalmente o fechamento do contato elétrico está ocorrendo após 4 mm de travamento",Eliseu,,"Trinco, Travamento e Contatos de Segurança",ok,"irregular, travamento em 7mm, norma",08/07/2026,FALSE
4098,"N4-Trinco da porta de pavimento desajustado, dando condição de falso fechamento. Compromete a segurança.",Eliseu,,"Trinco, Travamento e Contatos de Segurança",ok,"trinco desajustado, falso fechamento, segurança",08/07/2026,FALSE
4099,"N4-Trinco da porta do andar 8 está falhando, provoca paralisações inesperadas comprometendo as boas condições de funcionamento do elevador e a segurança.",Eliseu,,"Trinco, Travamento e Contatos de Segurança",ok,"falhando, paralizações",08/07/2026,FALSE
4100,"N4-Alguns trincos estão desregulados. Por norma de segurança, o fechamento do contato elétrico (A) só deve ocorrer após o travamento de 7 mm no fecho mecânico (B)Os fechos eletromecânicos não atendem à norma. Normalmente o fechamento do contato elétrico ocorre após 2 mm de travamento mecânico do trinco(B).Necessita ajuste e regularização.",Eliseu,,"Trinco, Travamento e Contatos de Segurança",ok,"irregular, travamento em 7mm, norma",08/07/2026,FALSE
4101," O interruptor, responsável pela paralização do elevador está montando ao contrário do movimento dos mecanismos do freio de segurança e do movimento da bandeja, tornando-se inoperante.",Eliseu,,"Trinco, Travamento e Contatos de Segurança",ok,"montado errado, ao contrário",08/07/2026,FALSE
4102," O interruptor responsável pela paralização do elevador está montando ao contrário do movimento dos mecanismos do freio de segurança e do movimento da bandeja, tornando-se inoperante.",Eliseu,,"Trinco, Travamento e Contatos de Segurança",ok,interruptor montado ao contrário,08/07/2026,FALSE
4103,"NM207 13 Instalação elétrica 13.5 Fiação elétrica 13.5.2 Área da seção transversal de condutores A área da seção transversal de circuitos de dispositivos elétricos de segurança de portas não deve ser menor que 0,75 mm2.",Eliseu,,"Trinco, Travamento e Contatos de Segurança",ok,bitola dos fios dos circuitos de de segurança das portas,08/07/2026,FALSE
4104,"NM207  13.5.3.5 [...] NOTA - As armações fechadas das portas de pavimento e porta da cabina são consideradas como caixas de aparelhagem. Contudo, se há risco de dano mecânico devido ao movimento de elementos ou arestas cortantes da própria armação, os condutores ligados a dispositivo elétrico de segurança devem ser mecanicamente protegidos.",Eliseu,,"Trinco, Travamento e Contatos de Segurança",ok,proteção mecânica no circuito de segurança das portas,08/07/2026,FALSE
4105,"Vista das portas de pavimento dos elevadores a partir do interior das caixas de corrida.
As portas de pavimento de ambos os elevadores foram inspecionadas quanto a seu funcionamento e capacidade de realizar fechamento automático; seus contatos de segurança foram testados. Não contatamos irregularidades.",Rômulo,,"Trinco, Travamento e Contatos de Segurança",ok,"portas testadas, ok",08/07/2026,FALSE
4106,"Alguns contatos de confirmação de travamento das portas estão montados de tal forma que os pinos estão roçando ou colidindo contra a estrutura do contato durante o fechamento da porta.
Esta situação sujeita a quebra dos pinos e paralização dos elevadores.
Necessita regularização.",Rômulo,,"Trinco, Travamento e Contatos de Segurança",ok,pinos dos contatos das portas pegando na estrutura do contato,08/07/2026,FALSE
4107,"Diversos pinos do contato de confirmação de travamento das portas do pavimento foram constatados já  danificados devido à colisões contra as estruturas dos contatos.
O elevador deve ser entregue novo e sem danos.
Os pinos e contatos danificados devem ser substituídos por outros, novos.",Eliseu,,"Trinco, Travamento e Contatos de Segurança",ok,pinos do contato de porta danificados,08/07/2026,FALSE
4122,"As chaves contatoras estão com os contatos desgastados. As chaves contatoras são responsáveis pelo acionamento do motor de tração. As irregularidades nos contatos sujeitam o elevador a deficiência na alimentação elétrica que provocam mau funcionamento, perda de potencia, aquecimentos, falta de fase e paralisações.",Eliseu,,Chaves Contatoras,ok,"contatos desgastados, mal funcionamento",08/07/2026,FALSE
4123,"O quadro de comando atual é operado a relés e chaves contatoras, estes dispositivos eletromecânicos responsáveis pelo sequenciamento das operações dos elevadores apresenta as seguintes desvantagens: Desatualização tecnológica do sistema de acionamento. Baixa velocidade no processamento das informações e codificações dos sinais, retardando seleção e despacho dos elevadores. Maior ocorrência de falhas devido à grande quantidade de componentes eletromecânicos (relés, capacitores, chaves e contatores).",Eliseu,,Componentes Elétricos,ok,"sistema obsoleto, substituição",08/07/2026,FALSE
4356,"Identificou-se uma condição atípica de projeto e montagem nos elevadores, na qual a distância entre a base da cabina quando estacionada no ultimo pavimento inferior e o para-choques no poço é de apenas 15 cm (150 mm), com os limites de percurso também posicionados muito próximos ao limite da viagem. 
Essa configuração faz com que pequenas variações ou falhas simples de posicionamento da cabina provoquem a atuação imediata dos limites ou o toque no amortecedor, gerando paralisações frequentes do equipamento.
Recomenda-se, prioritariamente, a resolução das demais pendências técnicas de manutenção do elevador. 
Caso as paralisações persistam mesmo após os ajustes, recomenda-se avaliar a possibilidade técnica de reduzir a altura da coluna do para-choques e reposicionar os limites de percurso para distâncias convencionais de operação.
NM 207 – Item 10.4 / 10.5: (Especifica os limites de percurso e as distâncias de segurança no poço para os dispositivos de amortecimento).
",Romulo,,Amortecedores,revisar,"Amortecedor, Para-choques, Poço, Distância de Segurança, Limites de Percurso, NM 207, Paralisações Frequentes, Ajuste de Projeto",11/08/2026,FALSE
4108," Diversos trincos de porta de pavimento estão faltando tampa e expondo os circuitos energizados.
Todas as partes sob tensão do sistema elétrico, na caixa do elevador, nas paradas, dentro ou em cima das cabinas, devem ser protegidas contra contato acidental.
A falta da tampa também expõe os contatos elétricos dos fechos a depósito de sujeira que provocam mau contato e sujeitam os elevadores a falhas de funcionamento.
Necessita regularização.
Portas constatadas sem tampa no trinco:
Elev. XX (pavimentos): YY, YY.
Elev. XX (pavimentosa): YY, YY.",Rômulo,,"Trinco, Travamento e Contatos de Segurança",ok,trincos de porta sem tampa,08/07/2026,FALSE
4109,"O contato de segurança da porta de pavimento está sem tampa. A falta da tampa expõe os contatos elétricos a contato acidental e a depósito de sujeira que provocam mau contato e sujeitam os elevadores a falhas de funcionamento. Necessita regularização.
NBR 7192 4.3.2 Proteção de equipamentos sob tensão: Todas as partes sob tensão do sistema elétrico, na caixa do elevador, nas paradas, dentro ou em cima da cabinas, devem ser protegidas contra contato acidental ",Rômulo,,"Trinco, Travamento e Contatos de Segurança",ok,contato sem tampa (identificar porta),08/07/2026,FALSE
4110,"A porta de pavimento do andar da portaria, quando puxada manualmente no sentido de abertura desfaz o contato elétrico do trinco paralisando o elevador de súbito. Necessita regularização.
 
NBR 7192: 4.5.8.2. Os fechos eletromecânicos devem satisfazer aos seguintes requisitos:
d) o travamento das portas de pavimento deve ser confirmado eletricamente por meio de contatos elétricos ou dispositivos eletrônicos, que atendam aos requisitos dos contatos e circuitos de segurança;",Romulo,,"Trinco, Travamento e Contatos de Segurança",ok,"contato de porta desfazendo quando a porta é puxada, porta manual",08/07/2026,FALSE
4111, Algumas portas de pavimento estão faltando a guia do dispositivo abertura em situações de emergência. Necessita regularização.,Eliseu,,"Trinco, Travamento e Contatos de Segurança",ok,falta guia do dispositivo de abertura,08/07/2026,FALSE
4112,Porta de pavimento faltando a alavanca do dispositivo de abertura em situações de emergência. Necessita regularização.,Eliseu,,"Trinco, Travamento e Contatos de Segurança",ok,"falta alavanca, regularização",08/07/2026,FALSE
4113,Todas as portas possuem ilhoses de segurança (passadores).AS borrachas macho fêmea das portas estão em boas condições.,Eliseu,,"Trinco, Travamento e Contatos de Segurança",ok,ok,08/07/2026,FALSE
4114,"PORTAS DE PAVIMENTO: São as portas instaladas nos diversos andares onde a cabina pode efetuar paradas para acesso dos passageiros Pode ser automática (abertura central ou lateral) e de eixo vertical. As portas de pavimento só se abrem quando a cabina chega ao pavimento, liberando o mecanismo de abertura das portas, ou através de chaves especiais. Sinalização de pavimento: Localizado acima das portas de pavimento, informa aos usuários a posição e / ou o sentido ou deslocamento da cabina. Botoeira de pavimento: Equipamento de comando que registra a chamada nos andares de acesso. Seus botões ou teclas podem ser sensíveis ao toque ou de micro curso.",Eliseu,,Sem Subcategoria,ok,Definição,08/07/2026,FALSE
4115,Vista geral mostrando porta de pavimento e indicadores de posição e sentido dos pavimentos. Vista geral das portas de pavimento. As portas foram inspecionadas verificando limpeza e ajustes nos trincos e sistema de fechamento. Não constatamos irregularidades.,Eliseu,,Sem Subcategoria,ok,ok,08/07/2026,FALSE
4116,"N-PORTAS DE PAVIMENTO: São as portas instaladas nos diversos andares onde a cabina pode efetuar paradas para acesso dos passageiros Pode ser automática (abertura central ou lateral) e de eixo vertical. As portas de pavimento só se abrem quando a cabina chega ao pavimento, liberando o mecanismo de abertura das portas, ou através de chaves especiais. Sinalização de pavimento: Informa aos usuários a posição e / ou o sentido ou deslocamento da cabina. Botoeira de pavimento: Equipamento de comando que registra a chamada nos andares de acesso. Seus botões ou teclas podem ser sensíveis ao toque ou de micro curso. Fechos eletromecânicos: responsáveis pela segurança das portas de pavimento, fazem a confirmação ao quadro de comando do travamento elétrico e mecânico das portas de pavimento. Impedem o funcionamento do elevador com as portas abertas ou destrancadas.",Eliseu,,Sem Subcategoria,ok,Definição,08/07/2026,FALSE
4117,Não constatamos irregularidades de manutenção na portas de pavimento.,Rômulo,,Sem Subcategoria,ok,portas de pavimento sem irregularidades,08/07/2026,FALSE
4118,NBR NM 207 7.7.3.2 Destravamento de emergência Quaisquer uma das portas de pavimento deve ser capaz de ser destravada do exterior por uma chave que se ajuste ao triângulo de destravamento definido no anexo B ,Rômulo,,Chave de Abertura Manual,ok,"Chave da acesso por técnico porta de pavimento, NM 207",08/07/2026,FALSE
4119,"Falta ilhós de segurança em diversas portas de pavimento, permitindo que se faça a abertura da porta utilizando chave de fenda ou mesmo pedaços de arame.
Esta irregularidade compromete a segurança, uma vez que possibilita que pessoas não qualificadas ao serviço tenham acesso à caixa de corrida, sujeitando a vandalismo e acidentes graves envolvendo a queda de pessoas ou objetos.
NBR 7192 4.1.7 Acesso à caixa para fins de emergência a)a abertura das portas deve ser efetuada somente por meio de chave especialmente projetada para impedir a fácil duplicação. De modo algum deve ser possível abrir as portas por meio de ferramentas normais; b)o furo para introdução da chave especial deve ser coberto;
 
Necessita regularização.",Rômulo,,Chave de Abertura Manual,ok,Portas sem ilhós de segurança,08/07/2026,FALSE
3627,"As ventilações da casa de máquinas são deficientes (natural e forçada). A temperatura ambiente é muito alta, sujeitando a máquina de tração e o quadro de comando a funcionamento em condições de temperatura adversas. Durante boa parte do dia o calor do sol incide diretamente para o interior da casa de máquinas através das janelas de vidro. As janelas são mantidas fechadas impedindo a ventilação cruzada do ambiente. Todavia, a principal fonte de calor se deve ao sistema ultrapassado e deficiente de acionamento desses elevadores através de tiristores, o que provoca um aquecimento muito acentuado nos motores de tração. A energia elétrica desprendida sob a forma de calor nos motores de tração, além de danosa para o equipamento, constitui em perdas e despesas inúteis para o condomínio. Os sistemas modernos de acionamento de motores através de inversores de frequência com variação de corrente e voltagem proporcionam uma economia significativa de energia (40%) proporcionando ainda condições mais favoráveis de funcionamento com a queda da temperatura e menores correntes de partida. Em edifícios comerciais onde ocorre alto tráfego de passageiros utilizando elevadores de alta velocidade com grande número de partidas e paradas é fortemente recomendável a instalação destes quadros de comando. Os outros benefícios destes sistemas de acionamento (frenagens suaves, nivelamentos precisos etc.) pouca, ou nenhuma melhora acrescentaria à condição atual desses elevadores. Desta forma, recomendamos que o condomínio solicite propostas de substituição dos quadros de comando destes elevadores visando avaliar a relação custo-benefício de uma eventual substituição.",Eliseu,,"Piso, Janelas, Paredes e Teto",ok,"superaquecimento, sistema obsoleto, substituição",15/07/2026,FALSE
4124,"Vista geral interna do quadro de comando. Este quadro de comando, acionado a relés e chaves contatoras apresenta componentes robustos e originais. A despeito do sistema de acionamento estar ultrapassado tecnologicamente, a condição de conforto dos movimentos de parada e partida dos elevadores é bastante confortável, graças ao acionamento por corrente contínua. A deficiência deste sistema, quando comparado com os eletrônicos atuais, reside primordialmente no alto consumo de energia (aprox. 40% maior) e na falta de uma interface de programação de rotinas de atendimento e despacho. Os quadros de comando modernos com acionamento por conversores de frequência em substituição aos atuais trariam essas vantagens. Além dessas vantagens, é possível instalar sistema computadorizado na portaria controlando as rotinas de atendimento e o despacho dos elevadores a partir da portaria.",Eliseu,,Componentes Elétricos,ok,"sistema obsoleto, substituição",08/07/2026,FALSE
4125,"Os quadros de comando destes elevadores possuem tecnologia de topo no que se refere ao auto diagnóstico de defeitos. A deficiência destes quadros de comando consiste no sistema de acionamento dos motores de tração que sujeita os equipamentos envolvidos (quadros de comando e motores de tração) a altas cargas, consumo de energia e perdas térmicas. Daí, reiteramos ser fundamental a regularização do sistema de ventilação dos equipamentos (quadro de comando e motores de tração) e da casa de máquinas garantindo boas condições necessárias ao funcionamento aos elevadores",Eliseu,,Componentes Elétricos,ok,regularização do sistema de ventilação,08/07/2026,FALSE
4126,"Quadro de comando. O quadro de comando é operado a relés, dispositivos eletromecânicos responsáveis pelo sequenciamento das operações dos elevadores.",Eliseu,,Componentes Elétricos,ok,"explicação do mecanismo, relés",08/07/2026,FALSE
4127,"Vista geral do quadro de comando. A relés. O quadro de comando e seus componentes estão em boas condições de manutenção e funcionamento. Todavia, existem quadros de comando modernos, com acionamento por inversores de frequência, que instalados em substituição aos atuais trariam significativas melhorias em termos de operação, conforto e economia de energia.",Eliseu,,Componentes Elétricos,ok,"relés, substituição por inversores",08/07/2026,FALSE
4128,"Vista geral do quadro de comando com acionamento por tiristores. Existem quadros de comando modernos, com acionamento por inversores de frequência, que instalados em substituição aos atuais trazem significativas melhorias em termos de operação, conforto e economia de energia. As máquinas de tração destes elevadores possuem motores acionados por tiristores (corrente retificada). Este sistema de acionamento de motores é deficiente e tecnologicamente ultrapassado sendo uma de suas principais inconveniências o forte aquecimento a que sujeita os motores de tração. (Motivo pelo qual os motores de tração desses elevadores são dotados de possantes ventiladores nas carcaças e as casas de máquinas necessitam excelentes condições de ventilação cruzada.).",Eliseu,,Componentes Elétricos,ok,"tiristores, modernização para inversores",08/07/2026,FALSE
4172,"fechamento e proteção da plataforma
 
ISO 9386-1 4.2 Proteção contra perigos Deve ser incorporada proteção para minimizar o risco em todas as seguintes situações de perigo: a) corte, esmagamento, aprisionamento ou escoriação; d) choque físico e impacto; ",Rômulo,,Fechamento e Proteções,ok,fechamento e proteção da plataforma,08/07/2026,FALSE
4173,"Vista geral do quadro de comando com acionamento por inversor de frequência. Os chumbadores para fixação da base do quadro de comando estão soltos, sujeitando-se à queda do quadro de comando.",Eliseu,,Fechamento e Proteções,ok,"chumbadores soltos, queda do quadro",08/07/2026,FALSE
4174,"Foto mostrando o quadro de comando do elevador. O quadro de comando encontra-se solto na base, sujeito a ser derrubado. Proceder a fixação do equipamento.",Eliseu,,Fechamento e Proteções,ok,quadro solto na base,08/07/2026,FALSE
4175,"As fiações de alimentação do quadro de comando estão expostas no piso, sujeitando a danos, pisoteio e curto circuitos. Necessita regularização.",Eliseu,,Interligações e Fiações Elétricas,ok,"fiações expostas, pisoteio",08/07/2026,FALSE
4176,"Fiações ligadas com emendas de forma improvisada, frouxas, sujeitando a mau contato e falhas de funcionamento dos elevadores. Fiação com emenda exposta, sujeitando a falhas de funcionamento e curto circuitos. Irregularidades nos circuitos e fiações sujeitam o elevador a falhas de funcionamento intermitentes de difícil diagnóstico. Deve-se proceder à regularizações.",Eliseu,,Interligações e Fiações Elétricas,ok,"improvisadas, frouxas, emendas, regularização",08/07/2026,FALSE
4177,Quadro de comando. Alguns circuitos e componentes foram alterados e eliminados. O quadro apresenta-se descaracterizado por adaptações.de sistemas de acionamento. Faltam os esquemas elétricos dos elevadores.,Eliseu,,Interligações e Fiações Elétricas,ok,equipamento descaracterizado,08/07/2026,FALSE
4178,foram os instalados alguns capacitores em paralelo aos existentes. Os capacitores foram fixados de forma improvisada com pedaços de fita crepe.,Eliseu,,Interligações e Fiações Elétricas,ok,"capacitores em paralelo, fixação improvisada",08/07/2026,FALSE
4179,O terminal de alimentação do ventilador do quadro de comando foi constatado frouxo. Falhas de funcionamento no sistema de ventilação comprometem a integridade dos componentes eletrônicos.,Eliseu,,Interligações e Fiações Elétricas,ok,terminal do ventilador frouxo,08/07/2026,FALSE
4180,"Nos quadros de comando foram encontradas fiações nos terminais dos contatores com soldas frias (sem promover aderência efetiva e segura). Tal irregularidade sujeita os elevadores a falhas de funcionamento intermitentes, de difícil diagnóstico.",Eliseu,,Interligações e Fiações Elétricas,ok,"ligações com soldas frias, falhas",08/07/2026,FALSE
4181,"Vista geral do quadro de comando com acionamento por inversor de frequência. Os chumbadores para fixação da base do quadro de comando estão soltos, sujeitando-se à queda do quadro de comando.",Eliseu,,Interligações e Fiações Elétricas,ok,chumbadores soltos,08/07/2026,FALSE
4182,"Foto mostrando o quadro de comando do elevador. O quadro de comando encontra-se solto na base, sujeito a ser derrubado. Proceder a fixação do equipamento.",Eliseu,,Interligações e Fiações Elétricas,ok,quadro solto na base,08/07/2026,FALSE
4183,"Nos quadros de comando foram encontradas fiações nos terminais dos contatores com soldas frias (sem promover aderência efetiva e segura). Tal irregularidade sujeita os elevadores a falhas de funcionamento intermitentes, de difícil diagnóstico.",Eliseu,,Interligações e Fiações Elétricas,ok,"soldas frias, funcionamento intermitente",08/07/2026,FALSE
4184,"As extremidades dos condutores devem ser totalmente inseridas nos terminais dos disjuntores no quadro de comando, a fim de impedir o contato acidental.
NM207 13.5.3.5 A fim de assegurar a continuidade da proteção mecânica, a capa protetora dos condutores e cabos deve ser totalmente introduzida na caixa de interruptores e aparelhagens, ou deve ter uma manga de construção adequada nas extremidades. ",Eliseu,,Interligações e Fiações Elétricas,ok,extremidade do condutor exposto na ligação,08/07/2026,FALSE
3553,"Falta o aviso permanentemente visível no alçapão, conforme determina a norma NM207:
NM 207 15.4.1 No caso de alçapões, um aviso permanentemente visível a quem os deve utilizar, deve indicar: ""PERIGO DE QUEDA - FECHE O ALÇAPÃO”.",Eliseu,,Alçapões e Portinholas,ok,"aviso alçapão, sinalização",15/07/2026,FALSE
4129,"Vista geral do quadro de comando.com acionamento por tiristores. Existem quadros de comando modernos, com acionamento por inversores de frequência, que instalados em substituição aos atuais trazem significativas melhorias em termos de operação, conforto e economia de energia. As máquinas de tração destes elevadores possuem motores de corrente alternada acionados por tiristores (corrente retificada). Este sistema de acionamento de motores é deficiente e tecnologicamente ultrapassado sendo uma de suas principais inconveniências o forte aquecimento a que sujeita os motores de tração. (Motivo pelo qual os motores de tração desses elevadores são dotados de possantes ventiladores nas carcaças e as casas de máquinas necessitam excelentes condições de ventilação cruzada.).",Eliseu,,Componentes Elétricos,ok,"tiristores, modernização para inversores",08/07/2026,FALSE
4130,"Vista geral dos quadros de comando eletrônicos. Trata-se de quadros de comando com amplos recursos para acionamento e controle dos elevadores. Os quadros possuem completo sistema de diagnostico de falhas que proporciona grande facilidade para a execução dos procedimentos de manutenção e reparo dos elevadores. A interface do sistema é altamente amigável permitindo via terminal de computador a alteração dos parâmetros e características de funcionamento. Em ultima análise, pode-se afirmar que, em termos de recursos, o quadro pouco ou nada fica a dever aos quadros de comando atualmente disponíveis no mercado. Os módulos eletrônicos e demais componentes dos quadros de comando foram inspecionados e apresentam-se em excelente condição de conservação. Na contramão, os quadros apresentam o inconveniente de serem quadros importados, e já fora de produção, como se pode verificar no site do fabricante que impõe limitações para o fornecimento de determinados componentes. Isso torna mais dificultosa a reposição de componentes de uso especifico para os mesmos. Todavia, grande parte dos seus componentes podem ser reparados, ou mesmo encontrados, no mercado nacional, com especificações similares. Tudo considerado, no momento atual a sua avaliação é positiva não sendo minimamente recomendável sua eventual substituição.",Eliseu,,Componentes Elétricos,ok,"quadro importado, ponderando substituição",08/07/2026,FALSE
4131,"Vista geral interna do quadro de comando. Quando da execução dos testes para verificação dos circuitos de segurança dos elevadores, verificamos que o circuito de confirmação de abertura do freio, disponível no quadro de comando, brake pick failure, encontra-se inoperante. Tal irregularidade possibilita que o elevador opere em condições inseguras.",Eliseu,,Componentes Elétricos,ok,circuito brake pick failure,08/07/2026,FALSE
4132,"Vista geral interna do quadro de comando. Quando da execução dos testes para verificação dos circuitos de segurança dos elevadores, verificamos que o circuito de confirmação de abertura do freio, disponível no quadro de comando, brake pick failure, encontra-se inoperante. O teste pode ser facilmente realizado desconectando-se os terminais de alimentação da bobina do freio, impedindo que a mesma seja energizada e operada quando na partida do elevador. Nessa situação a sapata do freio não se abre, e o freio permanece atuando sobre o tambor, imobilizando o elevador. Por questões de segurança, o elevador não poderá partir. Isso é conseguido graças ao circuito de confirmação de abertura do freio. No caso dos elevadores instalados no Ed. Acaiaca o circuito brake pick failure não está instalado, possibilitando que o elevador parta e opere em condições inseguras.",Eliseu,,Componentes Elétricos,ok,"circuito brake pick failure, acaiaca",08/07/2026,FALSE
4133,Existem diversos fusíveis reforçados.G2-Quatro dos fusíveis de proteção do quadro de comando foram adulterados através de ligação por fio. A adulteração de dispositivos de proteção e segurança é prática intencional fortemente condenável. Compromete a segurança do equipamento e de seus componentes.,Eliseu,,Componentes Elétricos,ok,"adulteração de fusiveis, segurança",08/07/2026,FALSE
4134,"Fusível de proteção do circuito, eliminado. As alterações nos esquemas dos elevadores devem constar nos esquemas elétricos dos mesmos.",Eliseu,,Componentes Elétricos,ok,"fusível jumpeado, esquema elétrico",08/07/2026,FALSE
4135,As chaves contatoras foram inspecionadas internamente e não apresentaram irregularidades.,Eliseu,,Componentes Elétricos,ok,ok,08/07/2026,FALSE
4136,Chaves contatoras com contatos desregulados. O fechamento irregular provoca falhas de funcionamento do elevador e desgaste prematuro das facas.,Eliseu,,Componentes Elétricos,ok,"contatos desgastados, mal funcionamento",08/07/2026,FALSE
4137,Quadro de comando mostrando o banco de relés e o banco de módulos. Não constatamos irregularidades.,Eliseu,,Componentes Elétricos,ok,"vista dos relés, ok",08/07/2026,FALSE
4138,Relé apresentando dificuldade para atracamento. Aparentemente devido a deficiência da bobina. Verificamos em diversas situações paralisações deste elevador causadas por deficiência no sequenciamento de relés. As boas condições de manutenção dos relés é fundamental para garantir o funcionamento dos elevadores.,Eliseu,,Componentes Elétricos,ok,dificuldade de atracamento e sequenciamento,08/07/2026,FALSE
4139,"Relés de abertura e fechamento de porta com contatos desgastados e carbonizados, sujeitando o elevador a falhas de funcionamento.",Eliseu,,Componentes Elétricos,ok,"contatos desgastados, mal funcionamento",08/07/2026,FALSE
4140,"A tensão medida na saída da fonte do elevador 3 foi 0,36¨V quando o valor deveria ser 8volts.Para que se avalie a condição de uso dos módulos é necessário que se restabeleça a condição de funcionamento da fonte. A fonte faz a alimentação dos módulos.",Eliseu,,Componentes Elétricos,ok,tensão da fonte irregular,08/07/2026,FALSE
4141,Alguns terminais do transformador estão danificados (derretidos).Essa irregularidade normalmente é resultante de aquecimento por mau contato.,Eliseu,,Componentes Elétricos,ok,terminais do transformador derretidos,08/07/2026,FALSE
4185,"Nas instalações dos quadros de comando, existem cabos da ligação apoiando contra borda (metálica) cortante dos furos.
Sujeita a danos ao isolamento dos condutores e curto circuitos.
Recomenda-se a instalação de colar de proteção na passagem dos cabos.",Rômulo,,Interligações e Fiações Elétricas,ok,cabos apoiando em bordas cortantes nos quadros,08/07/2026,FALSE
4186,"Fiações ligadas com emendas de forma improvisada, frouxas, sujeitando a mau contato e falhas de funcionamento dos elevadores. Irregularidades nos circuitos e fiações sujeitam o elevador a falhas de funcionamento intermitentes de difícil diagnóstico. Deve-se proceder à regularizações.",Eliseu,,Interligações e Fiações Elétricas,ok,"frouxas, emendadas, mau funcionamento",08/07/2026,FALSE
4187,"Fiação ponte entre contatos do aparelho seletor, irregular e rompida.",Eliseu,,Interligações e Fiações Elétricas,ok,rompida,08/07/2026,FALSE
4188,A prática de reparar de forma improvisada componentes dos elevadores é condenável e tende a sucatear o equipamento. Necessita procedimentos de regularização.,Eliseu,,Interligações e Fiações Elétricas,ok,"reparos improvisados, sucateamento",08/07/2026,FALSE
4357,"Recomendamos a substituição de todos os trincos de porta de pavimento antigos ainda instalados por modelos de tecnologia atualizada e mais segura. 
Este sistema de trinco antigo sujeita a porta de pavimento a ser deixada acidentalmente aberta quando de visita por técnico de manutenção. 
A instalação dos novos fechos eletromecânicos elimina o risco de falhas por mau contato elétrico e garante que o fechamento do circuito de segurança dependa plenamente do correto engate do gancho da porta de pavimento.
",Romulo,,Mecanismos de Fechamento de Porta,revisar,substituição dos trincos antigos por novos,19/08/2026,FALSE
4142,"O fabricante deste elevador possui moderno quadro de comando com acionamento VVVF: VANTAGENS: Conforto: com aceleração e paradas suaves, garantidas pelo cálculo rigoroso de velocidade a cada instante, proporciona nivelamento preciso em todos os pavimentos, independentemente do número de pessoas na cabina; Maior vida útil e menor consumo de energia: o processamento eletrônico de dados e o apurado controle de velocidade otimizam o atendimento ao tráfego e reduzem o desgaste de redutores, freios, polias e cabos de tração, garantindo economia e maior vida útil a todo o conjunto de tração dos elevadores do edifício; Segurança: realiza permanentemente rotinas de auto teste, proporcionando maior segurança para passageiros e usuários; Confiabilidade: tem grande poder de processamento de dados e memorização de ocorrências de falhas, agilizando o atendimento e os serviços de manutenção preventiva.",Eliseu,,Componentes Elétricos,ok,vantagens da modernização,08/07/2026,FALSE
4143,Auto diagnóstico está inoperante (desligado).A boa condição de funcionamento deste dispositivo garante o registro e correção das falhas de funcionamento ocorridas no elevador.,Eliseu,,Componentes Elétricos,ok,auto diagnóstico inoperante,08/07/2026,FALSE
4144,"Diversos capacitores estão deteriorados, sujeitando o equipamento a condições de funcionamento deficiente.",Eliseu,,Componentes Elétricos,ok,capacitores deteriorados,08/07/2026,FALSE
4145,Durante a inspeção o elevador perdeu a seletividade atingindo os limites. Irregularidades tais como estas são graves e carecem de acompanhamento para diagnóstico. O dispositivo de auto diagnóstico (desligado) é uma das importantes ferramentas para o diagnóstico destas irregularidades. Recomenda-se a regularização do auto diagnóstico e acompanhamento para determinação da causa desta falha.,Eliseu,,Componentes Elétricos,ok,auto diagnóstico inoperante,08/07/2026,FALSE
4146,"Existem diversos módulos eletrônicos com as bases danificadas e tomadas por azinhavre que provoca mau contato e compromete as boas condições de funcionamento, sujeitando os elevadores a falhas. Detalhes mostrando bases de módulos eletrônicos tomados por azinhavre. Necessita procedimentos de manutenção envolvendo revisão das conexões limpeza , descarbonizarão e quando necessário, substituição.",Eliseu,,Componentes Elétricos,ok,"azinhavre, mau contato, regularização",08/07/2026,FALSE
4147,Existem diversos módulos eletrônicos danificados e recuperados de forma improvisada. Foto mostrando pista de circuito eletrônico recuperado com solda.,Eliseu,,Componentes Elétricos,ok,recuperação improvisada,08/07/2026,FALSE
4148,Existem diversos módulos eletrônicos danificados. Foto mostrando módulo danificado por sobreaquecimento de resistor.,Eliseu,,Componentes Elétricos,ok,danificado por sobreaquecimento,08/07/2026,FALSE
4149,"Quadro seletor. Este componente eletromecânico que no passado representou um dos maiores saltos na automação dos elevadores representa hoje o que de mais ultrapassado existe neste elevador. Seus primitivos mecanismos, molas de pulso, e fita com rebites sujeitam os elevadores a um alto número de falhas de funcionamento.",Eliseu,,Componentes Elétricos,ok,"sistema obsoleto, falhas de funcionamento",08/07/2026,FALSE
4150,"Vista geral do quadro seletor. Quadro seletor. Este componente eletromecânico que no passado representou um dos maiores saltos na automação dos elevadores representa hoje o que de mais ultrapassado existe neste elevador. Seus primitivos mecanismos, molas de pulso, e fita com rebites sujeitam os elevadores a um alto número de falhas de funcionamento. Como se pode constatar nas fotos seguintes diversos componentes dos aparelhos seletores são novos e o conjunto apresenta-se em perfeitas condições de manutenção.",Eliseu,,Componentes Elétricos,ok,"sistema obsoleto, falhas de funcionamento",08/07/2026,FALSE
4151,Fusíveis de proteção foram constatados adulterados com reforço. A prática de reforçar fusíveis é condenável e sujeita o equipamento a queimas de componentes e módulos eletrônicos.,Eliseu,,Componentes Elétricos,ok,"fusíveis reforçados, queimas",08/07/2026,FALSE
4152,"Existem relés faltando grampo. A falta de grampos afrouxa a tampa dos relés, provocando vibrações que repercutem afrouxando suas bases e provocando falhas de funcionamento intermitentes no elevador, de difícil diagnóstico.",Eliseu,,Componentes Elétricos,ok,"faltando grampos, vibrações, falha de funcionamento",08/07/2026,FALSE
4153,"Os quadros de comando dos elevadores possuem sistema de acionamento através de corrente retificada por tiristores, que provocam aquecimento excessivo dos motores de tração, implicando em alto consumo de energia quando comparado a sistemas de acionamento por inversores de frequência VVVF.",Eliseu,,Componentes Elétricos,ok,"tiristores, aquecimento excessivo",08/07/2026,FALSE
4154,"Diversos relés operando sem capa, sujeitando carbonização dos contatos. Os relés sem tampa, expostos a poeira, aceleram a carbonização dos contatos, sujeitando o elevador a falhas intermitentes de funcionamento, de difícil diagnóstico.",Eliseu,,Componentes Elétricos,ok,"relés faltando grampos, carbonização, falha de funcionamento",08/07/2026,FALSE
4155,"Uma das chaves contatoras apresenta-se desregulada, provocando desgaste prematuro em uma das facas/carvão.",Eliseu,,Componentes Elétricos,ok,"um chave desregulada, desgaste",08/07/2026,FALSE
4156,"Detalhe de diversos fusíveis que foram substituídos por outros, de amperagem superior àquela especificada. A amperagem dos fusíveis especificados pelo fabricante visa exatamente proteger o circuito da passagem de correntes elétricas mais altas, que poderiam danificar o equipamento. A substituição de fusíveis deve ser  feita em conformidade com o projeto original, visando proteger o circuito e os componentes.",Máximo,,Componentes Elétricos,ok,Adulteração de fusíveis,08/07/2026,FALSE
4209,"Existe acúmulo de poeira de construção civil depositada sobre os componentes eletrônicos encontrados na parte interna do quadro de comando. A poeira de construção civil, com pó de cimento incorporado, é corrosiva e acelera a degradação dos componentes. É necessário realizar limpeza e aspiração nos quadros.",Eliseu,,Limpeza,ok,"poeira, sujeira nos módulos, poeira de cimento, corrosão",08/07/2026,FALSE
4210,"Existe componente sucateado abandonado no interior do quadro de comando do elevador.
Deve-se proceder a retirada.",Rômulo,,Limpeza,ok,componente abandonado no quadro,08/07/2026,FALSE
4211,"No quadro de comando, existe acúmulo excessivo de poeira e sujeira. A poeira traz diversos prejuízos aos componentes e circuitos eletrônicos ao possibilitar curtos, fugas de corrente, interferências e dificultar a dissipação de calor. Necessita regularização. NBR 16083 A manutenção inclui: a) lubrificação e limpeza. ",Rômulo,,Limpeza,ok,poeira quadro de comando,08/07/2026,FALSE
4212,Observe o acúmulo excessivo de limalha proveniente de desgaste dos pinos do aparelho seletor,Eliseu,,Limpeza,ok,acúmulo de limalha,08/07/2026,FALSE
4213,Vista geral do quadro do aparelho seletor. Existe acúmulo de sujeira nos componentes.,Eliseu,,Limpeza,ok,acúmulo de sujeira,08/07/2026,FALSE
4214,vista geral dos mecanismos do aparelho seletor. Os dispositivos de segurança e da fita seletora estão com acúmulo de sujeira,Eliseu,,Limpeza,ok,acúmulo de sujeira,08/07/2026,FALSE
4215,"Os sinalizadores do aparelho seletor, na guia, encontram-se com acúmulo de sujeira que compromentem a boa condição de sinalização do posicionamento da cabina ao quadro de comando.",Eliseu,,Limpeza,ok,"acúmulo de sujeira, compromete a sinalização",08/07/2026,FALSE
4157,"O inversor do quadro de comando do elevador de serviço (Elev. 2), segundo relatos do condomínio, apresentou ocorrência de queima de componentes.
Como se pode verificar nas placas indicativas de características do inversor e do motor de tração, a capacidade do inversor de frequência é de 30% superior ao demandado pelo motor de tração.
Face às ocorrências de queima, deve-se solicitar aos fornecedores dos produtos e serviços relativos ao quadro de comando e à modernização, o dossiê técnico e certificação que demonstra a compatibilidade dos componentes do quadro de comando e do inversor de frequência (marca Yaskawa L1000), à potência demandada pela máquina de tração do elevador, conforme dispõe os artigos 25 e 34 do Código de Defesa do Consumidor:
Art. 25. É vedada a estipulação contratual de cláusula que impossibilite, exonere ou atenue a obrigação de indenizar prevista nesta e nas seções anteriores.
Art. 25. § 1º Havendo mais de um responsável pela causação do dano, todos responderão solidariamente pela reparação prevista nesta e nas seções anteriores.
Art. 25. § 2º Sendo o dano causado por componente ou peça incorporada ao produto ou serviço, são responsáveis solidários seu fabricante, construtor ou importador e o que realizou a incorporação.
Art. 34. O fornecedor do produto ou serviço é solidariamente responsável pelos atos de seus prepostos ou representantes autônomos.",Rômulo,,Componentes Elétricos,ok,"Fornecimento de equipamento, código de defesa do consumidor",08/07/2026,FALSE
4158,"Vistas mostrando a parte interna das chaves contatoras, responsáveis pela alimentação elétrica do motor da máquina de tração.
 
As chaves contatoras estão com os contatos desgastados.
 
Tal irregularidade sujeita a desbalanceamento na tensão das fases de entrada do motor, podendo causar a queima de enrolamentos do motor.
 
Necessita regularização.",Rômulo,,Componentes Elétricos,ok,chaves contatoras com contatos desgastados,08/07/2026,FALSE
4159,"A ponte de contato do aparelho seletor, destinado à sinalização da posição do elevador, está danificada, provocando desgaste prematuro nos pinos dos contatos.",Eliseu,,Componentes Elétricos,ok,"danificada, desgaste prematuro",08/07/2026,FALSE
4160,Diversas molas de pulso estão danificadas.(quebradas)Sujeita o elevador a falhas de funcionamento.,Eliseu,,Componentes Elétricos,ok,danificadas,08/07/2026,FALSE
4161,Foto mostrando o aparelho seletor ao lado da máquina de tração. Diversas molas de pulso estão danificadas. Sujeita o elevador a falhas de funcionamento.,Eliseu,,Componentes Elétricos,ok,danificadas,08/07/2026,FALSE
4162,Observe o desgaste dos pinos do aparelho indicador de posição do elevador. Tal irregularidade sujeita o elevador a falhas de funcionamento do indicador de posição.,Eliseu,,Componentes Elétricos,ok,"desgaste dos pinos, mau funcionamento",08/07/2026,FALSE
4163,"Vista geral do quadro do aparelho seletor. Este componente eletromecânico que no passado representou um dos maiores saltos na automação dos elevadores representa hoje o que de mais ultrapassado existe neste elevador. O quadro operado a relés e chaves contatoras, dispositivos responsáveis pelo sequenciamento das operações dos elevadores, apresenta maior ocorrência de falhas devido à grande quantidade de contatos e peças móveis fortemente sujeitos a desgastes e desajustes. Um dos módulos apresenta indício de danos devidos a superaquecimento dos resistores.",Eliseu,,Componentes Elétricos,ok,"sistema obsoleto, falhas de funcionamento",08/07/2026,FALSE
4164,"APARELHO SELETOR: Sinaliza ao quadro de comando de forma eletromecânica ou eletrônica o posicionamento dos elevadores, sentido de movimento e as paradas correspondentes às ordens e chamadas registradas.",Eliseu,,Componentes Elétricos,ok,explicação do mecanismo,08/07/2026,FALSE
4165,"NM207 14.1.2 Dispositivos elétricos de segurança 14.1.2.2 Contatos de segurança 
14.1.2.2.1 A operação do contato de segurança deve ser por separação positiva dos dispositivos de corte do circuito. Esta separação deve ocorrer mesmo se os contatos estiverem colados entre si. O projeto de um contato de segurança deve ser tal que minimize o risco de curto circuito resultante de uma falha de componente. NOTA - A abertura positiva é obtida quando todos os elementos de corte são levados à sua posição de abertura e quando, para uma significativa parte do percurso, não há membros resilientes (por exemplo, molas) entre os contatos móveis e a parte do atuador onde a força de atuação é aplicada.",Eliseu,,Componentes Elétricos,ok,os contatos de segurança DEVEM ser de separação positiva (ser normalmente fechados),08/07/2026,FALSE
4166,"NM207 14.1.2 Dispositivos elétricos de segurança 14.1.2.2 Contatos de segurança 
14.1.2.2.1 A operação do contato de segurança deve ser por separação positiva dos dispositivos de corte do circuito. Esta separação deve ocorrer mesmo se os contatos estiverem colados entre si. O projeto de um contato de segurança deve ser tal que minimize o risco de curto circuito resultante de uma falha de componente. NOTA - A abertura positiva é obtida quando todos os elementos de corte são levados à sua posição de abertura e quando, para uma significativa parte do percurso, não há membros resilientes (por exemplo, molas) entre os contatos móveis e a parte do atuador onde a força de atuação é aplicada.",Eliseu,,Componentes Elétricos,ok,problema do uso de molas em contatos de segurança,08/07/2026,FALSE
4167,"Existem relés miniatura faltando tampar a exposição dos contatos dos relés a poeira acelera a carbonização dos mesmos, sujeitando o elevador a falhas de funcionamento.",Eliseu,,Fechamento e Proteções,ok,"faltam tampas, falta proteção, poeira",08/07/2026,FALSE
4168,"G5-Diversos relés faltando grampo. A falta de grampos afrouxa a tampa dos relés, provocando vibrações que repercutem afrouxando suas bases e provocando falhas de funcionamento do elevador.",Eliseu,,Fechamento e Proteções,ok,"faltando grampos, vibrações, falha de funcionamento",08/07/2026,FALSE
4169,"O quadro de comando apresenta sujeira nas suas partes internas. O acúmulo de sujeira nos componentes eletroeletrônicos provocam mau funcionamento. Os detalhes abaixo mostram ligações feitas de forma inadequada e relés funcionando sem as tampas, sujeitando-se a carbonizações e mau funcionamento.",Eliseu,,Fechamento e Proteções,ok,"sujeira, mau funcionamento, relés sem tampa",08/07/2026,FALSE
4170,"No quadro de comando dos dois elevadores, diversos relés foram constatados sem grampo. A falta de grampos afrouxa a tampa dos relés, provocando vibrações que repercutem afrouxando suas bases e provocando falhas de funcionamento do elevador.
 
Diversos relés foram ainda constatados sem capa, sujeitando carbonização dos contatos. Os relés sem capa, expostos a poeira, aceleram a carbonização dos contatos, sujeitando o elevador a falhas intermitentes de funcionamento, de difícil diagnóstico.
 
Necessita regularização.",Rômulo,,Fechamento e Proteções,ok,relés sem grampos e sem capa,08/07/2026,FALSE
4171,"Detalhe mostrando contato de segurança constatado sem tampa.
A falta de tampa nos contatos sujeita à oxidação dos terminais e depósito de sujeiras, causando falhas de funcionamento no elevador.
Todas as partes sob tensão elétrica nos elevadores devem estar protegidas contra contato acidental.
Necessita regularização.",Rômulo,,Fechamento e Proteções,ok,"contato sem tampa, genérico",08/07/2026,FALSE
4189,"NM207 14 Proteção contra falhas elétricas; controles; prioridades 14.1 Proteção contra falhas elétricas 14.1.1 Requisitos gerais Nenhuma das falhas citadas em 14.1.1.1 no equipamento elétrico do elevador deve, por si só, ser a causa de funcionamento perigoso do elevador. 14.1.1.1 Falhas consideradas a) ausência de tensão; b) queda de tensão; c) perda de continuidade de um condutor; d) falha da isolação em relação à peça metálica ou à terra; e) curto-circuito ou circuito aberto em um componente elétrico como resistor, capacitor, transistor, lâmpada; f) não atração ou atração incompleta de uma armadura móvel de um contactor ou relé; g) não separação de uma armadura móvel de um contactor ou relé; h) não abertura de um contato; i) não fechamento de um contato; j) inversão de fases.",Eliseu,,Interligações e Fiações Elétricas,ok,tipos de falhas elétricas para as quais o elevador deve estar protegido,08/07/2026,FALSE
4190,"Está ocorrendo derivação a massa no circuito do dispositivo de segurança sem que seja interrompido o funcionamento do elevador.
NM207 14.1.1.3 O defeito de derivação a massa ou a terra em um circuito no qual há um dispositivo de segurança deve: a) causar a imediata parada da máquina, ou b) impedir nova partida da máquina depois da primeira parada normal. O retorno ao serviço somente deve ser possível por intermédio de uma pessoa competente.",Eliseu,,Interligações e Fiações Elétricas,ok,o defeito de derivação a massa deve parar imediatamente o funcionamento do elevador,08/07/2026,FALSE
4191,"NM207 14.1 Proteção contra falhas elétricas 14.1.2 Dispositivos elétricos de segurança 14.1.2.1.1 Quando da atuação de um dos dispositivos de segurança listados no anexo A, o movimento da máquina deve ser impedido ou ela deve ser parada imediatamente [...].",Eliseu,,Interligações e Fiações Elétricas,ok,"dispositivos elétricos de segurança, contato, deve interromper o funcionamento do elevador quando acionado",08/07/2026,FALSE
4192,"Comentário: Uma falha por si só não pode levar a uma situação perigosa. Caso essa falha, combinada com uma segunda leve a uma situação perigosa, a primeira não poderá ocorrer duas vezes (o funcionamento do elevador deve ser interrompido antes que ela possa ocorrer de novo).
Exemplo: A falha de confirmação de abertura do freio, combinada com a falta de tensão na bobina de abertura do freio.
 
NM207 14 Proteção contra falhas elétricas; controles; prioridades 14.1 Proteção contra falhas elétricas 14.1.2 Dispositivos elétricos de segurança 14.1.2.3 Circuitos de segurança 
14.1.2.3.2 Além disso: a) se uma falha combinada com uma segunda falha pode conduzir a uma situação perigosa, o elevador deve ser parado o mais tardar até a próxima seqüência da operação na qual o primeiro elemento defeituoso deveria participar. Toda operação adicional do elevador deve ser impossível enquanto persistir o defeito. A possibilidade de uma segunda falha ocorrer, após a primeira e antes que o elevador tenha sido parado pela seqüência mencionada, não é considerada.",Eliseu,,Interligações e Fiações Elétricas,ok,"combinação de duas falhas elétricas, comentário sobre item da norma",08/07/2026,FALSE
4193,"A instalação improvisada componentes dos elevadores é condenável e tende a sucatear o equipamento.
Necessita regularização.",Rômulo,,Interligações e Fiações Elétricas,ok,"instalação improvisada, sucateamento",08/07/2026,FALSE
4194,"Alguns circuitos foram eliminados, sem identificação ou registro das alterações. A adulteração ou eliminação de circuitos dos elevadores é procedimento fortemente condenável, particularmente quando feitas sem justificativa ou registro.",Eliseu,,Interligações e Fiações Elétricas,ok,adulteração de circuitos,08/07/2026,FALSE
4195,"Banco de resistores com indícios de curto circuito. As ligações foram refeitas com emendas de forma improvisada, permanecendo fiações expostas que sujeitam a novos curto circuitos.",Eliseu,,Interligações e Fiações Elétricas,ok,"emendas improvisadas, curto circuitos",08/07/2026,FALSE
4196,Existem fiações de aterramento frouxas nos quadros. As boas condições de aterramento do elevador são fundamentais para o bom funcionamento e uso seguro do equipamento. Necessita regularização.,Rômulo,,Interligações e Fiações Elétricas,ok,aterramento frouxo no quadro,08/07/2026,FALSE
4197,"Vistas mostrando os quadros de comando dos elevadores. Os equipamentos foram inspecionados e testados. 
Não constatamos irregularidades quanto a seu funcionamento, todavia as ligações ao terra do quadro de força estão frouxas. Necessita regularização.
NM207 13.5.5 Aterramento: Todas as partes metálicas do elevador não submetidas a tensão, tanto colocadas na casa de máquinas como na caixa, devem estar aterradas.",Rômulo,,Interligações e Fiações Elétricas,ok,quadro Ok somento com aterramento frouxo,08/07/2026,FALSE
4198,Quadro de comando. Fiação do quadro apresenta desarranjo geral (muito mexido). Recomenda-se a revisão geral dos circuitos documentando-os através de desenhos esquemáticos.,Eliseu,,Interligações e Fiações Elétricas,ok,"desarranjo, revisão geral",08/07/2026,FALSE
4199,O quadro de comando fornecido não dispõe de recursos de manobra operação elétrica de emergência para resgate de passageiros.,Eliseu,,Interligações e Fiações Elétricas,ok,falta manobra de operação elétrica,08/07/2026,FALSE
4200,"Fiação frouxa nos terminais, sujeitando a falhas de funcionamento",Eliseu,,Interligações e Fiações Elétricas,ok,"fiações frouxas, falhas de funcionamento",08/07/2026,FALSE
4201,"Quadro de comando. Falta limpeza geral, observa-se acúmulo acentuado de sujeira.",Eliseu,,Limpeza,ok,sujeira no quadro,08/07/2026,FALSE
4202,"Relés operando sem capa, sujeitando carbonização dos contatos, e falhas de funcionamento.",Eliseu,,Limpeza,ok,"relés sem capa, carbonização",08/07/2026,FALSE
4203,O quadro de comando apresenta excesso de sujeira nas suas partes internas.,Eliseu,,Limpeza,ok,sujeira,08/07/2026,FALSE
4204,"Existem componentes soltos, pendurados pelos fios, e sucatas abandonadas no quadro, tais irregularidades devem ser corrigidas através de procedimentos de manutenção.",Eliseu,,Limpeza,ok,"componentes soltos, sucatas",08/07/2026,FALSE
4205,O quadro de comando foi constatado com acúmulo excessivo de resíduos de construção civil. Os resíduos em períodos chuvosos incorporam umidades que danificam os componentes eletrônicos.,Eliseu,,Limpeza,ok,resíduos de construção civil,08/07/2026,FALSE
4206,"O quadro de comando apresenta sujeira nas suas partes internas. O acúmulo de sujeira nos componentes eletroeletrônicos provocam mau funcionamento, falhas intermitentes, dificuldade de dissipar calor e causam desgastes prematuros ao equipamento. A limpeza tanto da parte interna do quadro, quanto do ambiente da casa de máquinas deve fazer parte dos procedimentos rotineiros de manutenção, de forma a garantir um funcionamento regular do elevador e garantir sua vida útil.",Eliseu,,Limpeza,ok,"sujeira, mau funcionamento, falhas, aquecimento, limpeza",08/07/2026,FALSE
4207,"Existem componentes soltos, pendurados pelos fios, e sucatas abandonadas no quadro, tais irregularidades devem ser corrigidas através de procedimentos de manutenção.",Eliseu,,Limpeza,ok,bagunça e sujeira no quadro,08/07/2026,FALSE
4208," O quadro de comando foi constatado com acúmulo excessivo de resíduos de construção civil.
Os resíduos em períodos chuvosos incorporam umidades que deteriora os componentes eletrônicos e as ligações, dos terminais das placas, gerando mau contato nas interligações sujeitando os elevadores a falhas de funcionamento intermitentes.
Deve-se proceder à limpeza.",Eliseu,,Limpeza,ok,resíduos de construção civil no quadro,08/07/2026,FALSE
4216,"Vistas mostrando o inversor de frequência do elevador, que trabalha em conjunto com o quadro de comando fornecendo potência à máquina de tração.
O inversor de frequência foi constatado com acúmulo de poeira em seus componentes. A poeira é aspirada para dentro do inversor, deposita sobre os componentes eletrônicos, provoca corrosão dos equipamentos, mau funcionamento, sobreaquecimento e prejudica a capacidade de ventilação e dissipação de calor do equipamento.
Necessita regularização.",Eliseu,,Limpeza,ok,poeira no inversor de frequência (MRLS),08/07/2026,FALSE
4217,"A poeira traz diversos prejuízos aos componentes e circuitos eletrônicos ao possibilitar curtos, fugas de corrente, interferências e dificultar a dissipação de calor.",Rômulo,,Limpeza,ok,poeira em componentes eletrônicos,08/07/2026,FALSE
4218,"NM207 14.1.2.5 Se os dispositivos para controlar os dispositivos elétricos de segurança forem, por motivo de sua instalação, acessíveis a pessoas, eles devem ser construídos de tal maneira que não possam tornar-se inoperantes por meios simples. NOTA - Um ímã ou uma ponte elétrica não é considerado um meio simples.",Eliseu,,Quadro de Comando,ok,dispositivos elétricos de segurança acessiveis a pessoas,08/07/2026,FALSE
4219,"Vista geral do quadro de comando. 
O quadro de comando apresenta acúmulo excessivo de sujeira nas suas partes internas. O acúmulo de sujeira nos componentes eletroeletrônicos provoca mau funcionamento, falhas intermitentes, dificuldade de dissipar calor e causam danos prematuros aos componentes.
A limpeza da parte interna do quadro deve fazer parte dos procedimentos rotineiros de manutenção, de forma a garantir um funcionamento regular do elevador e garantir sua vida útil.",Eliseu,,Sinalizações e Identificação,ok,"sujeira, falhas, ótima nota, quadro eletromecânico",08/07/2026,FALSE
4220,"Foi feita a identificação (numeração) dos quadros de comando apenas em suas portas. Como as portas são removíveis, sujeita a troca entre os quadros, e ao serem retiradas não há como identificar visualmente a qual elevador o quadro de comando pertence. Deve-se proceder a identificação na lateral do gabinete dos quadros de comando, de forma a ser permanentemente visível.",Eliseu,,Sinalizações e Identificação,ok,"identificação somente na porta, porta removível",08/07/2026,FALSE
4221,"Faltam as indicações necessárias para facilitar a compreensão da instalação elétrica.
13.5.3 Método de instalação  13.5.3.1 A instalação elétrica deve ser provida com as indicações necessárias para facilitar a sua compreensão.  
 
 ",Eliseu,,Sinalizações e Identificação,ok,indicações para facilitar a compreensão da instalação elétrica,08/07/2026,FALSE
4222,"A identificação dos equipamentos está incorreta nos diversos componentes dos elevadores, sujeitando a comprometimentos devido à comunicação equivocada.
 
As identificações que forem permanecer nos elevadores no final da montagem devem ser indeléveis, de material durável, conforme norma técnica.
NM207 Avisos e instruções de operação 15.1 Disposições gerais Quaisquer rótulos, avisos e instruções de operação [...].Eles devem ser indeléveis, de material durável, colocados em uma posição visível [...]
 
NM 207 15 Avisos e instruções de operação 15.15 Grupo de elevadores Se partes de diferentes elevadores estão presentes em uma mesma casa de máquinas ou casa de polias, cada elevador deve ser identificado com um número ou uma letra invariavelmente usada em todas as partes (máquina, controle, limitador de velocidade, interruptores, etc). Para facilitar a inspeção, manutenção, etc no topo da cabina, no poço ou em outros locais, onde necessário, o mesmo símbolo de identificação deve aparecer.",Rômulo,,Sinalizações e Identificação,ok,identificação de equipamentos,08/07/2026,FALSE
4229,"Recomenda-se a identificação dos circuitos, conforme NBR 5410.
NBR 5410 6.1.5 Identificação dos componentes 6.1.5.1 Placas, etiquetas e outros meios adequados de identificação devem permitir identificar a finalidade dos dispositivos de comando, manobra e/ou proteção, a menos que não exista nenhuma possibilidade de confusão. ",Rômulo,,Sinalizações e Identificação,ok,identificação de circuitos NBR 5410,08/07/2026,FALSE
4230,"Vista geral do quadro de comando. Faltam os esquemas elétricos dos elevadores. Os esquemas devem estar disponíveis à fiscalização municipal. A legislação municipal exige que os elevadores disponham dos esquemas elétricos, impondo penalidades para a falta dos mesmos. Os esquemas elétricos dos elevadores devem ser mantidos permanentemente em boas condições e em ordem. Quaisquer alterações nos circuitos elétricos dos elevadores devem ser registradas pelo responsável técnico pelos mesmos. Os diagramas esquemáticos de circuito elétrico (usando símbolos IEC) , que podem ser limitados aos circuitos para compreensão geral das necessidades de segurança. Os símbolos devem ser explicados por meio de uma nomenclatura.",Eliseu,,Sinalizações e Identificação,ok,Obrigatoriedade dos esquemas elétricos,08/07/2026,FALSE
4231,"Vista geral do quadro de comando. Faltam os esquemas elétricos dos elevadores. Os esquemas devem estar disponíveis à fiscalização municipal. A legislação municipal exige que os elevadores disponham dos esquemas elétricos, impondo penalidades para a falta dos mesmos. Os esquemas elétricos dos elevadores devem ser mantidos permanentemente em boas condições e em ordem.",Eliseu,,Sinalizações e Identificação,ok,Obrigatoriedade dos esquemas elétricos,08/07/2026,FALSE
4232,"Vista mostrando o quadro de comando do elevador, instalado ao lado da porta do último pavimento superior.
O dispositivo e-break para manobras de resgate de passageiros em situação de emergência na ausência de energia convencional foi constatado inoperante. Necessita regularização.
Os dispositivos de segurança do elevador devem ser mantidos permanentemente em perfeitas condições de funcionamento.",Eliseu,,Sistema de Resgate,ok,e-break inoperante,08/07/2026,FALSE
4233,"sistema de resgate em plataforma
 
ISO 9386-1 7.3 Operação de emergência/manual 7.3.1 Um dispositivo de emergência deve ser fornecido. Onde uma operação de emergência é realizada por meio de um volante manual, tal volante deve ser uma roda lisa. Alternativamente, uma alimentação de energia elétrica de emergência ou um dispositivo pode ser usado para operação motorizada. A alimentação de energia elétrica de emergência deve ser apta a trazer a plataforma com carga nominal a um pavimento. Onde necessário, por razões de segurança, um contato de segurança deve prover proteção contra operação involuntária dos controles normais quando em operação de emergência.",Rômulo,,Sistema de Resgate,ok,sistema de resgate em plataforma,08/07/2026,FALSE
4223,"As instruções dos equipamentos não contém indicações em português. Tal irregularidade contraria a norma. 
 
NM 207 15 Avisos e instruções de operação 15.1 Disposições gerais Quaisquer rótulos, avisos e instruções de operação devem ser legíveis e facilmente compreensíveis (se necessário ajudado com sinais e símbolos). Eles devem ser indeléveis, de material durável, colocados em uma posição visível e redigidos na língua do país onde o elevador está instalado (ou, se necessário, em várias línguas).",Eliseu,,Sinalizações e Identificação,ok,indicações em língua estrangeira,08/07/2026,FALSE
4224,"As identificações dos componentes dos elevadores ao longo da instalação estão feitos de forma improvisada, e em alguns componentes não foram realizadas.
A perfeita sinalização e identificação da instalação é obrigatória visando a eficiente identificação dos equipamentos e suas características técnicas, especialmente em situações de emergência.
A norma ainda exige que os rótulos de identificação sejam indeléveis, de material durável, colocados em uma posição visível.
(Ver detalhamento na próxima página sobre a adequada identificação e sinalização dos componentes da instalação do elevador).
Necessita regularização.",Rômulo,,Sinalizações e Identificação,ok,Identificação dos equipamentos,08/07/2026,FALSE
4225,"A identificação dos componentes do elevador está inconsistente ao longo da instalação, e em alguns componentes não foram realizadas.
A perfeita sinalização e identificação da instalação é obrigatória visando a eficiente identificação dos equipamentos e suas características técnicas, especialmente em situações de emergência. E ainda, evitando erros na geração de orçamentos de reparo e confusões.
A norma ainda exige que os rótulos de identificação sejam indeléveis, de material durável, colocados em uma posição visível.
(Ver detalhamento na próxima página sobre a adequada identificação e sinalização dos componentes da instalação do elevador).
Necessita regularização.",Rômulo,,Sinalizações e Identificação,ok,identificação inconsistente dos componentes,08/07/2026,FALSE
4226,"A identificação dos componentes do elevador está inconsistente ao longo da instalação, e em alguns componentes não foram realizadas.
A perfeita sinalização e identificação da instalação é obrigatória visando a eficiente identificação dos equipamentos e suas características técnicas, especialmente em situações de emergência. E ainda, evitando erros na geração de orçamentos de reparo.
A norma ainda exige que os rótulos de identificação sejam indeléveis, de material durável, colocados em uma posição visível.
(Ver detalhamento na próxima página sobre a adequada identificação e sinalização dos componentes da instalação do elevador).
Necessita regularização.",Rômulo,,Sinalizações e Identificação,ok,sinalização e identificação de compontentes incosistente ao longo da instalação,08/07/2026,FALSE
4227,"Quadro de comando. Identificação elétrica. Contatores, relés, fusíveis e bornes de ligação dos circuitos dentro dos armários de controle devem ser marcados de acordo com o esquema elétrico. Falta a marcação de identificação das chaves de alta e baixa velocidade do elevador",Eliseu,,Sinalizações e Identificação,ok,indentificação nos circuitos,08/07/2026,FALSE
4228,"As identificações do quadro de comando devem estar em conformidade com a norma.
NM207 15 Avisos e instruções de operação 15.1 Disposições gerais Quaisquer rótulos, avisos e instruções de operação devem ser legíveis e facilmente compreensíveis (se necessário ajudado com sinais e símbolos). Eles devem ser indeléveis, de material durável, colocados em uma posição visível e redigidos na língua do país onde o elevador está instalado (ou, se necessário, em várias línguas).",Eliseu,,Sinalizações e Identificação,ok,orientação de sinalizações,08/07/2026,FALSE
4327,"Foi constatado que as botoeiras de pavimento do elevador são incompatíveis com a configuração e a destinação do edifício, tornando o sistema de transporte vertical inadequado para o uso a que se destina.

Todos os pavimentos do edifício possuem botoeiras unidirecionais, dotadas de apenas um botão de chamada. Entretanto, o empreendimento possui pavimentos de garagem abaixo do térreo e um rooftop localizado na cobertura, de modo que os usuários, em praticamente todos os pavimentos, necessitam realizar deslocamentos tanto em sentido de subida quanto de descida.

Os elevadores operam atendendo integralmente as chamadas registradas em um determinado sentido de deslocamento antes de inverterem o percurso. Dessa forma, a inexistência de botoeiras com indicação do sentido pretendido impede o correto gerenciamento das chamadas pelo sistema de controle dos elevadores.

Como consequência, um usuário localizado no pavimento térreo que deseje acessar a segunda garagem, situada abaixo desse nível, deverá acionar a única botoeira disponível, a qual registra uma chamada em sentido de subida. Nessa situação, um elevador que esteja passando pelo térreo em sentido de descida não atenderá à solicitação, ainda que esteja se deslocando exatamente para o destino pretendido pelo usuário. O elevador seguirá seu percurso, retornará ao térreo em sentido de subida e somente então permitirá o embarque. A partir desse momento, o usuário será conduzido obrigatoriamente ao topo do edifício, acompanhando todo o atendimento das chamadas de subida, para somente após a inversão do sentido de deslocamento iniciar o retorno em descida e alcançar a garagem pretendida.

Tal comportamento evidencia que o sistema instalado não atende adequadamente à finalidade a que se destina, impedindo que o usuário solicite o elevador no sentido efetivamente desejado e comprometendo de forma significativa a funcionalidade, a eficiência e a usabilidade do transporte vertical. Na prática, deslocamentos simples passam a exigir percursos desnecessários por toda a altura do edifício, tornando frequente a necessidade de utilização das escadas como alternativa mais eficiente ao próprio elevador.

Conclui-se, portanto, que a configuração atualmente instalada é tecnicamente inadequada para as características do empreendimento, caracterizando inconformidade funcional do sistema de transporte vertical.

Para restabelecer o funcionamento adequado, deve ser realizada a substituição das botoeiras dos pavimentos intermediários por modelos com chamada bidirecional (subida e descida), permitindo a correta identificação do sentido de deslocamento pretendido pelo usuário e o adequado gerenciamento das chamadas pelo sistema de controle dos elevadores.",Romulo,,Botoeiras e Indicadores de Posição,revisar,botoeira que não tem sentido de descida para a garagem,16/07/2026,FALSE
4328,"O revestimento do piso da cabina encontra-se danificado, apresentando partes rasgadas e soltas na entrada. 
Essa condição dá um aspecto degradado ao equipamento.
Recomenda-se a substituição do piso da cabina por um novo material antiderrapante e de alta resistência.
",Romulo,,Piso,revisar,"piso rasgado, substituir na modernização",17/07/2026,FALSE
4329,"Recomendamos para a modernização a instalação de balaustrada (guarda-corpo) na parte superior da cabine, para evitar acidentes envolvendo os técnicos, e minimizar a queda de objetos.
Obs: Apesar de não ser estritamente exigido por norma quando o vão entre a cabine e a parede é inferior à 30 cm (é o caso) entendemos que a distancia atual de 25cm constitui riscos.
",Romulo,,Estrutura Externa e Corrediças,revisar,"recomendação para instalação de guarda corpo, mesmo quando a distância é menor do que 30 cm",17/07/2026,FALSE
4234,"sistema de resgate de plataforma, citação completa
 
ISSO 9386-1 7.3  Operação de emergência/manual 7.3.1  Um dispositivo de emergência deve ser fornecido. Onde uma operação de emergência é realizada por meio de um volante manual, tal volante deve ser uma roda lisa. Alternativamente, uma alimentação de energia elétrica de emergência ou um dispositivo pode ser usado para operação motorizada. A alimentação de energia elétrica de emergência deve ser apta a trazer a plataforma com carga nominal a um pavimento. Onde necessário, por razões de segurança, um contato de segurança deve prover proteção contra operação involuntária dos controles normais quando em operação de emergência.
As instruções para operação de emergência/manual devem ser exibidas de forma destacada e devem ressaltar que a plataforma de elevação deve ser desligada e mantida sob constante vigilância quando sujeita â operação de emergência.
Onde o torque resistente do freio for muito grande para ser vencido pelo volante manual, de\/em ser providos meios de Iiberação do freio. Condições de queda livre sem controle não podem ser possíveis sob nenhuma circunstância. Um dispositivo que pode ser deixado em posição travada não pode ser usado para manter o freio aberto.
Deve ser provida uma etiqueta indicando o sentido de movimento, conforme 13.4.2.
 
7.3.2  Se a plataforma for projetada para ser operada por meios hidráulicos, deve estar provida com uma válvula de comando manual para permitir que a plataforma seja abaixada a uma velocidade não maior que a nominal. A operação desta válvula deve exigir uma forma manual continua.
No caso de plataformas com acionamento hidráulico de ação indireta, onde possa ocorrer afrouxamento de cabo ou corrente, a operação manual da válvula não pode provocar sua abertura quando a pressão estiver abaixo da pressão mínima de operação.
Uma bomba de acionamento manual que permita mover a plataforma em subida deve estar permanentemente instalada em todas as plataformas contendo freio de segurança ou dispositivo de bloqueio.",Rômulo,,Sistema de Resgate,ok,"sistema de resgate de plataforma, citação completa",08/07/2026,FALSE
4235,"O nobreak foi inspecionado e não apresentou irregularidades, realizando a comutação instantânea da alimentação dos equipamentos para a bateria interna assim que a rede elétrica foi interrompida.",,,Sistema de Resgate,ok,nobreak,08/07/2026,FALSE
4236,"QUADRO DE COMANDO: O quadro de comando gerencia todo o sistema do elevador, processando informações e controlando a resposta de todos os comandos, como estratégia de tráfego, velocidade e precisão nas paradas. Sua lógica pode ser operada através de relés ou circuitos eletrônicos com lógica digital.",Eliseu,,Sem Subcategoria,ok,explicação do mecanismo,08/07/2026,FALSE
4237,Os dispositivos operacionais instalados nos quadros de comando foram testados e certificado sua boa condição de uso e segurança.,Eliseu,,Sem Subcategoria,ok,ok,08/07/2026,FALSE
4238,"Os quadros de comando dos elevadores possuem sistema de acionamento através de corrente retificada por tiristores, que provocam aquecimento excessivo dos motores de tração, implicando em alto consumo de energia quando comparado a sistemas de acionamento por inversores de frequência VVVF.",Eliseu,,Sem Subcategoria,ok,"explicação corrente retificada, aquecimento",08/07/2026,FALSE
4239,"Vista geral mostrando o quadro de comando, responsável por processar as informações e controlar a resposta dos dispositivos do elevador.
Os equipamentos foram inspecionados e testados, não constatamos irregularidades.
Detalhes mostrando componentes instalados no quadro do comando.",Romulo,,Sem Subcategoria,ok,"quadro de comando sem irregularidades, ok",08/07/2026,FALSE
4240,"Falta fazer o aterramento adequado do quadro de força (as fiações de aterramento do quadro estão frouxas nos terminais).
NM207 13.5.5 Aterramento: Todas as partes metálicas do elevador não submetidas a tensão, tanto colocadas na casa de máquinas como na caixa, devem estar aterradas.",Eliseu,,Aterramento,ok,fiações frouxas nos terminais,08/07/2026,FALSE
4241,"Quadro de força dos elevadores. As ligações ao terra do quadro de força são feitas de forma improvisada e os fios estão frouxos. Compromete a segurança das pessoas e equipamentos, sujeitando a acidentes com descargas elétricas. Compromete a segurança.
NM207 13.5.5 Aterramento: Todas as partes metálicas do elevador não submetidas a tensão, tanto colocadas na casa de máquinas como na caixa, devem estar aterradas.",Eliseu,,Aterramento,ok,"emendas improvisadas, curto circuitos",08/07/2026,FALSE
4330,"Falta a chapa protetora sob a soleira da cabina (tapa-vista). 
Esta falta de fechamento deixa o poço diretamente exposto quando a porta de pavimento é aberta, sujeitando os usuários a riscos de quedas e acidentes no vão livre abaixo do elevador, em eventuais situações de resgate de passageiros quando a cabine está fora do pavimento.
Recomenda-se providenciar a instalação da chapa protetora (tapa-vista) sob a soleira da cabina. Como a profundidade do poço é pequena (~50 cm), é importante dimensionar e instalar uma chapa que se encaixe adequadamente, garantindo a proteção sem o risco de colisão contra o piso do poço quando o elevador estiver nivelado no pavimento inferior.
A adequação deve seguir as exigências de segurança estabelecidas na norma técnica. 
NM 207 - 5.4.4 (Cada soleira de cabina deve ser provida de uma chapa protetora).
Necessita regularização.",Romulo,,Estrutura Externa e Corrediças,revisar,"recomendação de instalação de tapa vista, cornija",17/07/2026,FALSE
4331,"O quadro de comando encontra-se em bom estado de conservação e é capaz de operar o elevador de forma normal e segura, não apresentando irregularidades em seu funcionamento imediato.
Em caso de modernização do equipamento, a substituição do quadro de comando por um sistema moderno equipado com inversor de frequência apresenta ganhos de performance ao equipamento.
Especificamente, essa modernização proporcionaria maior conforto nas partidas e paradas, melhor precisão no nivelamento da cabine nos pavimentos e maior eficiência energética, além de garantir uma melhor integração com novas botoeiras de cabine e de pavimento. 
",Romulo,,Modernização,revisar,ganhos de uma modernização para um quadro que já funciona bem,17/07/2026,FALSE
4242,"Falta o aterramento para o quadro de força do elevador. Tal irregularidade sujeita a acidentes envolvendo choques. Recomenda-se a regularização mediante instalação de aterramento.
NBR 7192 4.3.7 i) em todas as casas de máquinas  deve existir um ponto de aterramento atendendo a NBR 5410, junto à chave de força, onde serão ligados todos os equipamentos elétricos da instalação dos elevadores;",Eliseu,,Aterramento,ok,"falta aterramento do quadro, choques, regularização, NBR7192",08/07/2026,FALSE
4243,"Falta fazer o aterramento do quadro de força do elevador. Tal irregularidade sujeita a acidentes envolvendo choque elétrico. Necessita regularização.
NM207 13.5.5 Aterramento: Todas as partes metálicas do elevador não submetidas a tensão, tanto colocadas na casa de máquinas como na caixa, devem estar aterradas.",Eliseu,,Aterramento,ok,"falta aterramento do quadro, choques, regularização",08/07/2026,FALSE
4244,"Falta fazer a ligação do aterramento do quadro de força. Sujeita acidentes, e choques. A chave de força está com o acionamento danificado. As irregularidades comprometem a segurança.",,,Aterramento,ok,,08/07/2026,FALSE
4245,"Os mecanismos de segurança para travamento da porta do quadro de força estão danificados possibilitando que o elevador seja ligado com a porta do quadro de força aberta, expondo as partes energizadas a contato acidental.",Eliseu,,Componentes Elétricos,ok,falta contato de segurança,08/07/2026,FALSE
4246,"Os fusíveis dos interruptores principais instalados no quadro de força devem ser dimensionados para proteção do novo quadro de comando acionado por inversores de frequência.
Nos quadros de comando eletromecânicos (sem inversor de frequência), a corrente de partida dos motores é muito superior à corrente de partida utilizando inversores de frequência. A corrente de partida sem inversor é cerca de 7 vezes a nominal do motor ao passo que com inversor esta relação é de apenas 1,5 vezes a corrente nominal.  Portanto os fusíveis originais do elevador podem estar superdimensionados para proteger o acionamento com inversores. Ao instalar comandos com inversores de frequência, sugerimos como ação preventiva, revisar o dimensionamento dos fusíveis a fim de proporcionar uma proteção mais adequada ao equipamento evitando queima indevida, paralisação do elevador e outros transtornos.",Eliseu,,Componentes Elétricos,ok,orientação para dimensionamento dos fusíveis quando se instala novo quadro com inversor de frequência,08/07/2026,FALSE
4247,"Os interruptores principais, instalados no quadro de força, não atendem à norma NM207.
Os interruptores principais devem XXXXX.
NM207 13 Instalação elétrica 13.4 Interruptores 13.4.2 O interruptor geral (se existir) e os interruptores principais devem ter capacidade de interrupção de acordo com a potência instalada e ter, como mínimo, proteção contra curto circuito por fusíveis. Devem possuir um grau de proteção pelo menos IP 2X. Os interruptores principais dos elevadores, com as suas proteções, devem estar colocados na casa de máquinas e situados no lado oposto às dobradiças da porta de entrada e distante dela no máximo 1 m. Os interruptores principais devem possuir travamento mecânico na posição desligado com porta-cadeados. Quando, a partir deste interruptor, não se enxergar a máquina correspondente, deverá haver em série um segundo interruptor a partir do qual se possa enxergar a respectiva máquina. Além disso, para cada elevador deve ser instalado um interruptor diferencial com proteção máxima de 30mA, que proteja os circuitos de luz da cabina, alarme e tomada elétrica para 250 V com ligação a terra. Quando existir mais de uma máquina na casa de máquinas, cada máquina e seu correspondente interruptor devem possuir identificações iguais, e tais identificações devem estar claramente visíveis.",Eliseu,,Componentes Elétricos,ok,como devem ser os interruptores principais,08/07/2026,FALSE
4248,Os fusíveis são dispositivos responsáveis pela proteção contra curto circuitos e sobrecarga elétrica.,Rômulo,,Componentes Elétricos,ok,"fusível, o que é",08/07/2026,FALSE
4259,"Um dos fusíveis de proteção do circuito de iluminação foi constatado adulterado, está jumpeado. A adulteração de dispositivos de proteção e segurança é prática fortemente condenável. Necessita de procedimentos de manutenção envolvendo a instalação de novos fusíveis compatíveis com as características técnicas da instalação.",Eliseu,,Interligações e Fiações Elétricas,ok,"fusíveis jumpeados, substituição",08/07/2026,FALSE
4260,"No quadro de força, o circuito exclusivo de alimentação da máquina de tração está sendo utilizado para alimentação de outros circuitos e equipamentos, através de derivação. A norma proíbe. Necessita regularização através da instalação de circuitos independentes da alimentação da máquina.
NM207 13 Instalação elétrica 13.6.1 As alimentações elétricas da iluminação da cabina, da caixa e das casas de máquinas e de polias (se existem) devem ser independentes da alimentação da máquina, tanto através de outro circuito como através da ligação para o circuito de alimentação da máquina do lado da alimentação do interruptor principal ou dos interruptores principais citados em 13.4.",Eliseu,,Interligações e Fiações Elétricas,ok,alimentação de outros circuitos a partir do circuito de alimentação da máquina,08/07/2026,FALSE
4261,"Falta a proteção de corrente residual dos circuitos dos carros. A norma NM207 determina: NM207 13.6.3.1 Um interruptor deve controlar a alimentação do circuito do carro (se a casa de máquinas contém várias máquinas, é necessário ter um interruptor para cada carro). Este interruptor deve ser localizado próximo ao correspondente interruptor de potência principal. Além disso, estes circuitos deverão estar protegidos por um interruptor de corrente residual (interruptor diferencial máxima de 30 mA).",Eliseu,,Interligações e Fiações Elétricas,ok,"falta proteção de corrente do circuito dos carros, interruptor DR",08/07/2026,FALSE
4333,"Recomendamos sinalização no acesso para a máquina de tração.Existe, para o técnico, risco de colisão da cabeça contra a estrutura rígida.
Recomendamos conformidade com a NR-26 (Sinalização de Segurança do MTE) e com a ABNT NBR 7195 (Cores para Segurança), que exigem o uso da cor amarela ou padrão zebrado (preto e amarelo) para alertar sobre estruturas salientes e tetos baixos.
",Romulo,,Sinalizações e Identificação,revisar,risco de bater a cabeça não sinalizado,17/07/2026,FALSE
4332,"O freio da máquina é um dos componentes mais críticos para a segurança do elevador. Neste modelo específico de máquina de tração, o sistema requer cuidado redobrado, visto que o conjunto de frenagem fica interno ao motor e não é visível durante inspeções visuais de rotina.

Sendo assim, recomenda-se providenciar a abertura do conjunto para a realização de limpeza interna, regulagem das folgas e verificação minuciosa do estado de desgaste das lonas e molas.

Cabe ressaltar que a revisão e o ajuste do freio devem obrigatoriamente fazer parte dos procedimentos periódicos da manutenção, atendendo ao que determina a NBR 16083 (""A manutenção inclui: b) exames periódicos, reapertos e ajustes de componentes"").",Romulo,,Freio da Máquina,revisar,"recomendação de acompanhamento periodico ao freio do motorredutor, freio interno",07/08/2026,FALSE
4249,"Os interruptores principais fornecidos durante serviços de modernização não atendem aos requisitos mínimos de segurança exigidos por norma, por não possuírem proteção por fusíveis.
NM 207 13 Instalação elétrica 13.4 Interruptores 13.4.2 O interruptor geral (se existir) e os interruptores principais devem ter capacidade de interrupção de acordo com a potência instalada e ter, como mínimo, proteção contra curto circuito por fusíveis. 
O uso de fusíveis é exigido por realizarem corte da alimentação mais rápido do que os disjuntores, proporcionando proteção adequada para os componentes eletrônicos do quadro de comando em casos de curto circuito.
Necessita regularização.
A Lei 8078/90 (Código de Defesa do Consumidor), art. 39. É vedado ao fornecedor de produtos e serviços: VIII - Colocar, no mercado de consumo, qualquer produto ou serviço em desacordo com as normas expedidas pelos órgãos oficiais competentes ou, se normas específicas não existirem, pela ABNT ou outra entidade credenciada pelo Conselho Nacional de Metrologia, Normalização e Qualidade Industrial - CONMETRO.",Rômulo,,Componentes Elétricos,ok,quadro de força sem fusíveis,08/07/2026,FALSE
4250,"Comentário: Item 13.5.3 da NM207
Os circuitos de potência para alimentação dos elevadores a partir do quadro de entrada de força (entrada de energia do prédio) até a casa de máquinas pode ser feito utilizando a mesma fiação para alimentar todos os elevadores. Neste caso, junto ao quadro principal da casa de máquinas serão feitas as derivações para os interruptores principais de cada elevador.
No caso de se utilizar fiações individualizadas para alimentação de cada um dos elevadores, a partir da entrada de força do prédio, essas fiações serão encaminhadas para os interruptores principais de cada um dos elevadores na casa de máquinas, uma vez que não serão necessárias derivações.
É recomendável que os circuitos de potência para alimentação dos elevadores sejam individualizados a partir do quadro de entrada de força do edifício, uma vez que possibilita desligar individualmente cada um dos elevadores a partir da portaria em situações de emergência, mantendo em funcionamento os demais elevadores. Caso contrário, será necessário desligar todos os elevadores a partir do quadro de entrada de força do edifício, ou deslocar-se até a casa de máquinas para desligar o elevador envolvido no acidente. 
 
NM207 13 Instalação elétrica 13.5 Fiação elétrica 13.5.3 Método de instalação 13.5.3.7 Os circuitos de potência para a alimentação dos elevadores, desde o quadro de entrada de força ou saída da cabina primária, quando houver, até o quadro principal das casas de máquinas poderão ser individuais através de condutos próprios separados ou comuns, através de cabos ou barramentos. Neste caso, junto ao quadro principal da casa de máquinas serão feitas as derivações para os interruptores principais de cada elevador.",Eliseu,,Componentes Elétricos,ok,Comentário sobre alimentação dos circuitos de potência dos elevadores a partir do quadro de entrada de força (entrada de energia do prédio),08/07/2026,FALSE
4251,"Vista geral do quadro de forçados elevadores, mostrando os interruptores principais.
Na modernização, ao instalar quadros de comando eletrônicos com inversor de frequência, é necessário revisar o dimensionamento dos interruptores principais compatibilizando as proteções elétricas com a nova corrente nominal de partida dos motores das máquinas de tração.
Nos quadros de comando eletromecânicos (sem inversor de frequência), a corrente de partida dos motores é cerca de 7 vezes a nominal do motor ao passo que com inversor de frequência, esta relação é de apenas 1,5 vezes.",Eliseu,,Componentes Elétricos,ok,orientação para dimensionamento dos fusíveis quando se instala novo quadro com inversor de frequência,08/07/2026,FALSE
4252,A tampa do quadro de força do elevador está solta (danificada).Os componentes ligados à segurança dos elevadores devem ser mantidos permanentemente em perfeitas condições de operação. Necessita regularização.,Eliseu,,Fechamento e Proteções,ok,tampa solta,08/07/2026,FALSE
4253,"O quadro de força do elevador não atende à norma NBR7192.
NBR7192 4.3.5.1 A alimentação de força para a casa de máquinas deve ser provida de uma chave principal para cada elevador, devidamente numerada em correspondência com o número de cada um deles. Esta chave deve desligar todos os condutores do circuito de alimentação do motor do elevador, ou no caso do controle de gerador, do motor gerador, que fornece energia ao motor do elevador, e ainda: a) ser do tipo multipolar blindada, com fusíveis que possuem curvas características e indicador de interrupção; b) estar colocada a uma distância máxima de 1 m da porta de acesso ou do patamar superior da casa de máquinas do elevador. Essa chave não deve desligar a alimentação de:-luz e alarme da cabina;- luz e tomadas da casa de máquinas;- luz da caixa.",Eliseu,,Fechamento e Proteções,ok,"travamento mecânico, norma",08/07/2026,FALSE
4254,"Os interruptores principais não possuem travamento mecânico, tal irregularidade contraria a norma:
 
NM 207 13 Instalação elétrica 13.4 Interruptores 13.4.2 Os interruptores principais devem possuir travamento mecânico na posição desligado com porta-cadeados.
 
Essa exigência da norma visa possibilitar que um técnico, ao interromper o funcionamento de um elevador pelo interruptor principal, possa o travar mecanicamente, evitando acidentes graves envolvendo seu religamento.
 
Necessita regularização.",Rômulo,,Fechamento e Proteções,ok,quadro de força sem travamento mecânico,08/07/2026,FALSE
4255,"Vistas mostrando os interruptores principais dos elevadores. Os interruptores principais propiciam proteção à instalação elétrica e permite ativar e desativar o fornecimento de energia elétrica para o elevador.
A placa na qual os interruptores principais estão instalados é de madeira, material que se comporta como combustível em caso de incêndio.
Recomenda-se substituição por quadro que atenda às exigências de segurança da norma NM 207.",Rômulo,,Fechamento e Proteções,ok,quadro de madeira,08/07/2026,FALSE
4256,"Quadro de força dos elevadores. As chaves de força apresentam danos nos terminais, típicos de ocorrência de curto circuito. Recomenda-se procedimentos de manutenção envolvendo a substituição do componente danificado.",Eliseu,,Interligações e Fiações Elétricas,ok,"indícios de ocorrencia de curto, danos aos terminais",08/07/2026,FALSE
4257,"O isolamento dos cabos do circuito de alimentação das máquinas de tração, ligados ao quadro de força, estão roçando nas quinas vivas sujeitando os isolamentos a danos, curtos-circuitos e acidentes.
NM207 13.5.3.5 A fim de assegurar a continuidade da proteção mecânica, a capa protetora dos condutores e cabos deve ser totalmente introduzida na caixa de interruptores e aparelhagens, ou deve ter uma manga de construção adequada nas extremidades.",Eliseu,,Interligações e Fiações Elétricas,ok,"cabos roçando nas quinas, curto circuito",08/07/2026,FALSE
4258,"Foi constatado que uma das fases está com a fixação frouxa no terminal, provocando mau contato e tensão desigual entre as fases, sujeitando a queima do enrolamento do motor da máquina. Recomenda-se procedimentos de manutenção envolvendo a fixação adequada dos terminais.",Eliseu,,Interligações e Fiações Elétricas,ok,"fiação frouxa, falha de funcionamento",08/07/2026,FALSE
4285,A pendência foi regularizada ainda durante inspeção pelo técnico da empresa responsável pela manutenção/fornecimento do elevador.,Eliseu,,Sem Subcategoria,ok,pendencia foi regularizada durante inspeção,08/07/2026,FALSE
4262,"O quadro de força, contendo os interruptores principais, estão instalados em posição que não atende à norma.
NM207 13 Instalação elétrica 13.4 Interruptores 13.4.2 [...] Os interruptores principais dos elevadores, com as suas proteções, devem estar colocados na casa de máquinas e situados no lado oposto às dobradiças da porta de entrada e distante dela no máximo 1 m.",Rômulo,,Interligações e Fiações Elétricas,ok,"posicionamento dos quadros, norma",08/07/2026,FALSE
4263,"As fiações de alimentação dos circuitos de força dos elevadores estão expostas. Necessita de regularização envolvendo a sua proteção contra danos.
NM207 13.5.1.1 Exceto para os circuitos de potência da máquina, podem ser usados em todos os circuitos os condutores selecionados conforme CENELEC HD 21.3 S2, partes 2 (HO7V-U e HO7V-R), 3 (HO7V-K), 4 (HO5V-U) e 5 (HO5V-K), desde que eles estejam instalados em conduites (ou canaletas) feitas de metal ou plásticos ou os condutores estejam protegidos de maneira equivalente.",Eliseu,,Interligações e Fiações Elétricas,ok,"Fiação exposta, regularização",08/07/2026,FALSE
4264,"Existem fiações com partes vivas expostas, sujeitando a contatos diretos e acidentes.
NM207 13 Instalação elétrica 13.1.2 Nas casas de máquinas e casas de polias é necessária uma proteção contra contato direto, por meio de coberturas possuindo um grau de proteção pelo menos IP 2X.
Grau de proteção IP 2X - Protegido contra objetos sólidos de Ø 12 mm e maior.",Eliseu,,Interligações e Fiações Elétricas,ok,"fiações com partes vivas expostas, grau de proteção IP 2X",08/07/2026,FALSE
4265,"As identificações do elevador dever ser legíveis e facilmente compreensíveis
NM207 15 Avisos e instruções de operação 15.1 Disposições gerais Quaisquer rótulos, avisos e instruções de operação devem ser legíveis e facilmente compreensíveis (se necessário ajudado com sinais e símbolos). Eles devem ser indeléveis, de material durável, colocados em uma posição visível e redigidos na língua do país onde o elevador está instalado (ou, se necessário, em várias línguas).",Eliseu,,Sinalizações e Identificação,ok,identificação do quadro,08/07/2026,FALSE
4266,"As identificações dos quadros de força devem ser feitas em local permanentemente visível, inclusive quando as portas do quadro estiverem abertas.
NM207 15 Avisos e instruções de operação 15.1 Disposições gerais Quaisquer rótulos, avisos e instruções de operação devem ser legíveis e facilmente compreensíveis (se necessário ajudado com sinais e símbolos). Eles devem ser indeléveis, de material durável, colocados em uma posição visível e redigidos na língua do país onde o elevador está instalado (ou, se necessário, em várias línguas).",Eliseu,,Sinalizações e Identificação,ok,identificação em local visível,08/07/2026,FALSE
4267,"As identificações dos equipamentos não atendem à norma. Estão sendo utilizadas diversas numerações para identificação de um mesmo elevador, sujeitando a equívocos quando do acionamento do equipamento em situações de emergência. 
NM207 13.4.2 [...] Quando existir mais de uma máquina na casa de máquinas, cada máquina e seu correspondente interruptor devem possuir identificações iguais, e tais identificações devem estar claramente visíveis.",Rômulo,,Sinalizações e Identificação,ok,quadro de força com vária identificações diferentes,08/07/2026,FALSE
4268,"Devem ser providos avisos para permitir fácil identificação dos interruptores principais (responsáveis por cortar a alimentação do circuito de potência do elevador e circuitos dependentes), e dos interruptores de iluminação (responsáveis por cortar a alimentação do circuito de iluminação da cabina e circuitos dependentes).
NM207 15.4.2 Devem ser providos avisos para permitir fácil identificação dos interruptores principais e os interruptores de iluminação.",Eliseu,,Sinalizações e Identificação,ok,falta aviso para diferenciar os interruptores principais e os de iluminação,08/07/2026,FALSE
4334,"Recomendamos a instalação de uma escada fixa para o acesso a casa de máquinas e a instalação de um guarda corpo. 
O desnível de 1,20 m gera risco de acidente por queda de um técnico durante o acesso na casa de máquinas. 
A norma NM207 estabelece: NM207 6.3.2.4 Quando a casa de máquinas tiver vários níveis com desníveis maiores que 0,5 m, devem ser providas escadas ou degraus com balaustradas.",Romulo,,Porta de Acesso,revisar,"desnivel grande para acessar a casa de máquinas, sem escada fixa",17/07/2026,FALSE
4335,"Recomendamos a adequação da fechadura de acesso à casa de máquinas para que realize o fechamento e travamento autônomos, e possa ser aberta por dentro sem o uso de chave. Essa medida previne o acesso indevido ao local e elimina o risco de aprisionamento acidental, garantindo uma evacuação rápida do recinto em emergências.
Tais exigências seguem as normas técnicas de segurança em elevador.
NM207 6.3.3.1 A porta de acesso à casa de máquinas deve ser de material incombustível e sua folha deve abrir para fora, estar provida de fechadura com chave, com fechamento e travamento autônomo. 2) Não é possível a abertura da porta por dentro do recinto sem o uso de chave. 
NM207 6.1.2 [...] Quando fechadas, a abertura da porta por dentro do recinto (casa de máquinas) deve ser possível sem o uso da chave. 3) A folha da porta não abre para fora da casa de máquinas. 
NM 207 6.3.3.1 A porta de acesso à casa de máquinas deve ser de material incombustível e sua folha deve abrir para fora, estar provida de fechadura com chave, com fechamento e travamento autônomo.
",Romulo,,Porta de Acesso,revisar,porta de acesso com trinco comum,17/07/2026,FALSE
4293,"Para modernização recomendamos a substituição das botoeiras de pavimentos, para botoeiras com display digital, indicador de posição, braille (para o uso de pessoa com deficiência visual), a instalação de um sistema eletrônico de controle de acesso (como leitor de Tag, QR Code, senha ou biometria facial) e a atualização das chaves de bombeiro.",Romulo,,Modernização,revisar,"modernização, substituição das botoeiras de pavimento, com controle de acesso",17/07/2026,FALSE
4294,"Para modernização recomendamos a substituição das botoeiras de pavimentos, para botoeiras com display digital indicador de posição e braille (para o uso de pessoa com deficiência visual) e a atualização das chaves de bombeiro.",Romulo,,Modernização,revisar,"modernização, substituição das botoeiras de pavimento",17/07/2026,FALSE
4295,"Para modernização recomendamos a substituição do painel das botoeiras da cabine do elevador, por botoeira com display digital, indicador de posição, voicer digital, braille (para o uso de pessoa com deficiência visual), alarme e com o sistema de intercomunicação. O interfone para elevador é um sistema de comunicação bidirecional essencial para emergências. Ele permite que passageiros presos na cabina contatem instantaneamente a portaria, a casa de máquinas ou uma central de monitoramento. ",Romulo,,Modernização,revisar,"modernização, substituição das botoeiras da cabine",17/07/2026,FALSE
4336,"A porta de pavimento do andar da portaria, quando puxada manualmente no sentido de abertura desfaz o contato elétrico do trinco paralisando o elevador de súbito.
Necessita regularização.
NBR 16042 7.7 Confirmação de porta de pavimento fechada e travada. 7.7.3.1 Travamento 7.7.3.1.5 O engate dos elementos de travamento deve ser de modo que uma força de 300 N no sentido da abertura da porta não diminua a eficácia do travamento. 
",Romulo,,"Trinco, Travamento e Contatos de Segurança",revisar,"Travamento, Segurança, NBR 16042, Risco de Paralisação, Contato Elétrico, Porta do Pavimento Térreo/Portaria.",22/07/2026,FALSE
4269,"O circuito da instalação elétrica do interruptor principal não atende a norma, uma vez que corta a alimentação do circuito que alimenta a iluminação da cabina e o dispositivo de alarme. Deve ser instalado, para cada elevador, um interruptor para controlar a alimentação do circuito do carro (cabina), protegido por interruptor DR, conforme NM207 13.6.3.1.
NM207 13 Instalação elétrica 13.4 Interruptores 13.4.1 As casas de máquinas devem possuir, para cada elevador, um interruptor principal capaz de cortar a alimentação do elevador em todos os condutores ativos. [...]. Este interruptor não deve cortar os circuitos que alimentam: a) a iluminação da cabina ou ventilação, se existente; b) a tomada elétrica no topo da cabina; c) a iluminação da casa de máquinas e casa de polias; d) a tomada elétrica na casa de máquina; e) a iluminação da caixa do elevador; f) o dispositivo de alarme.
 
NM207 13.6.3.1 Um interruptor deve controlar a alimentação do circuito do carro (se a casa de máquinas contém várias máquinas, é necessário ter um interruptor para cada carro). Este interruptor deve ser localizado próximo ao correspondente interruptor de potência principal. Além disso, estes circuitos deverão estar protegidos por um interruptor de corrente residual (interruptor diferencial máxima de 30 mA).",Eliseu,,Sinalizações e Identificação,ok,"interruptor principal cortando alimentação de outros circuitos (iluminação da cabina), norma proíbe",08/07/2026,FALSE
4270,"A máquina do elevador e o seu correspondente interruptor (no quadro de força) devem possuir identificações iguais.
NM207 13.4.2 [...] Quando existir mais de uma máquina na casa de máquinas, cada máquina e seu correspondente interruptor devem possuir identificações iguais, e tais identificações devem estar claramente visíveis.",Eliseu,,Sinalizações e Identificação,ok,a máquina e o quadro de força devem ter identificações iguais,08/07/2026,FALSE
4271,QUADRO DE FORÇA: O quadro de força propicia proteção à instalação elétrica e permite ativar e desativar o fornecimento de energia elétrica para o elevador.,Eliseu,,Sem Subcategoria,ok,explicação do mecanismo,08/07/2026,FALSE
4272,"Quadro de força dos elevadores.
NBR 7192 4.3.5.1 A alimentação de força para a casa de máquinas deve ser provida de uma chave principal para cada elevador, devidamente numerada em correspondência com o número de cada um deles. Esta chave deve desligar todos os condutores do circuito de alimentação do motor do elevador, ou no caso do controle de gerador, do motor gerador, que fornece energia ao motor do elevador, e ainda: a)ser do tipo multipolar blindada, com fusíveis que possuem curvas características e indicador de interrupção; b)estar colocada a uma distância máxima de 1 m da porta de acesso ou do patamar superior da casa de máquinas do elevador. Essa chave não deve desligar a alimentação de: luz e alarme da cabina; luz e tomadas da casa de máquinas; luz da caixa.",Eliseu,,Sem Subcategoria,ok,quadro de força pela NBR 7192,08/07/2026,FALSE
4273,"Vistas mostrando o quadro de força do elevador. O quadro de força propicia proteção à instalação elétrica e permite ativar e desativar o fornecimento de energia elétrica para o elevador.
As instalações foram inspecionadas, não constatamos irregularidade.",Rômulo,,Sem Subcategoria,ok,"explicação do mecanismo, inspecionado, OK",08/07/2026,FALSE
4274,"8.3.2 Quadros de distribuição e painéis
8.3.2.1 Estrutura
Deve ser verificada a estrutura dos quadros e painéis, observando-se seu estado geral quanto a fixação,
integridade mecânica, pintura, corrosão, fechaduras e dobradiças. Deve ser verificado o estado geral dos
condutores e cordoalhas de aterramento.
8.3.2.2 Componentes
No caso de componentes com partes móveis, como contatores, relés, chaves seccionadoras, disjuntores etc.,
devem ser inspecionados, quando o componente permitir, o estado dos contatos e das câmaras de arco,
sinais de aquecimento, limpeza, fixação, ajustes e calibrações. Se possível, o componente deve ser acionado
umas tantas vezes, para se verificar suas condições de funcionamento.
No caso de componentes sem partes móveis, como fusíveis, condutores, barramentos, calhas, canaletas,
conectores, terminais, transformadores, etc., deve ser inspecionado o estado geral, verificando-se a
existência de sinais de aquecimento e de ressecamentos, além da fixação, identificação e limpeza.
No caso de sinalizadores, deve ser verificada a integridade das bases, fixação e limpeza interna e externa.",Eliseu,,Sem Subcategoria,ok,,08/07/2026,FALSE
4337,"A iluminação de emergência e o alarme não funcionam na falta de energia convencional no interior da cabina. 
Tal irregularidade sujeita ao passageiro ficar preso dentro da cabine sem ter condições de pedir socorro.
A fonte de emergência deve entrar em funcionamento automático na falta de energia elétrica no edifício garantindo a segurança dos passageiros, proporcionando iluminação e alarme na cabina.
Necessita regularização conforma a norma:
NM7192 4.3.8.2 Os elevadores devem ser alimentados por uma fonte de emergência não necessariamente exclusiva satisfazendo aos seguintes requisitos: a) ser independente da linha e ligar a iluminação da cabina automaticamente dentro de 10 s, após a falta de alimentação da linha; b) ser capaz de alimentar a iluminação da cabina e os dispositivos de alarme pelo menos durante 1 h;

",Romulo,,Sistemas de Emergência,revisar,"Iluminação de Emergência, Alarme, Falta de Energia, Segurança, Risco de Aprisionamento, NM7192, Fonte de Emergência.",22/07/2026,FALSE
4338,"Foi constatado durante a inspeção que o acionamento (abertura ou fechamento) da porta da cabine, após o registro de uma chamada inicial, provoca o acionamento simultâneo de chamadas em múltiplos andares no painel de botoeiras da cabine.
Como o painel registra chamadas para diversos andares simultaneamente, o elevador fará paradas desnecessárias em cada um desses pavimentos. O trajeto que deveria ser direto ou com poucas interrupções torna-se demorado causando desconforto e insegurança aos usuários. Necessita regularização através da revisão das ligações elétricas entre a porta da cabine, botoeiras da cabine, caixa de interligação da cabine, cabo de manobra e quadro de comando. 

",Romulo,,Botoeira,revisar,"Botoeira de Cabine, Registro de Chamadas, Falha Elétrica, Cabo de Manobra, Porta da Cabine, Paradas Desnecessárias, Quadro de Comando.",22/07/2026,FALSE
4276,Os componentes de segurança dos elevadores devem ser mantidos permanentemente em perfeitas condições de funcionamento.,Eliseu,,Componentes Elétricos,ok,"componentes de segurança, perfeitas condições",08/07/2026,FALSE
4277,A prática de remendar de forma improvisada componentes ligados à segurança dos elevadores é fortemente condenável e tende a sucatear o equipamento. Os componentes de segurança dos elevadores devem ser mantidos permanentemente em perfeitas condições de funcionamento.,Eliseu,,Interligações e Fiações Elétricas,ok,"remendas, condenável, sucateamento, perfeitas condições.",08/07/2026,FALSE
4278,A prática de adulteração ou eliminação de circuitos de segurança dos elevadores é altamente condenável e compromete a segurança. Os componentes de segurança dos elevadores devem ser mantidos permanentemente em perfeitas condições de funcionamento e integridade.,Eliseu,,Interligações e Fiações Elétricas,ok,"adulteração de circuitos de segurança, condenável, segurança, perfeitas condições",08/07/2026,FALSE
4279,"NM207 15 Avisos e instruções de operação 15.1 Disposições gerais Quaisquer rótulos, avisos e instruções de operação devem ser legíveis e facilmente compreensíveis (se necessário ajudado com sinais e símbolos). Eles devem ser indeléveis, de material durável, colocados em uma posição visível e redigidos na língua do país onde o elevador está instalado (ou, se necessário, em várias línguas).",Rômulo,,Sinalizações e Identificação,ok,"avisos e instruções devem ser redigidos no idioma/língua do país, norma",08/07/2026,FALSE
4280,"8.3 Verificações de rotina – Manutenção preventiva
Sempre que possível, as verificações devem ser realizadas com a instalação desenergizada.
Invólucros, tampas e outros meios destinados a garantir proteção contra contatos com partes vivas podem
ser removidos para fins de verificação ou manutenção, mas devem ser completa e prontamente
restabelecidos ao término destes procedimentos.
8.3.1 Condutores
Deve ser inspecionado o estado da isolação dos condutores e de seus elementos de conexão, fixação e
suporte, com vista a detectar sinais de aquecimento excessivo, rachaduras e ressecamentos, verificando-se
também se a fixação, identificação e limpeza se encontram em boas condições.
NOTA O reaperto das conexões deve ser feito no máximo 90 dias após a entrada em operação da instalação
elétrica e repetido em intervalos regulares.",Eliseu,,Sem Subcategoria,ok,,08/07/2026,FALSE
4281,"Do recebimento dos elevadores instalados: Para efeito de recebimento e autorização para funcionamento a empresa responsável pelo fornecimento dos elevadores deverá apresentar dossiê técnico, conforme previsto na norma ABNT-NM207-16.1.1 de forma a comprovar que o conjunto fornecido e instalado é compatível com as características de demanda das instalações.
ABNT-NM207-16.1.1 O dossiê técnico a entregar ao se solicitar uma autorização prévia deve conter as informações necessárias para assegurar que as partes constituintes estão corretamente calculadas e o projeto da instalação está de acordo com esta Norma.",Rômulo,,Sem Subcategoria,ok,solicitação de dossie tecnico,08/07/2026,FALSE
4282,Recomendamos que as irregularidades pendentes apontadas ao longo do laudo sejam sanadas a fim de que os equipamentos possam ser disponibilizados ao uso em perfeitas condições de segurança.,Rômulo,,Sem Subcategoria,ok,"recomendação, primeira pagina do laudo",08/07/2026,FALSE
4284,"Prezados Senhores:
Declaramos para os fins devidos que os elevadores sem casa de máquinas ThyssenKrupp números 112266 e 112267, instalados no Centro de Treinamento Esportivo da UFMG foram reinspecionados, quando verificou-se a regularização das pendências apontadas nos laudos de inspeção anteriores.
Certificamos que os elevadores apresentaram-se em perfeitas condições de uso e segurança, devendo receber adiante os procedimentos periódicos de manutenção envolvendo limpeza, ajustes e lubrificação.
Agradecendo a oportunidade de prestar nossos serviços, nos colocamos ao inteiro dispor de v.sas para eventuais esclarecimentos que se façam necessários.",Eliseu,,Sem Subcategoria,ok,termo de recebimento,08/07/2026,FALSE
4275,"13.5.3.7 Os circuitos de potência para a alimentação dos elevadores, desde o quadro de entrada de força ou saída da cabina primária, quando houver, até o quadro principal das casas de máquinas poderão ser individuais através de condutos próprios separados ou comuns, através de cabos ou barramentos. Neste caso, junto ao quadro principal da casa de máquinas serão feitas as derivações para os interruptores principais de cada elevador.",Eliseu,,Sem Subcategoria,ok,"alimentação, máquinas",08/07/2026,FALSE
4283,"Teste. Inserido por Osiris - HP. 12:12, 01/06/2016. ID1285",Máximo,,Sem Subcategoria,ok,Teste,08/07/2026,FALSE
4339,"A distancia de mais de 30 cm, combinada com a falta de guarda corpo na parte superior da cabine, sujeitam à acidentes graves na atividade de manutenção.
Recomenda-se a instalação do guarda corpo sobre a cabina, item exigido por norma:
NM 207 8.12 Teto da cabina 8.12.1 Além dos requisitos de 8.3, o teto da cabina deve: 8.12.1 [...] c) dispor de uma balaustrada quando o espaço livre no plano horizontal para além da extremidade do teto da cabina exceder 0,30 m.
",Romulo,,Guarda Corpo,revisar,"Guarda Corpo, Balaustrada, Teto da Cabine, NM 207, Segurança na Manutenção, Risco de Queda",22/07/2026,FALSE
4340,"No quadro de força do elevador, os fusíveis possuem a especificação da corrente diferente.
Os fusíveis são dispositivos responsáveis pela proteção contra curto circuitos e sobrecarga elétrica.
A prática de adulterar fusíveis é condenável e sujeita o equipamento a queimas de componentes e módulos eletrônicos.
Necessita regularização.",Romulo,,Componentes Elétricos,revisar,"Quadro de Força, Proteção Elétrica, Sobrecarga, Curto-Circuito, Corrente Incompatível, Risco de Danos Eletrônicos.",22/07/2026,FALSE
4341,"Não constatamos irregularidades de manutenção no limitador de velocidade. 

Recomenda-se a instalação de uma proteção de polia para os limitadores de velocidade, conforme norma técnica.

NM207. 9.6.1 As polias motrizes e polias de desvio devem ser providas com dispositivos de acordo com a tabela 3 para evitar: a) danos ao corpo humano; b) que, se frouxos, os cabos saiam de suas ranhuras; c) a introdução de objetos entre os cabos e ranhuras
",Romulo,,Polia do Limitador,revisar,"Limitador de Velocidade, Proteção de Polia, NM 207, Proteção Mecânica, Segurança de Equipamento, Polia do Limitador.",22/07/2026,FALSE
4342,"A iluminação de emergência sobre a máquina de tração não funciona na falta de energia convencional.
Essa medida é essencial para garantir visibilidade adequada em caso de falta de energia, especialmente quando houver passageiros retidos na cabina.
A presença de iluminação de emergência permitirá que o técnico execute o resgate manual com segurança e eficiência diretamente na máquina de tração.
Recomenda-se a regularização. ​
NM207 6.3.6 Deve-se dispor de luz de emergência independente e automática, com uma autonomia mínima de 1 h, que assegure uma iluminação mínima de 10 lx sobre a máquina, de modo a garantir a realização das operações de resgate.

",Romulo,,Iluminação e Instalações Elétricas,revisar,"Iluminação de Emergência, Resgate Manual, Máquina de Tração, NM207, Falta de Energia, Operação de Emergência.",22/07/2026,FALSE
4286,"O elevador deve ser entregue novo e sem danos.
NM 207 0.3 Premissas Foram considerados possíveis riscos atribuíveis a cada componente que podem ser incorporados em uma instalação completa de elevador.
Regras adequadas foram estabelecidas.
0.3.1 Os componentes são:
a) projetados de acordo com a prática usual de engenharia e os códigos de cálculos, incluindo todos os critérios de falha;
b) de construção adequada tanto mecânica como eletricamente;
c) fabricados com materiais de resistência e qualidade adequadas; e
d) livres de defeitos.",Eliseu,,Sem Subcategoria,ok,"O elevador deve ser entregue novo e sem danos, norma",08/07/2026,FALSE
4346,"A botoeira de chamada do pavimento foi constatada com funcionamento irregular, não registrando as chamadas de forma consistente ou operando apenas sob condições específicas (modo duplex). 
Tal irregularidade compromete a funcionalidade do elevador e a experiência do usuário, impedindo o registro adequado das chamadas. 
Recomenda-se a inspeção detalhada do botão de chamada, de seus contatos elétricos, da fiação e do circuito de comunicação com o quadro de comando para identificar a causa da falha e proceder com os reparos ou substituições necessárias.
Necessita regularização. 
",Romulo,,Botoeiras e Indicadores de Posição,revisar,"Botoeira de Pavimento, Falha no Registro de Chamadas, Contatos Elétricos, Modo Duplex, Circuito de Comunicação, Reparo Elétrico.",23/07/2026,FALSE
4288,"Conforme contratado, estamos encaminhando o Laudo Técnico da Reinspeção realizada no dia 03/01/2017 do elevador 125664 instalado neste edifício., apontando o estado de regularização das pendências apontadas no laudo anterior, de 21/11/2016.",Eliseu,,Sem Subcategoria,ok,reinspeção capa,08/07/2026,FALSE
4289,"Prezados Senhores:
Conforme contratado, estamos encaminhando o Laudo Técnico de Inspeção dos elevadores XXXX e XXXX instalados neste edifício, relativo às inspeções realizadas no dia [DATA].
Neste laudo, foram apontadas inconformidades de segurança com a norma NBR 7192 e com a norma NM 207.
As instalações destes elevadores devem atender os requisitos mínimos de segurança da norma NBR 7192, que é a norma de segurança vigente na época da execução destas instalações. Todavia, recomendamos que também sejam executados os serviços apontados no laudo para regularização visando atender as exigências de segurança da norma atual NM 207, para que os elevadores possam ser disponibilizados ao uso em perfeitas condições de segurança.
Agradecendo a oportunidade de prestar-lhes nossos serviços, nos colocamos ao inteiro dispor de V.Sas. para eventuais esclarecimentos que se façam necessários.",Rômulo,,Sem Subcategoria,ok,nota no inicio do laudo recomendando atendimento à NM 207 em elevadores antigos,08/07/2026,FALSE
4290,"Prezados Senhores:
Realizamos o serviço de auditoria técnica de aceitação dos elevadores ThyssenKrupp 116377 (Elev. 1), 116376 (Elev. 2) e 134665 (Elev. 3) MRLS, instalados neste edifício.
Durante o processo de fornecimento, testamos e inspecionamos os elevadores quanto à sua montagem correta, o funcionamento de todos os dispositivos de segurança e a adequação do projeto às normas ABNT NM 207, NBR 16042 e NM 313.
Reportamos as irregularidades identificadas através de laudos técnicos e, em reinspeções, constatamos que as mesmas foram sanadas pelos fornecedores dos equipamentos durante a montagem.
No dia 06/06/2018, fizemos a reinspeção final da instalação, quando verificamos as condições do equipamento ao final da obra para entrega ao condomínio, detalhadas no laudo que segue.
Certificamos que os elevadores apresentaram-se em condições adequadas de uso e segurança, devendo receber adiante os procedimentos periódicos de manutenção envolvendo limpeza, ajustes e lubrificação.
Agradecendo a oportunidade de prestar nossos serviços, nos colocamos ao inteiro dispor de v.sas para eventuais esclarecimentos que se façam necessários.",Rômulo,,Sem Subcategoria,ok,Nota de primeira página para inspeção final de recebimento de elevadores novos.,08/07/2026,FALSE
4287,"O elevador deve ser entregue novo e sem danos.
NM 207 0.3 Premissas Foram considerados possíveis riscos atribuíveis a cada componente que podem ser incorporados em uma instalação completa de elevador.
Regras adequadas foram estabelecidas.
0.3.1 Os componentes são:
a) projetados de acordo com a prática usual de engenharia e os códigos de cálculos, incluindo todos os critérios de falha;
b) de construção adequada tanto mecânica como eletricamente;
c) fabricados com materiais de resistência e qualidade adequadas; e
d) livres de defeitos.",Eliseu,,Sem Subcategoria,ok,O elevador deve ser entregue novo e sem danos. norma,13/07/2026,FALSE
4343,"Existem indícios de infiltração na casa de máquinas, gotejando do teto.
O ambiente da casa de máquinas deve ser seco, arejado e limpo, visando preservar as boas condições de funcionamento e a vida útil dos componentes, particularmente os do quadro de comando.
Necessita regularização.
",Romulo,,"Piso, Janelas, Paredes e Teto",revisar,"Infiltração, Gotejamento, Teto, Casa de Máquinas, Proteção do Quadro de Comando, Umidade.",22/07/2026,FALSE
4344,"Existe componente elétrico abandonado no poço do elevador, deve-se proceder à sua retirada. 
NBR 16083 A manutenção inclui: a) lubrificação e limpeza. ​
Deve-se proceder à regularização.

",Romulo,,Iluminação e Instalações Elétricas,revisar,"Componente Elétrico Abandonado, Poço, Limpeza, NBR 16083, Remoção de Objetos, Organização.",22/07/2026,FALSE
4345,"As botoeiras de pavimentos foram modernizadas, encontrando-se atualizadas com acabamento em aço inox, indicadores digitais de posição.
No entanto, observa-se que o botão de chamada não possui identificação tátil em Braille, o que compromete a acessibilidade para pessoas com deficiência visual.
Recomenda-se providenciar a adequação do botão com a inclusão de sinalização em Braille, em conformidade com as normas técnicas de acessibilidade.
",Romulo,,Botoeiras e Indicadores de Posição,revisar,"Braille, Acessibilidade, Botoeira de Pavimento, Sinalização Tátil, Botão de Chamada, Adequação Normativa.",23/07/2026,FALSE
4347,"O mecanismo de fechamento automático da porta de pavimento, localizado na parte superior da folha, foi constatado exposto devido à ausência de sua tampa protetora. 
Uma tampa foi encontrada sobre a cabina, indicando o desprendimento da peça de sua posição original. 
A exposição do mecanismo o sujeita ao acúmulo de sujeira e detritos, o que pode ocasionar funcionamento pesado, ruidoso, desgaste prematuro dos componentes e comprometimento do fechamento automático da porta. 
Tal irregularidade afeta a durabilidade do equipamento e sua segurança operacional. 
Recomenda-se a reinstalação ou substituição da tampa protetora para assegurar a proteção e o correto funcionamento do mecanismo.

Necessita regularização.
",Romulo,,Fechamento Automático,revisar,"Automático, Tampa Protetora, Mecanismo Exposto, Porta de Pavimento, Proteção de Componentes, Sujeira e Detritos",23/07/2026,FALSE
4348,"Para modernização, recomenda-se a substituição do subteto da cabine por um novo, com design atualizado e sistema de iluminação mais eficiente, visando aprimorar o aspecto estético e a funcionalidade do equipamento.
",Romulo,,Modernização,revisar,"Subteto, Iluminação, Modernização, Estética, Design de Cabine, Eficiência Energética.",23/07/2026,FALSE
4349,"Mecanismos do operador da porta da cabina com acúmulo de sujeira e com funcionamento pesado e ruidoso. 
Tal irregularidade compromete a vida útil dos componentes devido a desgastes prematuros. Sujeita os componentes a mau contato, podendo causar paralisação nos elevadores.
NBR 16083 A manutenção inclui: a) lubrificação e limpeza.
Necessita limpeza, regulagem e lubrificação adequada.

",Romulo,,Operador de Portas,revisar,"Operador de Porta, Sujeira, Lubrificação e Limpeza, Porta da Cabina, Funcionamento Ruidoso, NBR 16083, Manutenção Preventiva.",23/07/2026,FALSE